iran|alborz|2023-12-01|30.33|9.39|27|14.51|3.81|22
iran|ardabil|2023-12-01|35.52|13.54|30|9.98|0.83|44
iran|bushehr|2023-12-01|32.88|9.68|39|10.55|3.78|43
iran|chaharmahal-and-bakhtiari|2023-12-01|31.84|7.97|29|10.26|0.8|36
iran|east-azerbaijan|2023-12-01|35.96|10.3|29|12.76|2.28|32
iran|fars|2023-12-01|30.7|9.98|33|12.75|3.13|34
iran|gilan|2023-12-01|30.81|9.37|41|10.34|1.17|34
iran|golestan|2023-12-01|27.83|8.71|42|11.63|0.96|37
iran|hamadan|2023-12-01|42.0|16.03|30|9.24|0.73|37
iran|hormozgan|2023-12-01|42.31|12.96|43|13.63|3.82|67
iran|isfahan|2023-12-01|37.77|9.54|27|11.07|1.2|24
iran|kerman|2023-12-01|27.72|9.15|37|11.24|1.83|37
iran|kermanshah|2023-12-01|38.49|9.56|41|9.78|2.71|42
iran|khorasan-razavi|2023-12-01|25.99|9.53|29|10.39|1.21|32
iran|khuzestan|2023-12-01|29.0|10.66|30|10.95|2.73|42
iran|kohgiluyeh-va-boyer-ahmad|2023-12-01|32.04|12.08|32|0.0|0.0|0
iran|kurdistan|2023-12-01|35.28|9.56|33|7.01|0.57|45
iran|lorestan|2023-12-01|36.46|15.14|35|8.53|0.78|41
iran|markazi|2023-12-01|31.86|9.12|38|8.9|0.76|33
iran|mazandaran|2023-12-01|27.66|7.43|31|12.34|3.17|31
iran|qazvin|2023-12-01|34.08|12.05|28|11.71|0.96|27
iran|qom|2023-12-01|34.06|9.94|27|11.96|2.14|28
iran|semnan|2023-12-01|31.46|10.52|32|11.0|0.82|23
iran|sistan-and-baluchestan|2023-12-01|21.89|8.52|49|12.93|3.09|59
iran|south-khorasan|2023-12-01|0.0|0.0|0|11.46|0.82|36
iran|tehran|2023-12-01|30.25|8.46|26|13.29|2.46|24
iran|west-azerbaijan|2023-12-01|34.13|11.18|32|9.42|0.85|38
iran|yazd|2023-12-01|33.08|8.38|30|12.25|1.79|30
iran|zanjan|2023-12-01|35.45|12.44|32|8.26|0.79|35
iran|karaj|2023-12-01|30.65|9.45|27|13.48|3.14|25
iran|ardabil|2023-12-01|32.75|12.49|30|10.79|1.65|43
iran|bandar-bushehr|2023-12-01|40.58|12.17|37|11.02|4.46|41
iran|khoy|2023-12-01|0.0|0.0|0|6.71|0.72|55
iran|tabriz|2023-12-01|34.29|9.89|30|13.08|2.92|32
iran|shiraz|2023-12-01|31.21|10.36|33|12.92|3.14|34
iran|rasht|2023-12-01|32.42|10.93|41|9.93|1.16|33
iran|gorgan|2023-12-01|30.88|8.18|41|12.0|1.12|35
iran|hamedan|2023-12-01|0.0|0.0|0|9.91|0.78|35
iran|bandar-abbas|2023-12-01|36.09|14.5|39|13.09|2.91|67
iran|isfahan|2023-12-01|36.47|9.54|28|11.19|1.22|24
iran|kashan|2023-12-01|0.0|0.0|0|8.63|0.8|27
iran|khomeyni-shahr|2023-12-01|0.0|0.0|0|11.82|1.34|22
iran|kerman|2023-12-01|29.71|9.55|34|10.34|1.39|34
iran|kermanshah|2023-12-01|36.81|9.37|41|9.89|2.87|41
iran|mashhad|2023-12-01|25.88|9.75|29|10.38|1.4|33
iran|ahvaz|2023-12-01|26.82|11.16|28|11.35|2.66|43
iran|dezful|2023-12-01|27.65|9.66|28|7.68|0.88|43
iran|sanandaj|2023-12-01|38.68|9.38|31|7.01|0.43|43
iran|arak|2023-12-01|29.98|11.11|38|11.98|0.84|33
iran|amol|2023-12-01|25.21|5.97|32|10.41|1.56|32
iran|sari|2023-12-01|27.12|7.98|31|10.02|0.85|36
iran|qazvin|2023-12-01|39.15|12.72|28|9.44|0.87|30
iran|qom|2023-12-01|33.77|9.54|27|13.29|1.45|25
iran|zahedan|2023-12-01|23.25|9.19|45|13.04|2.46|54
iran|birjand|2023-12-01|0.0|0.0|0|12.13|0.82|34
iran|eslamshahr|2023-12-01|27.01|9.26|23|12.37|2.02|30
iran|pardis|2023-12-01|27.36|10.63|24|0.0|0.0|0
iran|rey|2023-12-01|21.88|5.92|23|8.92|0.92|26
iran|shahriar|2023-12-01|44.53|10.89|23|14.71|7.94|19
iran|tajrish|2023-12-01|40.47|12.67|22|16.8|3.8|17
iran|tehran|2023-12-01|29.95|8.28|26|13.15|2.35|24
iran|urmia|2023-12-01|33.8|10.72|31|10.88|1.4|37
iran|yazd|2023-12-01|32.69|8.25|30|11.76|0.93|32
iran|zanjan|2023-12-01|0.0|0.0|0|8.75|1.03|30
iraq|al-anbar|2023-12-01|18.44|12.15|27|23.66|11.86|17
iraq|an-najaf|2023-12-01|37.63|17.4|18|31.37|29.01|31
iraq|babil|2023-12-01|24.15|13.96|40|22.45|14.37|114
iraq|baghdad|2023-12-01|25.97|13.62|18|37.08|30.17|4
iraq|basrah|2023-12-01|26.86|15.37|16|16.3|15.49|34
iraq|diyala|2023-12-01|27.44|18.04|19|13.21|16.99|13
iraq|duhok|2023-12-01|39.64|13.36|23|14.12|13.31|10
iraq|erbil|2023-12-01|35.65|13.4|19|24.7|23.46|6
iraq|karbala|2023-12-01|36.17|18.36|30|8.71|8.63|78
iraq|kirkuk|2023-12-01|32.72|17.98|18|30.12|28.37|80
iraq|ninawa|2023-12-01|28.24|15.23|20|32.08|27.79|5
iraq|salah-al-din|2023-12-01|32.27|19.14|24|26.27|23.05|104
iraq|sulaymaniyah|2023-12-01|26.27|13.24|20|63.5|62.87|4
iraq|ramadi|2023-12-01|0.0|0.0|0|15.45|11.53|35
iraq|najaf|2023-12-01|36.7|16.42|17|30.76|28.5|36
iraq|hillah|2023-12-01|32.04|16.09|49|27.57|14.9|117
iraq|baghdad|2023-12-01|26.07|13.5|18|37.29|30.3|4
iraq|basrah|2023-12-01|26.68|16.17|16|20.07|18.54|51
iraq|baqubah|2023-12-01|0.0|0.0|0|12.15|16.47|15
iraq|duhok|2023-12-01|38.67|14.36|23|0.0|0.0|0
iraq|erbil|2023-12-01|34.43|13.31|19|29.47|28.85|5
iraq|karbala|2023-12-01|35.8|18.55|30|0.0|0.0|0
iraq|kirkuk|2023-12-01|34.86|19.27|18|30.18|28.61|80
iraq|mosul|2023-12-01|27.72|15.58|19|49.55|28.12|4
iraq|sulaymaniyah|2023-12-01|27.3|14.14|20|60.98|57.53|4
ireland|carlow|2023-12-01|63.46|14.46|22|127.72|43.88|9
ireland|cavan|2023-12-01|13.03|5.66|24|73.14|30.4|9
ireland|clare|2023-12-01|20.7|9.57|26|145.61|49.52|10
ireland|cork|2023-12-01|47.04|9.69|23|95.04|40.1|11
ireland|donegal|2023-12-01|18.97|7.35|26|88.67|41.62|9
ireland|dublin|2023-12-01|43.76|8.41|21|145.72|36.1|9
ireland|galway|2023-12-01|46.73|11.1|24|113.53|47.22|10
ireland|kerry|2023-12-01|29.54|9.03|27|82.57|41.18|10
ireland|kildare|2023-12-01|37.78|8.33|21|154.39|40.61|9
ireland|kilkenny|2023-12-01|34.16|9.18|25|88.76|34.62|9
ireland|laois|2023-12-01|34.09|8.93|22|185.81|48.55|7
ireland|leitrim|2023-12-01|0.0|0.0|0|61.78|18.97|11
ireland|limerick|2023-12-01|45.85|11.05|23|134.78|46.94|10
ireland|longford|2023-12-01|0.0|0.0|0|109.74|30.3|9
ireland|louth|2023-12-01|44.38|6.53|21|118.15|47.61|7
ireland|mayo|2023-12-01|31.31|8.1|26|75.99|30.8|11
ireland|meath|2023-12-01|41.47|6.88|21|117.01|46.51|8
ireland|monaghan|2023-12-01|16.41|7.9|24|95.97|42.82|7
ireland|offaly|2023-12-01|38.51|8.9|21|100.7|41.01|9
ireland|roscommon|2023-12-01|0.0|0.0|0|78.39|40.6|9
ireland|sligo|2023-12-01|42.38|9.05|24|80.46|25.93|10
ireland|tipperary|2023-12-01|42.82|12.2|23|92.39|38.36|10
ireland|waterford|2023-12-01|41.79|11.06|22|137.01|43.1|11
ireland|westmeath|2023-12-01|58.38|12.32|22|114.73|47.34|8
ireland|wexford|2023-12-01|32.51|7.79|23|141.13|48.33|8
ireland|wicklow|2023-12-01|33.79|6.83|23|129.74|41.36|8
ireland|carlow|2023-12-01|0.0|0.0|0|163.36|48.09|8
ireland|cavan|2023-12-01|0.0|0.0|0|67.54|30.36|8
ireland|ennis|2023-12-01|0.0|0.0|0|164.99|50.03|11
ireland|ballincollig|2023-12-01|0.0|0.0|0|139.32|47.28|10
ireland|carrigaline|2023-12-01|0.0|0.0|0|178.11|50.39|9
ireland|cobh|2023-12-01|0.0|0.0|0|169.74|50.09|11
ireland|cork|2023-12-01|74.9|11.45|21|132.86|46.17|10
ireland|letterkenny|2023-12-01|0.0|0.0|0|137.78|50.55|8
ireland|balbriggan|2023-12-01|0.0|0.0|0|216.15|50.56|6
ireland|carrickmines|2023-12-01|0.0|0.0|0|94.91|41.04|10
ireland|clondalkin|2023-12-01|0.0|0.0|0|193.83|37.49|9
ireland|dublin|2023-12-01|45.22|8.65|21|141.21|34.83|10
ireland|lucan|2023-12-01|0.0|0.0|0|251.36|47.95|7
ireland|malahide|2023-12-01|0.0|0.0|0|157.85|35.95|9
ireland|swords|2023-12-01|0.0|0.0|0|188.55|44.91|7
ireland|galway|2023-12-01|85.94|16.82|23|146.23|45.68|12
ireland|tuam|2023-12-01|0.0|0.0|0|106.48|46.96|11
ireland|tralee|2023-12-01|0.0|0.0|0|98.63|47.25|10
ireland|athy|2023-12-01|0.0|0.0|0|123.97|43.12|9
ireland|celbridge|2023-12-01|0.0|0.0|0|204.27|41.75|9
ireland|kildare|2023-12-01|0.0|0.0|0|142.13|36.76|8
ireland|naas|2023-12-01|0.0|0.0|0|158.52|45.76|7
ireland|newbridge|2023-12-01|0.0|0.0|0|129.63|40.12|9
ireland|kilkenny|2023-12-01|0.0|0.0|0|124.8|42.36|9
ireland|portlaoise|2023-12-01|0.0|0.0|0|200.32|49.96|6
ireland|limerick|2023-12-01|71.54|12.09|22|153.12|48.78|9
ireland|longford|2023-12-01|0.0|0.0|0|109.67|29.96|10
ireland|drogheda|2023-12-01|0.0|0.0|0|131.18|49.46|6
ireland|dundalk|2023-12-01|0.0|0.0|0|168.84|46.46|7
ireland|ballina|2023-12-01|0.0|0.0|0|92.5|45.53|11
ireland|castlebar|2023-12-01|0.0|0.0|0|150.54|47.1|11
ireland|ashbourne|2023-12-01|0.0|0.0|0|214.77|50.26|7
ireland|trim|2023-12-01|0.0|0.0|0|81.52|27.24|9
ireland|tullamore|2023-12-01|0.0|0.0|0|108.09|40.98|9
ireland|roscommon|2023-12-01|0.0|0.0|0|78.58|41.04|9
ireland|sligo|2023-12-01|0.0|0.0|0|89.64|29.05|10
ireland|clonmel|2023-12-01|0.0|0.0|0|100.92|39.75|11
ireland|thurles|2023-12-01|0.0|0.0|0|91.58|25.17|12
ireland|tramore|2023-12-01|0.0|0.0|0|102.16|43.84|9
ireland|waterford|2023-12-01|0.0|0.0|0|135.71|42.94|11
ireland|athlone|2023-12-01|0.0|0.0|0|100.59|44.28|9
ireland|mullingar|2023-12-01|0.0|0.0|0|130.18|48.82|7
ireland|wexford|2023-12-01|0.0|0.0|0|208.43|50.52|7
ireland|arklow|2023-12-01|0.0|0.0|0|185.11|44.24|8
ireland|bray|2023-12-01|0.0|0.0|0|159.8|35.84|10
ireland|greystones|2023-12-01|0.0|0.0|0|141.13|40.2|9
ireland|wicklow|2023-12-01|0.0|0.0|0|121.1|41.36|8
israel|center-district|2023-12-01|42.18|8.73|22|204.74|76.21|7
israel|haifa-district|2023-12-01|45.3|9.77|23|169.11|68.13|7
israel|jerusalem-district|2023-12-01|30.28|8.31|24|78.11|19.0|9
israel|judea-and-samaria-district|2023-12-01|0.0|0.0|0|262.02|89.29|6
israel|north-district|2023-12-01|37.39|8.1|26|146.7|62.3|9
israel|south-district|2023-12-01|38.7|9.8|25|202.28|77.75|8
israel|tel-aviv-district|2023-12-01|40.55|9.47|23|188.6|73.81|6
israel|bat-yam|2023-12-01|39.94|9.86|21|283.04|91.85|4
israel|be'er-ya'akov|2023-12-01|0.0|0.0|0|269.62|94.26|5
israel|el'ad|2023-12-01|0.0|0.0|0|194.16|84.58|6
israel|elishama|2023-12-01|0.0|0.0|0|240.39|68.79|6
israel|even-yehuda|2023-12-01|0.0|0.0|0|226.84|86.48|6
israel|gan-yavne|2023-12-01|0.0|0.0|0|237.68|89.08|7
israel|ganei-tikva|2023-12-01|0.0|0.0|0|268.64|94.87|5
israel|gedera|2023-12-01|0.0|0.0|0|197.25|68.12|6
israel|gimzo|2023-12-01|0.0|0.0|0|305.3|97.25|6
israel|giv'at-shmuel|2023-12-01|0.0|0.0|0|215.42|79.96|5
israel|hod-hasharon|2023-12-01|0.0|0.0|0|277.23|94.68|5
israel|holon|2023-12-01|33.81|7.82|23|240.05|86.13|5
israel|jaljulia|2023-12-01|0.0|0.0|0|279.16|96.6|6
israel|kadima-tzoran|2023-12-01|0.0|0.0|0|222.88|73.9|7
israel|kafr-qasim|2023-12-01|0.0|0.0|0|209.43|92.92|5
israel|kefar-sava|2023-12-01|42.72|8.36|22|214.53|60.68|8
israel|kfar-ma'as|2023-12-01|0.0|0.0|0|258.15|94.36|5
israel|kfar-yona|2023-12-01|0.0|0.0|0|226.32|78.48|6
israel|kokhav-ya'ir-tzur-yigal|2023-12-01|0.0|0.0|0|108.52|46.21|7
israel|lod|2023-12-01|0.0|0.0|0|233.12|68.89|5
israel|magshimim|2023-12-01|0.0|0.0|0|265.95|96.71|4
israel|mazkeret-batya|2023-12-01|0.0|0.0|0|263.01|94.8|6
israel|modi'in-maccabim-re'ut|2023-12-01|69.87|9.5|21|197.69|80.01|6
israel|nehalim|2023-12-01|0.0|0.0|0|297.93|93.04|5
israel|ness-ziona|2023-12-01|0.0|0.0|0|265.89|92.58|4
israel|netanya|2023-12-01|58.51|12.87|21|251.06|82.26|5
israel|neve-yamin|2023-12-01|0.0|0.0|0|215.83|10.28|10
israel|nir-eliyahu|2023-12-01|0.0|0.0|0|202.4|10.17|10
israel|qalansawe|2023-12-01|0.0|0.0|0|198.56|55.95|10
israel|ra'anana|2023-12-01|51.24|8.2|22|216.41|83.11|5
israel|ramla|2023-12-01|0.0|0.0|0|224.42|89.74|5
israel|ramot-hashavim|2023-12-01|0.0|0.0|0|196.25|52.7|9
israel|rehovot|2023-12-01|35.98|10.31|22|213.17|86.4|5
israel|rosh-haayin|2023-12-01|49.52|9.42|21|164.25|68.56|6
israel|savyon|2023-12-01|0.0|0.0|0|309.44|96.97|5
israel|sdei-hemed|2023-12-01|0.0|0.0|0|246.41|44.86|9
israel|shoham|2023-12-01|0.0|0.0|0|238.15|91.0|5
israel|tayibe|2023-12-01|0.0|0.0|0|159.34|39.2|8
israel|tel-mond|2023-12-01|0.0|0.0|0|260.11|82.71|6
israel|tira|2023-12-01|0.0|0.0|0|205.59|10.58|10
israel|yavne|2023-12-01|0.0|0.0|0|246.86|83.82|5
israel|yehud-monosson|2023-12-01|0.0|0.0|0|264.7|93.82|5
israel|zemer|2023-12-01|0.0|0.0|0|93.37|48.57|7
israel|baqa-al-gharbiyye|2023-12-01|0.0|0.0|0|94.82|69.22|7
israel|binyamina-giv'at-ada|2023-12-01|0.0|0.0|0|212.74|73.6|7
israel|caesarea|2023-12-01|0.0|0.0|0|182.44|77.67|6
israel|hadera|2023-12-01|47.22|11.5|21|198.79|64.76|6
israel|haifa|2023-12-01|56.14|11.49|23|191.14|56.8|8
israel|harish|2023-12-01|0.0|0.0|0|155.2|86.07|5
israel|jat|2023-12-01|0.0|0.0|0|113.51|73.01|6
israel|kafr-qara|2023-12-01|0.0|0.0|0|93.79|13.89|10
israel|kiryat-ata|2023-12-01|0.0|0.0|0|168.26|32.63|9
israel|kiryat-bialik|2023-12-01|0.0|0.0|0|213.92|72.36|7
israel|kiryat-motzkin|2023-12-01|0.0|0.0|0|277.13|94.01|7
israel|kiryat-yam|2023-12-01|0.0|0.0|0|228.23|74.9|7
israel|meiser|2023-12-01|0.0|0.0|0|175.06|89.7|5
israel|nesher|2023-12-01|0.0|0.0|0|250.89|84.03|7
israel|or-akiva|2023-12-01|0.0|0.0|0|279.75|76.78|6
israel|pardes-hanna-karkur|2023-12-01|0.0|0.0|0|234.46|67.57|7
israel|tirat-carmel|2023-12-01|0.0|0.0|0|236.67|50.85|5
israel|umm-al-fahm|2023-12-01|0.0|0.0|0|76.71|22.81|8
israel|umm-al-qutuf|2023-12-01|0.0|0.0|0|93.72|74.93|6
israel|zikhron-ya'akov|2023-12-01|0.0|0.0|0|150.58|66.32|8
israel|bet-shemesh|2023-12-01|0.0|0.0|0|131.9|47.87|9
israel|jerusalem|2023-12-01|29.17|8.34|24|73.53|16.51|9
israel|ma'ale-adumim|2023-12-01|0.0|0.0|0|262.02|89.29|6
israel|acre|2023-12-01|0.0|0.0|0|252.43|84.21|8
israel|afula|2023-12-01|0.0|0.0|0|230.8|71.67|7
israel|beit-jann|2023-12-01|0.0|0.0|0|140.53|114.74|8
israel|karmiel|2023-12-01|0.0|0.0|0|207.28|77.63|8
israel|ma'alot-tarshiha|2023-12-01|0.0|0.0|0|230.5|63.55|10
israel|migdal-haemek|2023-12-01|0.0|0.0|0|238.42|61.87|8
israel|nahariyya|2023-12-01|0.0|0.0|0|267.29|81.13|8
israel|nazareth|2023-12-01|0.0|0.0|0|90.17|19.77|9
israel|nazareth-iliit|2023-12-01|0.0|0.0|0|238.75|90.44|9
israel|safed|2023-12-01|0.0|0.0|0|176.28|22.76|12
israel|shefa-'amr|2023-12-01|0.0|0.0|0|90.74|10.64|9
israel|tamra|2023-12-01|0.0|0.0|0|88.68|9.73|12
israel|tiberias|2023-12-01|0.0|0.0|0|104.02|37.52|11
israel|yarka|2023-12-01|0.0|0.0|0|93.83|86.57|10
israel|yokne'am-illit|2023-12-01|0.0|0.0|0|273.04|84.99|7
israel|be'er-sheva|2023-12-01|46.5|12.88|23|249.86|85.65|7
israel|dimona|2023-12-01|0.0|0.0|0|264.24|86.48|11
israel|eilat|2023-12-01|76.72|18.32|24|208.45|78.71|12
israel|kiryat-gat|2023-12-01|0.0|0.0|0|255.38|83.11|7
israel|netivot|2023-12-01|0.0|0.0|0|271.98|81.33|8
israel|sderot|2023-12-01|0.0|0.0|0|201.98|92.85|7
israel|bnei-brak|2023-12-01|49.07|13.32|21|107.33|60.92|6
israel|giv'atayim|2023-12-01|38.19|10.46|21|222.91|76.64|5
israel|kiryat-ono|2023-12-01|0.0|0.0|0|263.4|93.8|5
israel|ramat-gan|2023-12-01|37.26|8.83|22|215.75|77.32|6
israel|ramat-hasharon|2023-12-01|0.0|0.0|0|224.13|90.84|5
israel|tel-aviv-yafo|2023-12-01|39.2|9.18|23|176.72|69.81|6
italy|abruzzo|2023-12-01|50.12|10.27|33|70.9|19.97|14
italy|aosta|2023-12-01|46.32|9.12|31|33.55|10.46|16
italy|apulia|2023-12-01|50.62|10.51|42|83.27|19.94|13
italy|basilicata|2023-12-01|43.18|10.81|45|72.2|19.86|19
italy|calabria|2023-12-01|53.27|11.46|42|61.07|19.15|15
italy|campania|2023-12-01|39.52|9.22|37|73.25|19.64|12
italy|emilia-romagna|2023-12-01|53.74|9.68|29|72.2|19.94|13
italy|friuli-venezia-giulia|2023-12-01|54.46|10.79|35|66.04|19.44|15
italy|lazio|2023-12-01|45.73|9.98|33|85.52|20.57|8
italy|liguria|2023-12-01|53.86|11.5|30|82.56|20.15|10
italy|lombardy|2023-12-01|49.65|9.8|29|73.41|20.14|9
italy|marche|2023-12-01|44.95|9.04|36|56.28|18.8|17
italy|molise|2023-12-01|47.22|10.79|41|52.35|19.01|18
italy|piedmont|2023-12-01|49.78|11.35|29|70.55|19.97|11
italy|sardinia|2023-12-01|50.9|11.76|41|69.04|19.69|15
italy|sicily|2023-12-01|50.41|11.79|43|88.52|20.24|22
italy|trentino-alto-adigesouth-tyrol|2023-12-01|47.12|10.19|34|60.89|19.99|11
italy|tuscany|2023-12-01|39.5|9.91|37|58.81|19.02|14
italy|umbria|2023-12-01|40.33|9.08|37|55.45|19.16|17
italy|veneto|2023-12-01|54.44|9.88|31|62.09|19.32|14
italy|avezzano|2023-12-01|0.0|0.0|0|78.39|20.13|16
italy|chieti|2023-12-01|58.67|12.57|32|95.02|39.89|14
italy|francavilla-al-mare|2023-12-01|0.0|0.0|0|136.52|100.77|13
italy|l'aquila|2023-12-01|72.59|14.93|32|104.91|64.07|15
italy|lanciano|2023-12-01|0.0|0.0|0|148.96|110.37|10
italy|luco-dei-marsi|2023-12-01|0.0|0.0|0|29.61|13.27|18
italy|montesilvano|2023-12-01|56.92|10.81|29|173.82|117.23|13
italy|pescara|2023-12-01|60.78|11.61|26|119.1|60.93|12
italy|spoltore|2023-12-01|0.0|0.0|0|66.63|19.96|8
italy|sulmona|2023-12-01|0.0|0.0|0|87.68|75.01|8
italy|teramo|2023-12-01|64.69|12.21|27|91.47|42.42|17
italy|vasto|2023-12-01|0.0|0.0|0|203.72|139.58|14
italy|aosta|2023-12-01|0.0|0.0|0|88.39|19.92|12
italy|acquaviva-delle-fonti|2023-12-01|0.0|0.0|0|78.49|19.32|14
italy|adelfia|2023-12-01|0.0|0.0|0|74.72|19.41|14
italy|altamura|2023-12-01|0.0|0.0|0|96.42|25.58|17
italy|andria|2023-12-01|57.7|13.05|37|82.63|19.88|12
italy|bari|2023-12-01|53.13|13.68|39|106.3|44.06|14
italy|barletta|2023-12-01|48.95|11.87|42|173.79|114.79|13
italy|bisceglie|2023-12-01|0.0|0.0|0|151.61|111.62|10
italy|bitonto|2023-12-01|0.0|0.0|0|145.21|85.27|10
italy|brindisi|2023-12-01|57.56|15.57|39|198.38|138.26|15
italy|canosa-di-puglia|2023-12-01|0.0|0.0|0|71.41|18.55|16
italy|capurso|2023-12-01|0.0|0.0|0|76.21|19.55|12
italy|casamassima|2023-12-01|0.0|0.0|0|93.04|19.84|14
italy|cerignola|2023-12-01|0.0|0.0|0|92.3|19.62|10
italy|conversano|2023-12-01|0.0|0.0|0|71.1|19.66|14
italy|copertino|2023-12-01|0.0|0.0|0|75.04|20.05|11
italy|corato|2023-12-01|0.0|0.0|0|130.16|84.83|13
italy|fasano|2023-12-01|0.0|0.0|0|56.05|17.91|17
italy|foggia|2023-12-01|44.56|11.5|37|128.94|47.42|13
italy|francavilla-fontana|2023-12-01|0.0|0.0|0|68.68|18.77|14
italy|galatina|2023-12-01|0.0|0.0|0|76.07|19.56|13
italy|gioia-del-colle|2023-12-01|0.0|0.0|0|80.78|19.28|15
italy|grottaglie|2023-12-01|0.0|0.0|0|65.0|18.76|18
italy|lecce|2023-12-01|63.47|15.69|39|95.22|40.13|15
italy|lucera|2023-12-01|0.0|0.0|0|89.29|19.44|13
italy|manduria|2023-12-01|0.0|0.0|0|62.11|19.07|13
italy|manfredonia|2023-12-01|0.0|0.0|0|159.05|83.86|14
italy|martina-franca|2023-12-01|0.0|0.0|0|120.27|57.96|15
italy|massafra|2023-12-01|0.0|0.0|0|75.85|19.32|17
italy|mesagne|2023-12-01|0.0|0.0|0|69.11|19.67|10
italy|modugno|2023-12-01|0.0|0.0|0|124.05|47.35|11
italy|molfetta|2023-12-01|0.0|0.0|0|178.52|132.21|11
italy|monopoli|2023-12-01|0.0|0.0|0|180.16|122.62|12
italy|nardo|2023-12-01|0.0|0.0|0|67.33|19.37|12
italy|noci|2023-12-01|0.0|0.0|0|69.54|19.25|15
italy|noicattaro|2023-12-01|0.0|0.0|0|71.74|19.21|16
italy|ostuni|2023-12-01|0.0|0.0|0|94.33|19.39|16
italy|putignano|2023-12-01|0.0|0.0|0|75.0|19.68|15
italy|rutigliano|2023-12-01|0.0|0.0|0|65.84|19.24|17
italy|ruvo-di-puglia|2023-12-01|0.0|0.0|0|78.95|19.05|15
italy|san-severo|2023-12-01|0.0|0.0|0|89.63|19.16|12
italy|santeramo-in-colle|2023-12-01|0.0|0.0|0|71.54|18.76|19
italy|taranto|2023-12-01|55.23|15.07|43|146.11|79.46|12
italy|terlizzi|2023-12-01|0.0|0.0|0|102.66|19.75|11
italy|trani|2023-12-01|0.0|0.0|0|100.66|28.05|11
italy|valenzano|2023-12-01|0.0|0.0|0|71.5|18.97|16
italy|matera|2023-12-01|0.0|0.0|0|157.28|106.5|16
italy|potenza|2023-12-01|46.9|16.09|40|150.86|87.88|16
italy|catanzaro|2023-12-01|66.04|14.64|29|70.83|20.02|13
italy|cosenza|2023-12-01|47.16|13.25|41|124.84|53.74|21
italy|crotone|2023-12-01|62.38|17.2|39|138.3|58.68|23
italy|lamezia-terme|2023-12-01|0.0|0.0|0|68.77|19.78|12
italy|reggio-calabria|2023-12-01|63.52|15.03|41|84.33|19.93|22
italy|acerra|2023-12-01|0.0|0.0|0|77.04|19.96|10
italy|afragola|2023-12-01|34.55|8.2|33|62.74|19.02|11
italy|angri|2023-12-01|0.0|0.0|0|52.74|17.9|14
italy|arpino|2023-12-01|0.0|0.0|0|106.4|71.94|9
italy|arzano|2023-12-01|0.0|0.0|0|75.34|18.99|11
italy|avellino|2023-12-01|33.98|12.33|37|92.56|19.97|14
italy|aversa|2023-12-01|42.56|10.68|35|73.0|19.31|10
italy|battipaglia|2023-12-01|30.16|7.68|35|177.41|104.22|13
italy|benevento|2023-12-01|63.91|16.6|34|102.24|54.74|15
italy|boscoreale|2023-12-01|0.0|0.0|0|65.61|19.17|11
italy|brusciano|2023-12-01|0.0|0.0|0|61.26|18.99|11
italy|caivano|2023-12-01|0.0|0.0|0|64.24|18.77|11
italy|cardito|2023-12-01|0.0|0.0|0|68.28|19.43|11
italy|casal-di-principe|2023-12-01|0.0|0.0|0|63.94|19.06|11
italy|casalnuovo-di-napoli|2023-12-01|0.0|0.0|0|80.17|20.3|10
italy|casavatore|2023-12-01|0.0|0.0|0|73.85|19.28|11
italy|caserta|2023-12-01|42.96|9.06|33|97.71|34.8|11
italy|casoria|2023-12-01|39.72|11.2|40|97.54|20.56|11
italy|castel-volturno|2023-12-01|0.0|0.0|0|49.32|16.75|14
italy|castellammare-di-stabia|2023-12-01|0.0|0.0|0|142.95|71.34|11
italy|castello-di-cisterna|2023-12-01|0.0|0.0|0|55.12|18.44|14
italy|cava-de'-tirreni|2023-12-01|0.0|0.0|0|82.28|21.15|13
italy|cercola|2023-12-01|0.0|0.0|0|65.92|18.94|11
italy|ercolano|2023-12-01|0.0|0.0|0|62.5|18.82|12
italy|frattamaggiore|2023-12-01|0.0|0.0|0|67.79|19.07|12
italy|giugliano-in-campania|2023-12-01|28.61|7.22|35|100.62|24.92|11
italy|gragnano|2023-12-01|0.0|0.0|0|67.07|19.33|12
italy|ischia|2023-12-01|0.0|0.0|0|45.91|16.7|12
italy|maddaloni|2023-12-01|0.0|0.0|0|59.84|18.97|12
italy|marano-di-napoli|2023-12-01|0.0|0.0|0|93.6|24.55|9
italy|marcianise|2023-12-01|0.0|0.0|0|64.44|18.92|12
italy|mariglianella|2023-12-01|0.0|0.0|0|57.3|18.67|11
italy|marigliano|2023-12-01|0.0|0.0|0|60.11|18.85|11
italy|melito-di-napoli|2023-12-01|0.0|0.0|0|173.51|104.2|10
italy|mercato-san-severino|2023-12-01|0.0|0.0|0|51.72|17.77|14
italy|monterusciello|2023-12-01|0.0|0.0|0|70.11|20.17|10
italy|mugnano-di-napoli|2023-12-01|0.0|0.0|0|177.48|103.12|11
italy|naples|2023-12-01|48.04|12.0|36|112.8|67.83|10
italy|nocera-inferiore|2023-12-01|34.08|8.24|35|64.2|19.19|11
italy|nocera-superiore|2023-12-01|0.0|0.0|0|56.8|18.26|12
italy|nola|2023-12-01|0.0|0.0|0|73.95|19.85|10
italy|orta-di-atella|2023-12-01|0.0|0.0|0|82.2|19.1|11
italy|ottaviano|2023-12-01|0.0|0.0|0|59.15|18.52|11
italy|pagani|2023-12-01|0.0|0.0|0|68.35|18.78|12
italy|palma-campania|2023-12-01|0.0|0.0|0|59.32|18.92|10
italy|poggiomarino|2023-12-01|0.0|0.0|0|62.98|19.51|11
italy|pollena-trocchia|2023-12-01|0.0|0.0|0|58.3|18.76|12
italy|pomigliano-d'arco|2023-12-01|0.0|0.0|0|63.66|18.9|13
italy|pompei|2023-12-01|0.0|0.0|0|59.77|18.8|12
italy|portici|2023-12-01|0.0|0.0|0|128.7|60.28|10
italy|pozzuoli|2023-12-01|56.04|10.59|35|67.5|18.44|11
italy|qualiano|2023-12-01|0.0|0.0|0|56.67|18.06|12
italy|quarto|2023-12-01|0.0|0.0|0|56.81|18.83|11
italy|salerno|2023-12-01|59.41|12.54|31|95.35|43.73|15
italy|san-felice-a-cancello|2023-12-01|0.0|0.0|0|62.63|19.71|13
italy|san-gennaro-vesuviano|2023-12-01|0.0|0.0|0|53.61|18.82|11
italy|san-giorgio-a-cremano|2023-12-01|0.0|0.0|0|106.74|46.05|11
italy|san-giuseppe-vesuviano|2023-12-01|0.0|0.0|0|61.0|18.74|10
italy|san-nicola-la-strada|2023-12-01|0.0|0.0|0|71.11|19.28|11
italy|san-sebastiano-al-vesuvio|2023-12-01|0.0|0.0|0|55.66|18.46|11
italy|sant'anastasia|2023-12-01|0.0|0.0|0|58.95|18.68|12
italy|sant'antimo|2023-12-01|0.0|0.0|0|66.15|18.92|11
italy|sant'antonio-abate|2023-12-01|0.0|0.0|0|61.43|19.19|12
italy|sant'arpino|2023-12-01|0.0|0.0|0|59.43|17.32|11
italy|santa-maria-a-vico|2023-12-01|0.0|0.0|0|67.68|19.51|13
italy|santa-maria-capua-vetere|2023-12-01|0.0|0.0|0|61.93|18.93|12
italy|sarno|2023-12-01|0.0|0.0|0|85.72|20.2|9
italy|saviano|2023-12-01|0.0|0.0|0|55.73|18.95|10
italy|scafati|2023-12-01|0.0|0.0|0|83.28|19.64|14
italy|solofra|2023-12-01|0.0|0.0|0|53.38|18.97|16
italy|somma-vesuviana|2023-12-01|0.0|0.0|0|63.67|19.08|11
italy|terzigno|2023-12-01|0.0|0.0|0|61.05|18.77|12
italy|torre-annunziata|2023-12-01|0.0|0.0|0|83.52|19.57|11
italy|torre-del-greco|2023-12-01|0.0|0.0|0|76.96|19.38|12
italy|vico-equense|2023-12-01|0.0|0.0|0|38.48|9.09|27
italy|villaricca|2023-12-01|0.0|0.0|0|83.15|20.1|9
italy|volla|2023-12-01|0.0|0.0|0|75.01|19.49|10
italy|bologna|2023-12-01|63.93|11.79|25|108.38|53.95|11
italy|carpi|2023-12-01|54.86|9.53|30|105.85|35.34|12
italy|casalecchio-di-reno|2023-12-01|0.0|0.0|0|227.61|131.09|9
italy|casalgrande|2023-12-01|0.0|0.0|0|62.78|19.19|16
italy|castel-maggiore|2023-12-01|0.0|0.0|0|91.01|26.96|11
italy|castelfranco-emilia|2023-12-01|0.0|0.0|0|78.33|19.53|13
italy|cavriago|2023-12-01|0.0|0.0|0|72.07|20.08|8
italy|cervia|2023-12-01|0.0|0.0|0|60.0|18.26|16
italy|cesena|2023-12-01|51.28|11.62|30|64.61|19.61|13
italy|cesenatico|2023-12-01|0.0|0.0|0|56.04|18.9|16
italy|correggio|2023-12-01|0.0|0.0|0|67.71|19.83|8
italy|faenza|2023-12-01|0.0|0.0|0|94.63|23.47|12
italy|ferrara|2023-12-01|84.48|14.12|27|94.78|40.35|14
italy|fidenza|2023-12-01|0.0|0.0|0|56.59|19.05|14
italy|fiorano|2023-12-01|0.0|0.0|0|59.74|18.91|14
italy|forli|2023-12-01|51.66|10.96|31|103.54|43.3|13
italy|formigine|2023-12-01|0.0|0.0|0|95.38|21.74|11
italy|gambettola|2023-12-01|0.0|0.0|0|73.48|19.36|15
italy|imola|2023-12-01|61.92|12.64|27|195.51|135.99|13
italy|lugo|2023-12-01|0.0|0.0|0|73.9|19.69|13
italy|maranello|2023-12-01|0.0|0.0|0|66.17|19.22|18
italy|modena|2023-12-01|77.45|11.27|27|91.73|30.35|11
italy|montecchio-emilia|2023-12-01|0.0|0.0|0|62.9|19.24|10
italy|parma|2023-12-01|56.91|9.97|26|100.95|39.43|12
italy|piacenza|2023-12-01|90.83|13.46|27|143.04|92.62|13
italy|ravenna|2023-12-01|69.2|12.84|28|208.37|104.71|12
italy|reggio-emilia|2023-12-01|58.8|10.8|27|94.74|32.24|10
italy|riccione|2023-12-01|0.0|0.0|0|72.03|19.77|15
italy|rimini|2023-12-01|55.8|13.4|29|70.61|19.42|15
italy|rubiera|2023-12-01|0.0|0.0|0|94.06|19.95|12
italy|san-giovanni-in-persiceto|2023-12-01|0.0|0.0|0|89.28|20.48|18
italy|san-lazzaro-di-savena|2023-12-01|0.0|0.0|0|126.62|83.75|11
italy|sant'ilario-d'enza|2023-12-01|0.0|0.0|0|74.27|20.15|9
italy|sassuolo|2023-12-01|0.0|0.0|0|64.05|18.8|15
italy|vignola|2023-12-01|0.0|0.0|0|57.99|19.2|11
italy|zola-predosa|2023-12-01|0.0|0.0|0|51.76|17.68|14
italy|gorizia|2023-12-01|0.0|0.0|0|107.09|41.66|16
italy|pordenone|2023-12-01|54.78|13.52|34|72.35|19.63|17
italy|trieste|2023-12-01|44.95|10.36|31|94.43|20.29|14
italy|udine|2023-12-01|78.26|16.33|32|106.65|40.6|15
italy|albano-laziale|2023-12-01|0.0|0.0|0|50.29|18.11|8
italy|anguillara-sabazia|2023-12-01|0.0|0.0|0|115.38|68.62|5
italy|anzio|2023-12-01|66.56|10.77|35|78.87|19.97|9
italy|aprilia|2023-12-01|56.26|13.49|33|244.23|167.96|7
italy|ardea|2023-12-01|0.0|0.0|0|46.89|18.43|11
italy|ariccia|2023-12-01|0.0|0.0|0|60.76|19.5|8
italy|campagnano-di-roma|2023-12-01|0.0|0.0|0|149.42|97.37|6
italy|cassino|2023-12-01|31.68|11.3|38|105.48|52.16|10
italy|castel-di-leva|2023-12-01|0.0|0.0|0|94.78|27.3|6
italy|ceccano|2023-12-01|0.0|0.0|0|63.86|17.72|12
italy|cerveteri|2023-12-01|0.0|0.0|0|51.95|14.98|10
italy|ciampino|2023-12-01|0.0|0.0|0|91.73|29.2|7
italy|cisterna-di-latina|2023-12-01|0.0|0.0|0|55.1|18.35|11
italy|civitavecchia|2023-12-01|0.0|0.0|0|182.65|126.57|7
italy|fiano-romano|2023-12-01|0.0|0.0|0|38.7|12.86|13
italy|fiumicino|2023-12-01|56.46|11.5|34|0.0|0.0|0
italy|fondi|2023-12-01|0.0|0.0|0|49.23|17.4|12
italy|fonte-laurentina|2023-12-01|0.0|0.0|0|311.84|189.55|5
italy|formia|2023-12-01|0.0|0.0|0|55.21|18.07|12
italy|frascati|2023-12-01|0.0|0.0|0|71.21|19.95|7
italy|frosinone|2023-12-01|51.65|14.36|34|52.18|18.36|12
italy|genzano-di-roma|2023-12-01|0.0|0.0|0|54.97|19.06|8
italy|grottaferrata|2023-12-01|0.0|0.0|0|64.48|19.11|8
italy|guidonia|2023-12-01|0.0|0.0|0|94.77|31.89|7
italy|isola-sacra|2023-12-01|0.0|0.0|0|94.96|45.22|7
italy|la-cinquina-bufalotta|2023-12-01|0.0|0.0|0|91.21|23.33|7
italy|ladispoli|2023-12-01|0.0|0.0|0|83.35|18.87|9
italy|lariano|2023-12-01|0.0|0.0|0|55.79|18.43|9
italy|latina|2023-12-01|52.32|13.43|36|153.93|95.5|9
italy|marino|2023-12-01|0.0|0.0|0|61.98|19.27|8
italy|monte-porzio-catone|2023-12-01|0.0|0.0|0|51.47|18.93|8
italy|monterotondo|2023-12-01|0.0|0.0|0|58.89|19.01|8
italy|nettuno|2023-12-01|36.74|8.43|37|49.99|17.84|12
italy|ostia|2023-12-01|50.15|10.83|32|164.33|86.79|6
italy|palestrina|2023-12-01|0.0|0.0|0|42.07|18.34|18
italy|pomezia|2023-12-01|0.0|0.0|0|193.56|125.44|6
italy|rieti|2023-12-01|0.0|0.0|0|109.74|53.58|12
italy|rocca-di-papa|2023-12-01|0.0|0.0|0|45.96|18.36|8
italy|rocca-priora|2023-12-01|0.0|0.0|0|58.13|19.44|8
italy|rome|2023-12-01|51.75|11.22|32|98.37|28.84|7
italy|san-cesareo|2023-12-01|0.0|0.0|0|53.33|19.51|8
italy|sora|2023-12-01|0.0|0.0|0|31.17|17.29|14
italy|terracina|2023-12-01|58.59|10.69|36|71.98|19.14|12
italy|tivoli|2023-12-01|0.0|0.0|0|78.82|19.55|9
italy|tor-lupara|2023-12-01|0.0|0.0|0|47.59|17.51|8
italy|torre-angela|2023-12-01|0.0|0.0|0|126.95|69.09|7
italy|valmontone|2023-12-01|0.0|0.0|0|59.24|20.29|22
italy|velletri|2023-12-01|31.98|7.74|34|63.6|19.1|9
italy|villa-verde|2023-12-01|0.0|0.0|0|67.7|19.66|7
italy|viterbo|2023-12-01|47.84|13.71|26|112.16|75.66|7
italy|zagarolo|2023-12-01|0.0|0.0|0|48.68|18.28|9
italy|zona-l-ottavia|2023-12-01|0.0|0.0|0|132.0|54.18|6
italy|chiavari|2023-12-01|0.0|0.0|0|65.32|18.94|11
italy|genoa|2023-12-01|60.06|13.93|29|251.54|147.22|7
italy|imperia|2023-12-01|0.0|0.0|0|88.18|19.68|13
italy|la-spezia|2023-12-01|61.18|13.4|30|132.86|51.63|12
italy|rapallo|2023-12-01|0.0|0.0|0|61.19|18.95|11
italy|sanremo|2023-12-01|58.08|10.83|32|65.98|19.11|13
italy|sarzana|2023-12-01|0.0|0.0|0|42.77|15.58|16
italy|savona|2023-12-01|66.74|14.87|29|97.45|20.45|9
italy|abbiategrasso|2023-12-01|0.0|0.0|0|84.62|20.06|10
italy|agrate-brianza|2023-12-01|0.0|0.0|0|68.47|19.96|8
italy|albano-sant'alessandro|2023-12-01|0.0|0.0|0|71.11|19.59|11
italy|arcore|2023-12-01|0.0|0.0|0|67.76|19.37|8
italy|arese|2023-12-01|0.0|0.0|0|61.95|19.34|8
italy|assago|2023-12-01|0.0|0.0|0|94.51|61.39|6
italy|azzano-san-paolo|2023-12-01|0.0|0.0|0|49.64|18.13|9
italy|baranzate|2023-12-01|0.0|0.0|0|62.08|19.79|7
italy|barlassina|2023-12-01|0.0|0.0|0|48.82|18.26|8
italy|basiglio|2023-12-01|0.0|0.0|0|107.88|89.96|7
italy|bergamo|2023-12-01|75.64|14.95|22|90.19|20.24|7
italy|bettola-zeloforamagno|2023-12-01|0.0|0.0|0|156.8|102.14|7
italy|biassono|2023-12-01|0.0|0.0|0|78.57|20.52|8
italy|bollate|2023-12-01|0.0|0.0|0|80.79|20.16|8
italy|bovisio-masciago|2023-12-01|0.0|0.0|0|55.01|18.89|9
italy|brembate-di-sopra|2023-12-01|0.0|0.0|0|271.84|216.79|11
italy|brescia|2023-12-01|63.26|11.73|28|71.09|20.11|9
italy|bresso|2023-12-01|0.0|0.0|0|122.54|90.16|6
italy|brugherio|2023-12-01|0.0|0.0|0|80.83|20.53|8
italy|buccinasco|2023-12-01|0.0|0.0|0|124.0|91.52|6
italy|busto-arsizio|2023-12-01|70.28|11.26|24|89.2|24.12|8
italy|cantu|2023-12-01|0.0|0.0|0|51.42|18.58|8
italy|carate-brianza|2023-12-01|0.0|0.0|0|44.92|18.26|8
italy|caravaggio|2023-12-01|0.0|0.0|0|47.1|17.36|12
italy|caronno-pertusella|2023-12-01|0.0|0.0|0|52.14|18.6|9
italy|carugate|2023-12-01|0.0|0.0|0|68.19|19.51|8
italy|casnate-con-bernate|2023-12-01|0.0|0.0|0|40.27|17.03|12
italy|cassano-d'adda|2023-12-01|0.0|0.0|0|62.66|18.62|9
italy|cassano-magnago|2023-12-01|0.0|0.0|0|45.1|16.16|10
italy|castel-goffredo|2023-12-01|0.0|0.0|0|77.48|20.0|11
italy|castellanza|2023-12-01|0.0|0.0|0|52.05|17.97|9
italy|castiglione-delle-stiviere|2023-12-01|0.0|0.0|0|51.5|17.47|15
italy|cernusco-sul-naviglio|2023-12-01|0.0|0.0|0|71.58|19.86|9
italy|cerro-maggiore|2023-12-01|0.0|0.0|0|49.44|18.18|8
italy|cesano-boscone|2023-12-01|0.0|0.0|0|194.09|138.06|6
italy|cesano-maderno|2023-12-01|0.0|0.0|0|68.47|20.05|8
italy|cesate|2023-12-01|0.0|0.0|0|51.28|18.88|9
italy|chiari|2023-12-01|0.0|0.0|0|63.37|18.91|12
italy|cinisello-balsamo|2023-12-01|34.95|12.47|23|106.16|47.75|7
italy|cogliate|2023-12-01|0.0|0.0|0|67.22|19.25|9
italy|cologno-al-serio|2023-12-01|0.0|0.0|0|73.08|19.97|11
italy|cologno-monzese|2023-12-01|61.86|12.06|24|76.84|19.79|8
italy|como|2023-12-01|63.85|11.86|25|54.26|19.18|9
italy|concorezzo|2023-12-01|0.0|0.0|0|67.97|19.13|9
italy|cormano|2023-12-01|0.0|0.0|0|79.39|25.01|8
italy|cornaredo|2023-12-01|0.0|0.0|0|117.17|92.61|6
italy|corsico|2023-12-01|0.0|0.0|0|142.77|71.0|6
italy|crema|2023-12-01|0.0|0.0|0|93.54|20.84|10
italy|cremona|2023-12-01|53.48|11.77|27|183.94|113.11|8
italy|curno|2023-12-01|0.0|0.0|0|63.58|19.48|10
italy|cusano-milanino|2023-12-01|0.0|0.0|0|73.34|20.14|8
italy|dalmine|2023-12-01|0.0|0.0|0|61.24|19.75|10
italy|desenzano-del-garda|2023-12-01|0.0|0.0|0|92.15|48.49|8
italy|desio|2023-12-01|39.09|8.77|27|63.0|19.1|9
italy|gallarate|2023-12-01|61.62|11.29|25|58.27|19.61|9
italy|garbagnate-milanese|2023-12-01|0.0|0.0|0|57.98|18.57|10
italy|gerenzano|2023-12-01|0.0|0.0|0|72.26|19.43|8
italy|ghedi|2023-12-01|0.0|0.0|0|102.12|94.25|12
italy|giussano|2023-12-01|0.0|0.0|0|51.23|18.17|11
italy|gorgonzola|2023-12-01|0.0|0.0|0|70.94|19.73|10
italy|gorle|2023-12-01|0.0|0.0|0|70.97|20.09|8
italy|gussago|2023-12-01|0.0|0.0|0|62.84|20.11|9
italy|inzago|2023-12-01|0.0|0.0|0|68.15|18.88|8
italy|lainate|2023-12-01|0.0|0.0|0|66.66|19.4|10
italy|lecco|2023-12-01|30.48|9.3|27|50.5|18.14|12
italy|legnano|2023-12-01|45.17|8.4|25|61.07|19.84|8
italy|limbiate|2023-12-01|0.0|0.0|0|70.05|19.96|8
italy|lissone|2023-12-01|38.09|10.47|23|65.54|19.24|8
italy|lodi|2023-12-01|0.0|0.0|0|113.07|27.66|9
italy|lomazzo|2023-12-01|0.0|0.0|0|79.73|20.11|8
italy|lonato|2023-12-01|0.0|0.0|0|35.73|17.32|16
italy|magenta|2023-12-01|0.0|0.0|0|58.01|19.03|9
italy|malnate|2023-12-01|0.0|0.0|0|40.21|14.34|12
italy|mantua|2023-12-01|52.39|11.22|29|69.45|19.14|14
italy|mariano-comense|2023-12-01|0.0|0.0|0|50.36|18.17|8
italy|marnate|2023-12-01|0.0|0.0|0|94.91|93.38|8
italy|meda|2023-12-01|0.0|0.0|0|53.34|18.68|8
italy|melzo|2023-12-01|0.0|0.0|0|67.81|18.97|9
italy|milan|2023-12-01|52.77|10.82|29|153.06|101.86|6
italy|montichiari|2023-12-01|0.0|0.0|0|41.42|17.99|14
italy|monza|2023-12-01|48.57|10.15|24|92.24|28.77|7
italy|mozzo|2023-12-01|0.0|0.0|0|50.57|18.53|8
italy|muggio|2023-12-01|0.0|0.0|0|68.91|19.37|8
italy|nerviano|2023-12-01|0.0|0.0|0|51.21|17.86|9
italy|nova-milanese|2023-12-01|0.0|0.0|0|63.79|19.88|7
italy|novate-milanese|2023-12-01|0.0|0.0|0|75.25|19.77|8
italy|olgiate-comasco|2023-12-01|0.0|0.0|0|60.65|19.59|10
italy|osio-sotto|2023-12-01|0.0|0.0|0|57.09|18.11|11
italy|ospiate|2023-12-01|0.0|0.0|0|62.46|19.66|8
italy|paderno-dugnano|2023-12-01|62.32|9.49|24|65.88|19.74|8
italy|palazzolo-sull'oglio|2023-12-01|0.0|0.0|0|41.5|15.64|13
italy|parabiago|2023-12-01|0.0|0.0|0|66.51|19.38|10
italy|pavia|2023-12-01|53.68|10.45|28|113.83|36.58|8
italy|pero|2023-12-01|0.0|0.0|0|78.79|20.19|7
italy|pioltello|2023-12-01|0.0|0.0|0|242.31|164.39|5
italy|rescaldina|2023-12-01|0.0|0.0|0|59.78|18.85|8
italy|rezzato|2023-12-01|0.0|0.0|0|59.92|19.23|9
italy|rho|2023-12-01|80.86|15.24|23|74.5|20.09|8
italy|romano-di-lombardia|2023-12-01|0.0|0.0|0|74.5|19.07|9
italy|rozzano|2023-12-01|0.0|0.0|0|169.16|94.01|6
italy|san-donato-milanese|2023-12-01|0.0|0.0|0|129.49|68.68|6
italy|san-giuliano-milanese|2023-12-01|0.0|0.0|0|224.76|164.82|5
italy|saronno|2023-12-01|31.93|7.48|25|64.35|19.69|8
italy|segrate|2023-12-01|0.0|0.0|0|123.04|88.26|7
italy|senago|2023-12-01|0.0|0.0|0|73.72|19.48|9
italy|seregno|2023-12-01|65.26|9.83|25|61.35|19.93|8
italy|seriate|2023-12-01|0.0|0.0|0|60.64|19.24|10
italy|sesto-san-giovanni|2023-12-01|50.12|11.32|24|114.4|83.11|6
italy|settimo-milanese|2023-12-01|0.0|0.0|0|90.61|35.76|6
italy|seveso|2023-12-01|0.0|0.0|0|49.88|18.63|8
italy|solaro|2023-12-01|0.0|0.0|0|55.99|19.01|9
italy|somma-lombardo|2023-12-01|0.0|0.0|0|51.84|18.02|11
italy|sondrio|2023-12-01|0.0|0.0|0|125.25|52.68|11
italy|sovico|2023-12-01|0.0|0.0|0|73.89|19.35|10
italy|stezzano|2023-12-01|0.0|0.0|0|54.9|19.75|8
italy|torre-boldone|2023-12-01|0.0|0.0|0|94.91|25.2|8
italy|tradate|2023-12-01|0.0|0.0|0|39.7|16.39|10
italy|treviglio|2023-12-01|0.0|0.0|0|103.26|22.74|13
italy|treviolo|2023-12-01|0.0|0.0|0|61.89|19.21|10
italy|trezzano-sul-naviglio|2023-12-01|0.0|0.0|0|140.52|94.25|7
italy|turate|2023-12-01|0.0|0.0|0|74.36|27.76|8
italy|uboldo|2023-12-01|0.0|0.0|0|56.27|18.79|9
italy|urgnano|2023-12-01|0.0|0.0|0|70.29|21.78|14
italy|varedo|2023-12-01|0.0|0.0|0|62.45|19.31|8
italy|varese|2023-12-01|58.63|11.04|25|71.08|20.54|10
italy|verdellino|2023-12-01|0.0|0.0|0|45.0|16.35|12
italy|vigevano|2023-12-01|91.38|14.72|24|56.99|18.43|13
italy|villa-guardia|2023-12-01|0.0|0.0|0|51.19|18.32|11
italy|villasanta|2023-12-01|0.0|0.0|0|63.35|19.66|8
italy|vimercate|2023-12-01|0.0|0.0|0|73.19|19.79|8
italy|vimodrone|2023-12-01|0.0|0.0|0|234.4|162.28|5
italy|voghera|2023-12-01|0.0|0.0|0|58.43|18.13|13
italy|ancona|2023-12-01|68.98|17.42|32|84.76|20.09|15
italy|ascoli-piceno|2023-12-01|0.0|0.0|0|94.87|22.52|17
italy|castelfidardo|2023-12-01|0.0|0.0|0|61.6|18.83|16
italy|civitanova-alta|2023-12-01|0.0|0.0|0|52.97|17.73|18
italy|civitanova-marche|2023-12-01|0.0|0.0|0|109.04|41.84|16
italy|corridonia|2023-12-01|0.0|0.0|0|45.15|15.31|20
italy|fabriano|2023-12-01|0.0|0.0|0|209.48|146.4|17
italy|fano|2023-12-01|0.0|0.0|0|61.84|18.86|18
italy|jesi|2023-12-01|48.64|10.14|36|62.56|19.25|15
italy|macerata|2023-12-01|47.07|10.24|30|73.54|20.02|12
italy|osimo|2023-12-01|0.0|0.0|0|61.5|19.02|15
italy|pesaro|2023-12-01|57.61|13.84|36|76.07|19.73|17
italy|recanati|2023-12-01|0.0|0.0|0|50.16|18.67|13
italy|san-benedetto-del-tronto|2023-12-01|65.82|13.13|33|76.61|19.24|16
italy|senigallia|2023-12-01|0.0|0.0|0|59.38|19.15|16
italy|campobasso|2023-12-01|54.18|17.48|41|92.55|50.56|16
italy|termoli|2023-12-01|0.0|0.0|0|274.6|173.9|15
italy|alessandria|2023-12-01|91.8|16.25|28|79.32|20.85|12
italy|asti|2023-12-01|88.71|16.35|29|86.85|23.79|11
italy|biella|2023-12-01|77.07|16.23|26|93.1|19.92|13
italy|borgomanero|2023-12-01|0.0|0.0|0|58.56|18.21|15
italy|bra|2023-12-01|0.0|0.0|0|75.54|19.41|11
italy|casale-monferrato|2023-12-01|0.0|0.0|0|72.87|19.14|11
italy|chieri|2023-12-01|0.0|0.0|0|111.71|54.17|9
italy|chivasso|2023-12-01|0.0|0.0|0|70.5|19.3|11
italy|collegno|2023-12-01|0.0|0.0|0|207.74|107.42|7
italy|cuneo|2023-12-01|42.01|13.87|28|141.16|100.13|8
italy|grugliasco|2023-12-01|0.0|0.0|0|150.64|93.08|8
italy|moncalieri|2023-12-01|56.42|14.12|26|83.69|20.15|9
italy|nichelino|2023-12-01|0.0|0.0|0|175.3|101.95|7
italy|novara|2023-12-01|54.44|12.9|23|86.73|20.8|12
italy|novi-ligure|2023-12-01|0.0|0.0|0|94.79|20.21|14
italy|oleggio|2023-12-01|0.0|0.0|0|39.3|14.94|14
italy|orbassano|2023-12-01|0.0|0.0|0|96.81|26.75|8
italy|pianezza|2023-12-01|0.0|0.0|0|51.33|18.0|10
italy|pinerolo|2023-12-01|0.0|0.0|0|150.47|93.5|9
italy|rivoli|2023-12-01|55.36|13.24|28|145.03|75.34|8
italy|san-mauro-torinese|2023-12-01|0.0|0.0|0|65.36|19.31|10
italy|settimo-torinese|2023-12-01|0.0|0.0|0|224.29|105.83|8
italy|tortona|2023-12-01|0.0|0.0|0|73.76|19.25|12
italy|trecate|2023-12-01|0.0|0.0|0|57.16|18.81|13
italy|turin|2023-12-01|64.24|15.23|26|150.19|93.6|8
italy|venaria|2023-12-01|0.0|0.0|0|258.1|162.9|8
italy|vercelli|2023-12-01|80.65|15.2|25|92.6|20.19|11
italy|vinovo|2023-12-01|0.0|0.0|0|66.89|18.82|10
italy|alghero|2023-12-01|0.0|0.0|0|87.17|19.8|12
italy|assemini|2023-12-01|0.0|0.0|0|95.67|39.87|15
italy|cagliari|2023-12-01|54.27|13.9|38|118.8|68.89|14
italy|decimomannu|2023-12-01|0.0|0.0|0|60.85|18.62|11
italy|iglesias|2023-12-01|0.0|0.0|0|75.4|20.07|13
italy|nuoro|2023-12-01|0.0|0.0|0|95.72|88.79|16
italy|olbia|2023-12-01|57.67|14.2|38|234.98|154.89|17
italy|oristano|2023-12-01|0.0|0.0|0|113.18|82.45|19
italy|quartu-sant'elena|2023-12-01|55.95|12.32|41|186.9|124.6|13
italy|sassari|2023-12-01|60.55|13.51|37|95.89|45.18|18
italy|selargius|2023-12-01|0.0|0.0|0|63.12|19.2|14
italy|sestu|2023-12-01|0.0|0.0|0|91.2|20.6|13
italy|aci-catena|2023-12-01|0.0|0.0|0|94.54|20.16|10
italy|acireale|2023-12-01|0.0|0.0|0|95.72|20.47|14
italy|adrano|2023-12-01|0.0|0.0|0|100.49|31.86|28
italy|agrigento|2023-12-01|0.0|0.0|0|175.22|94.95|27
italy|alcamo|2023-12-01|52.35|10.91|28|65.6|19.34|20
italy|augusta|2023-12-01|0.0|0.0|0|78.39|18.75|28
italy|bagheria|2023-12-01|0.0|0.0|0|128.13|47.1|20
italy|barcellona-pozzo-di-gotto|2023-12-01|0.0|0.0|0|86.41|20.26|26
italy|caltanissetta|2023-12-01|64.79|15.11|42|206.54|136.58|27
italy|carini|2023-12-01|0.0|0.0|0|50.62|18.52|19
italy|catania|2023-12-01|54.41|14.89|36|104.66|40.1|22
italy|comiso|2023-12-01|0.0|0.0|0|69.05|18.91|29
italy|ficuzza|2023-12-01|0.0|0.0|0|64.49|18.99|16
italy|gela|2023-12-01|0.0|0.0|0|230.58|122.57|28
italy|giarre|2023-12-01|0.0|0.0|0|79.91|19.48|24
italy|gravina-di-catania|2023-12-01|0.0|0.0|0|118.11|21.11|10
italy|lentini|2023-12-01|0.0|0.0|0|108.22|20.22|18
italy|marsala|2023-12-01|69.46|14.91|46|67.39|19.4|23
italy|mascalucia|2023-12-01|0.0|0.0|0|63.52|18.97|12
italy|mazara-del-vallo|2023-12-01|0.0|0.0|0|122.76|75.43|22
italy|messina|2023-12-01|54.22|13.37|41|120.21|57.1|15
italy|milazzo|2023-12-01|0.0|0.0|0|91.2|19.68|16
italy|misterbianco|2023-12-01|0.0|0.0|0|91.9|19.69|13
italy|modica|2023-12-01|0.0|0.0|0|161.08|104.16|28
italy|nicolosi|2023-12-01|0.0|0.0|0|68.79|19.23|15
italy|palermo|2023-12-01|53.83|15.02|42|147.58|90.02|22
italy|partinico|2023-12-01|0.0|0.0|0|80.31|20.02|12
italy|paterno|2023-12-01|0.0|0.0|0|89.31|19.44|26
italy|pedara|2023-12-01|0.0|0.0|0|63.25|18.84|22
italy|ragusa|2023-12-01|54.4|16.92|41|145.74|79.32|28
italy|san-giovanni-la-punta|2023-12-01|0.0|0.0|0|82.9|19.87|16
italy|sant'agata-li-battiati|2023-12-01|0.0|0.0|0|77.95|19.41|11
italy|sciacca|2023-12-01|0.0|0.0|0|70.7|19.29|20
italy|syracuse|2023-12-01|82.51|15.81|43|196.12|112.33|26
italy|trapani|2023-12-01|56.87|19.31|48|206.78|112.67|24
italy|trecastagni|2023-12-01|0.0|0.0|0|62.23|19.27|15
italy|tremestieri-etneo|2023-12-01|0.0|0.0|0|77.34|19.9|12
italy|vittoria|2023-12-01|0.0|0.0|0|239.52|138.44|27
italy|zafferana-etnea|2023-12-01|0.0|0.0|0|67.39|19.1|12
italy|bolzano|2023-12-01|59.24|12.28|30|74.94|19.97|8
italy|merano|2023-12-01|0.0|0.0|0|63.62|18.91|13
italy|rovereto|2023-12-01|0.0|0.0|0|80.44|19.93|13
italy|trento|2023-12-01|100.99|16.29|30|114.15|67.98|10
italy|arezzo|2023-12-01|50.97|15.96|38|143.87|94.12|13
italy|calenzano|2023-12-01|0.0|0.0|0|102.23|86.3|14
italy|campi-bisenzio|2023-12-01|0.0|0.0|0|111.39|72.38|16
italy|capannori|2023-12-01|0.0|0.0|0|39.07|16.45|14
italy|carrara|2023-12-01|0.0|0.0|0|69.92|20.11|13
italy|cascina|2023-12-01|0.0|0.0|0|53.63|18.68|14
italy|cecina|2023-12-01|0.0|0.0|0|57.84|18.84|14
italy|cucigliana|2023-12-01|0.0|0.0|0|51.4|18.84|10
italy|empoli|2023-12-01|0.0|0.0|0|76.26|20.04|13
italy|figline-valdarno|2023-12-01|0.0|0.0|0|46.18|18.77|13
italy|florence|2023-12-01|42.7|11.76|34|75.62|20.09|12
italy|grosseto|2023-12-01|71.28|16.72|36|218.57|123.82|15
italy|livorno|2023-12-01|37.92|11.13|32|67.35|19.24|16
italy|lucca|2023-12-01|41.88|10.07|30|52.62|18.6|12
italy|massa|2023-12-01|50.43|10.75|36|701.58|605.66|1
italy|montecatini-terme|2023-12-01|0.0|0.0|0|51.71|18.96|13
italy|pescia|2023-12-01|0.0|0.0|0|65.11|18.96|13
italy|pisa|2023-12-01|50.04|13.49|34|103.96|45.47|12
italy|pistoia|2023-12-01|52.36|11.02|37|55.51|19.12|16
italy|poggibonsi|2023-12-01|0.0|0.0|0|81.89|19.65|13
italy|prato|2023-12-01|47.32|12.69|38|99.21|40.36|13
italy|quarrata|2023-12-01|0.0|0.0|0|34.52|15.7|18
italy|san-giuliano-terme|2023-12-01|0.0|0.0|0|46.29|18.6|14
italy|scandicci|2023-12-01|52.1|14.86|35|94.52|24.84|10
italy|sesto-fiorentino|2023-12-01|0.0|0.0|0|83.98|20.46|11
italy|siena|2023-12-01|51.99|16.41|37|80.63|21.98|12
italy|viareggio|2023-12-01|42.42|9.14|37|82.83|21.04|14
italy|citta-di-castello|2023-12-01|0.0|0.0|0|73.91|19.91|14
italy|foligno|2023-12-01|0.0|0.0|0|74.41|20.15|14
italy|gubbio|2023-12-01|0.0|0.0|0|49.75|17.92|22
italy|perugia|2023-12-01|55.52|14.75|37|168.92|102.34|13
italy|spoleto|2023-12-01|0.0|0.0|0|46.03|16.94|20
italy|terni|2023-12-01|57.71|12.95|33|95.67|49.98|16
italy|abano-terme|2023-12-01|0.0|0.0|0|59.29|19.17|12
italy|albignasego|2023-12-01|0.0|0.0|0|108.72|67.65|6
italy|bassano-del-grappa|2023-12-01|49.08|10.28|31|75.68|20.1|13
italy|belluno|2023-12-01|0.0|0.0|0|74.58|19.9|16
italy|bussolengo|2023-12-01|0.0|0.0|0|67.3|19.38|17
italy|campodarsego|2023-12-01|0.0|0.0|0|34.79|8.67|14
italy|castelfranco-veneto|2023-12-01|56.4|11.41|33|81.9|22.26|15
italy|chioggia|2023-12-01|0.0|0.0|0|178.16|81.9|12
italy|chirignano-zelarino|2023-12-01|0.0|0.0|0|108.5|61.97|11
italy|cittadella|2023-12-01|0.0|0.0|0|63.05|19.55|14
italy|conegliano|2023-12-01|51.52|12.61|34|81.79|19.78|15
italy|lancenigo|2023-12-01|0.0|0.0|0|89.63|31.14|16
italy|mestrino|2023-12-01|0.0|0.0|0|47.77|18.17|9
italy|mira|2023-12-01|0.0|0.0|0|70.04|19.65|14
italy|mirano|2023-12-01|0.0|0.0|0|66.4|19.0|13
italy|mogliano-veneto|2023-12-01|0.0|0.0|0|63.79|19.53|13
italy|montebelluna|2023-12-01|0.0|0.0|0|68.7|19.96|15
italy|noale|2023-12-01|0.0|0.0|0|67.38|19.66|12
italy|oderzo|2023-12-01|0.0|0.0|0|61.03|19.16|16
italy|padua|2023-12-01|61.29|12.76|26|79.69|24.56|12
italy|paese|2023-12-01|0.0|0.0|0|67.44|19.52|13
italy|pescantina|2023-12-01|0.0|0.0|0|55.9|19.67|14
italy|portogruaro|2023-12-01|0.0|0.0|0|66.97|20.08|17
italy|rovigo|2023-12-01|87.74|15.46|27|75.52|24.14|13
italy|rubano|2023-12-01|0.0|0.0|0|92.61|29.44|14
italy|san-dona-di-piave|2023-12-01|0.0|0.0|0|141.81|94.02|14
italy|san-giovanni-lupatoto|2023-12-01|0.0|0.0|0|67.31|19.51|10
italy|schio|2023-12-01|0.0|0.0|0|80.78|42.26|15
italy|selvazzano-dentro|2023-12-01|0.0|0.0|0|69.23|22.05|15
italy|spinea|2023-12-01|0.0|0.0|0|60.65|19.51|12
italy|treviso|2023-12-01|67.76|12.44|28|76.09|20.13|14
italy|venice|2023-12-01|76.63|13.38|30|114.15|75.23|13
italy|verona|2023-12-01|63.51|13.31|28|83.1|20.37|12
italy|vicenza|2023-12-01|63.29|13.26|28|66.31|19.93|14
italy|vigonza|2023-12-01|0.0|0.0|0|49.47|19.32|16
italy|villafranca-di-verona|2023-12-01|0.0|0.0|0|62.11|19.16|16
italy|vittorio-veneto|2023-12-01|0.0|0.0|0|58.21|19.17|15
italy|zero-branco|2023-12-01|0.0|0.0|0|131.43|96.71|16
jamaica|clarendon-parish|2023-12-01|0.0|0.0|0|65.9|49.7|11
jamaica|hanover-parish|2023-12-01|0.0|0.0|0|38.94|37.72|10
jamaica|manchester-parish|2023-12-01|0.0|0.0|0|50.45|31.61|15
jamaica|saint-andrew-parish|2023-12-01|27.11|7.52|20|65.95|42.16|10
jamaica|saint-ann-parish|2023-12-01|0.0|0.0|0|43.14|18.94|12
jamaica|saint-catherine-parish|2023-12-01|0.0|0.0|0|76.62|50.82|7
jamaica|saint-elizabeth-parish|2023-12-01|0.0|0.0|0|38.75|21.24|12
jamaica|saint-james-parish|2023-12-01|0.0|0.0|0|57.71|36.61|11
jamaica|saint-mary-parish|2023-12-01|0.0|0.0|0|31.04|22.99|9
jamaica|trelawny-parish|2023-12-01|0.0|0.0|0|48.66|36.76|9
jamaica|westmoreland-parish|2023-12-01|0.0|0.0|0|46.51|29.76|10
jamaica|james-hill|2023-12-01|0.0|0.0|0|67.05|58.29|10
jamaica|mandeville|2023-12-01|0.0|0.0|0|73.91|44.25|16
jamaica|kingston|2023-12-01|26.96|7.44|20|66.05|42.16|10
jamaica|linstead|2023-12-01|0.0|0.0|0|67.33|18.56|11
jamaica|portmore|2023-12-01|0.0|0.0|0|88.21|51.32|8
jamaica|spanish-town|2023-12-01|0.0|0.0|0|91.83|50.82|13
jamaica|montego-bay|2023-12-01|0.0|0.0|0|78.58|45.43|11
japan|aichi-prefecture|2023-12-01|52.66|9.38|38|207.94|129.18|14
japan|akita-prefecture|2023-12-01|46.79|7.54|40|189.61|104.9|18
japan|aomori-prefecture|2023-12-01|42.57|6.76|40|197.27|140.66|18
japan|chiba-prefecture|2023-12-01|40.51|7.74|36|207.9|112.1|7
japan|ehime-prefecture|2023-12-01|47.68|8.53|41|197.52|113.55|22
japan|fukui-prefecture|2023-12-01|47.27|8.22|42|180.33|113.77|17
japan|fukuoka-prefecture|2023-12-01|49.75|9.32|43|179.1|93.61|22
japan|fukushima-prefecture|2023-12-01|44.66|7.49|38|191.58|119.34|15
japan|gifu-prefecture|2023-12-01|53.47|8.15|38|203.31|122.73|15
japan|gunma-prefecture|2023-12-01|37.87|7.62|33|170.83|106.9|11
japan|hiroshima-prefecture|2023-12-01|47.56|8.46|45|146.44|95.58|20
japan|hokkaido-prefecture|2023-12-01|43.27|8.71|57|108.53|79.89|53
japan|hyogo-prefecture|2023-12-01|51.98|8.7|38|190.31|103.0|14
japan|ibaraki-prefecture|2023-12-01|33.1|6.9|33|198.56|141.63|9
japan|ishikawa-prefecture|2023-12-01|53.58|9.86|40|156.12|96.79|20
japan|iwate-prefecture|2023-12-01|44.29|7.87|39|183.33|115.41|16
japan|kagawa-prefecture|2023-12-01|59.71|10.78|39|172.38|107.71|20
japan|kagoshima-prefecture|2023-12-01|38.18|6.76|59|84.97|90.22|47
japan|kanagawa-prefecture|2023-12-01|46.66|8.58|33|216.27|104.16|7
japan|kochi-prefecture|2023-12-01|0.0|0.0|0|192.6|133.09|20
japan|kumamoto-prefecture|2023-12-01|46.01|7.72|47|138.4|93.36|24
japan|kyoto-prefecture|2023-12-01|51.5|7.63|38|152.08|102.19|14
japan|mie-prefecture|2023-12-01|45.29|7.8|39|174.14|105.42|17
japan|miyagi-prefecture|2023-12-01|48.37|9.62|36|187.72|102.63|13
japan|miyazaki-prefecture|2023-12-01|46.62|8.59|46|164.84|106.06|26
japan|nagano-prefecture|2023-12-01|41.45|6.8|40|170.41|111.76|13
japan|nagasaki-prefecture|2023-12-01|28.22|6.05|63|70.03|74.17|47
japan|nara-prefecture|2023-12-01|43.85|7.23|37|182.58|121.48|14
japan|niigata-prefecture|2023-12-01|43.31|6.96|41|159.48|108.65|17
japan|oita-prefecture|2023-12-01|44.65|7.52|45|127.5|94.88|25
japan|okayama-prefecture|2023-12-01|41.44|8.15|42|179.01|111.69|21
japan|okinawa-prefecture|2023-12-01|37.88|6.87|79|85.37|89.18|61
japan|osaka-prefecture|2023-12-01|55.16|9.63|38|171.1|93.88|14
japan|saga-prefecture|2023-12-01|52.77|8.76|46|122.56|110.25|24
japan|saitama-prefecture|2023-12-01|43.6|8.52|33|230.24|128.92|7
japan|shiga-prefecture|2023-12-01|49.52|7.87|38|123.34|87.96|16
japan|shimane-prefecture|2023-12-01|0.0|0.0|0|181.92|93.96|26
japan|shizuoka-prefecture|2023-12-01|44.31|7.4|42|205.7|135.8|18
japan|tochigi-prefecture|2023-12-01|32.24|7.1|34|237.0|149.88|10
japan|tokushima-prefecture|2023-12-01|0.0|0.0|0|168.04|105.76|21
japan|tokyo|2023-12-01|53.12|9.77|34|186.38|88.77|7
japan|tottori-prefecture|2023-12-01|0.0|0.0|0|160.58|109.9|23
japan|toyama-prefecture|2023-12-01|47.84|8.43|41|179.48|120.28|18
japan|wakayama-prefecture|2023-12-01|47.1|7.68|38|214.89|105.82|15
japan|yamagata-prefecture|2023-12-01|40.4|7.0|38|173.52|97.26|15
japan|yamaguchi-prefecture|2023-12-01|39.71|7.3|45|170.61|94.53|25
japan|yamanashi-prefecture|2023-12-01|38.6|7.7|36|112.91|93.32|11
japan|anjo|2023-12-01|0.0|0.0|0|264.0|170.24|12
japan|ichinomiya|2023-12-01|0.0|0.0|0|250.25|159.59|14
japan|inazawa|2023-12-01|0.0|0.0|0|243.49|123.98|14
japan|kariya|2023-12-01|0.0|0.0|0|195.97|131.68|12
japan|kasugai|2023-12-01|0.0|0.0|0|279.62|163.38|14
japan|komaki|2023-12-01|0.0|0.0|0|228.82|153.42|15
japan|nagoya|2023-12-01|62.03|10.84|38|189.15|115.74|14
japan|nishio|2023-12-01|0.0|0.0|0|180.84|129.22|11
japan|nisshin|2023-12-01|0.0|0.0|0|198.64|131.78|14
japan|okazaki|2023-12-01|47.74|9.29|38|243.95|146.14|14
japan|toyohashi|2023-12-01|0.0|0.0|0|196.26|122.31|14
japan|toyokawa|2023-12-01|0.0|0.0|0|279.75|172.3|16
japan|toyota|2023-12-01|50.57|9.17|39|213.81|99.89|15
japan|akita|2023-12-01|0.0|0.0|0|197.72|122.14|18
japan|aomori|2023-12-01|0.0|0.0|0|194.79|139.38|18
japan|hachinohe|2023-12-01|0.0|0.0|0|184.13|108.14|18
japan|hirosaki|2023-12-01|0.0|0.0|0|175.13|131.68|18
japan|misawa|2023-12-01|0.0|0.0|0|188.77|159.76|14
japan|abiko|2023-12-01|0.0|0.0|0|167.67|103.3|8
japan|chiba|2023-12-01|46.81|8.59|34|199.0|95.89|7
japan|funabashi|2023-12-01|42.03|8.16|36|216.99|110.73|7
japan|ichihara|2023-12-01|0.0|0.0|0|243.38|172.03|6
japan|ichikawa|2023-12-01|48.39|8.58|36|228.14|111.52|7
japan|inzai|2023-12-01|0.0|0.0|0|256.56|156.78|7
japan|kamagaya|2023-12-01|0.0|0.0|0|239.71|97.91|6
japan|kashiwa|2023-12-01|38.22|7.52|32|245.48|133.41|7
japan|kisarazu|2023-12-01|0.0|0.0|0|221.3|139.32|7
japan|matsudo|2023-12-01|41.56|8.43|33|239.06|115.94|7
japan|nagareyama|2023-12-01|0.0|0.0|0|248.28|151.69|6
japan|narashino|2023-12-01|0.0|0.0|0|241.1|167.19|6
japan|narita|2023-12-01|27.62|8.44|36|46.09|52.36|7
japan|noda|2023-12-01|0.0|0.0|0|314.77|224.65|7
japan|sakura|2023-12-01|0.0|0.0|0|205.34|157.52|6
japan|urayasu|2023-12-01|29.03|6.04|37|87.12|64.27|6
japan|yachiyo|2023-12-01|0.0|0.0|0|219.72|94.09|7
japan|yotsukaido|2023-12-01|0.0|0.0|0|162.13|135.83|6
japan|matsuyama|2023-12-01|55.51|10.26|39|168.5|103.96|22
japan|fukui|2023-12-01|0.0|0.0|0|145.5|94.5|17
japan|fukuoka|2023-12-01|52.26|10.24|42|141.95|83.08|23
japan|iizuka|2023-12-01|0.0|0.0|0|280.06|164.95|19
japan|kasuga|2023-12-01|0.0|0.0|0|248.26|151.87|21
japan|kitakyushu|2023-12-01|57.62|11.58|41|219.48|94.44|23
japan|kurume|2023-12-01|0.0|0.0|0|166.29|102.41|21
japan|aizuwakamatsu|2023-12-01|0.0|0.0|0|211.15|144.03|15
japan|fukushima|2023-12-01|0.0|0.0|0|199.92|120.64|14
japan|iwaki|2023-12-01|0.0|0.0|0|192.48|118.41|14
japan|koriyama|2023-12-01|0.0|0.0|0|176.66|125.52|14
japan|gifu|2023-12-01|0.0|0.0|0|221.54|140.43|15
japan|gujo|2023-12-01|0.0|0.0|0|231.33|133.76|15
japan|kakamigahara|2023-12-01|0.0|0.0|0|218.53|125.76|16
japan|kani|2023-12-01|0.0|0.0|0|348.78|189.55|14
japan|takayama|2023-12-01|0.0|0.0|0|79.02|70.45|15
japan|isesaki|2023-12-01|0.0|0.0|0|219.76|151.07|10
japan|maebashi|2023-12-01|0.0|0.0|0|132.04|93.86|11
japan|ota|2023-12-01|0.0|0.0|0|204.58|142.52|10
japan|takasaki|2023-12-01|0.0|0.0|0|191.64|107.01|10
japan|fukuyama|2023-12-01|0.0|0.0|0|166.1|102.87|20
japan|higashihiroshima|2023-12-01|0.0|0.0|0|210.39|125.91|20
japan|hiroshima|2023-12-01|53.55|11.04|43|136.24|93.63|20
japan|kure|2023-12-01|0.0|0.0|0|209.88|145.15|20
japan|asahikawa|2023-12-01|0.0|0.0|0|91.78|56.53|105
japan|chitose|2023-12-01|0.0|0.0|0|51.66|97.89|26
japan|ebetsu|2023-12-01|0.0|0.0|0|148.48|93.63|59
japan|hakodate|2023-12-01|0.0|0.0|0|134.27|96.08|24
japan|kushiro|2023-12-01|0.0|0.0|0|162.89|98.69|26
japan|obihiro|2023-12-01|0.0|0.0|0|174.84|130.18|26
japan|sapporo|2023-12-01|52.67|9.89|61|105.52|65.6|67
japan|tomakomai|2023-12-01|0.0|0.0|0|211.75|146.23|23
japan|akashi|2023-12-01|0.0|0.0|0|141.7|102.64|13
japan|amagasaki|2023-12-01|48.85|8.15|41|156.46|93.94|13
japan|ashiya|2023-12-01|0.0|0.0|0|191.27|90.2|15
japan|himeji|2023-12-01|0.0|0.0|0|208.46|134.62|14
japan|itami|2023-12-01|0.0|0.0|0|170.66|140.32|14
japan|kakogawa|2023-12-01|0.0|0.0|0|269.81|183.24|13
japan|kawanishi|2023-12-01|0.0|0.0|0|175.09|78.78|16
japan|kobe|2023-12-01|53.04|9.33|38|196.33|96.08|14
japan|nishinomiya|2023-12-01|60.71|10.38|37|201.27|141.97|14
japan|sanda|2023-12-01|0.0|0.0|0|211.74|99.26|15
japan|takarazuka|2023-12-01|0.0|0.0|0|224.08|99.12|15
japan|hitachi|2023-12-01|0.0|0.0|0|231.53|190.0|9
japan|hitachinaka|2023-12-01|0.0|0.0|0|225.75|184.63|9
japan|kasama|2023-12-01|0.0|0.0|0|221.84|107.35|9
japan|koga|2023-12-01|0.0|0.0|0|304.46|191.1|9
japan|mito|2023-12-01|0.0|0.0|0|170.12|104.37|10
japan|toride|2023-12-01|0.0|0.0|0|184.85|93.66|10
japan|tsuchiura|2023-12-01|0.0|0.0|0|248.32|99.92|9
japan|tsukuba|2023-12-01|0.0|0.0|0|180.09|156.95|9
japan|ushiku|2023-12-01|0.0|0.0|0|273.71|165.03|9
japan|hakusan|2023-12-01|0.0|0.0|0|191.65|112.04|19
japan|kanazawa|2023-12-01|59.14|10.0|40|118.86|88.74|21
japan|hanamaki|2023-12-01|0.0|0.0|0|142.38|95.89|17
japan|morioka|2023-12-01|0.0|0.0|0|175.1|114.8|15
japan|takamatsu|2023-12-01|0.0|0.0|0|166.08|107.13|20
japan|kagoshima|2023-12-01|45.65|8.04|57|76.65|90.45|47
japan|atsugi|2023-12-01|0.0|0.0|0|266.09|188.18|6
japan|chigasaki|2023-12-01|0.0|0.0|0|275.71|97.15|7
japan|ebina|2023-12-01|0.0|0.0|0|195.57|93.28|8
japan|fujisawa|2023-12-01|41.88|8.26|30|224.75|112.86|7
japan|hadano|2023-12-01|0.0|0.0|0|286.22|118.42|7
japan|hakone|2023-12-01|0.0|0.0|0|63.42|60.68|9
japan|hiratsuka|2023-12-01|0.0|0.0|0|205.18|143.61|6
japan|isehara|2023-12-01|0.0|0.0|0|238.18|91.71|7
japan|kamakura|2023-12-01|0.0|0.0|0|235.69|111.7|7
japan|kawasaki|2023-12-01|51.26|9.29|31|216.6|97.92|7
japan|odawara|2023-12-01|0.0|0.0|0|276.83|134.06|8
japan|sagamihara|2023-12-01|42.6|6.63|33|237.27|96.07|7
japan|yamato|2023-12-01|0.0|0.0|0|246.67|93.19|8
japan|yokohama|2023-12-01|48.53|8.68|33|198.84|104.7|7
japan|yokosuka|2023-12-01|49.9|7.34|32|193.91|89.55|9
japan|zama|2023-12-01|0.0|0.0|0|245.58|99.7|7
japan|zushi|2023-12-01|0.0|0.0|0|306.61|148.94|7
japan|kochi|2023-12-01|0.0|0.0|0|196.44|130.52|20
japan|kumamoto|2023-12-01|56.06|11.2|46|146.59|91.82|24
japan|kyoto|2023-12-01|55.98|8.12|38|138.52|94.6|14
japan|uji|2023-12-01|0.0|0.0|0|249.56|160.13|14
japan|kuwana|2023-12-01|0.0|0.0|0|186.15|116.86|16
japan|matsusaka|2023-12-01|0.0|0.0|0|258.59|131.75|12
japan|suzuka|2023-12-01|0.0|0.0|0|261.81|139.96|16
japan|tsu|2023-12-01|0.0|0.0|0|181.29|109.9|17
japan|yokkaichi|2023-12-01|0.0|0.0|0|150.93|94.17|18
japan|sendai|2023-12-01|51.94|11.34|34|181.47|97.12|13
japan|tagajo|2023-12-01|0.0|0.0|0|179.99|93.41|13
japan|miyazaki|2023-12-01|0.0|0.0|0|170.28|105.56|25
japan|azumino|2023-12-01|0.0|0.0|0|236.33|159.81|13
japan|matsumoto|2023-12-01|0.0|0.0|0|182.59|111.45|12
japan|nagano|2023-12-01|57.05|7.38|40|174.28|124.24|14
japan|shiojiri|2023-12-01|0.0|0.0|0|183.32|120.35|12
japan|ueda|2023-12-01|0.0|0.0|0|203.36|95.08|13
japan|nagasaki|2023-12-01|0.0|0.0|0|77.32|77.16|43
japan|sasebo|2023-12-01|0.0|0.0|0|56.98|54.42|49
japan|ikoma|2023-12-01|0.0|0.0|0|193.36|134.0|13
japan|nara|2023-12-01|0.0|0.0|0|157.52|114.13|14
japan|sakurai|2023-12-01|0.0|0.0|0|195.74|121.82|14
japan|joetsu|2023-12-01|0.0|0.0|0|135.9|116.6|16
japan|nagaoka|2023-12-01|0.0|0.0|0|159.14|93.96|18
japan|niigata|2023-12-01|49.51|7.04|39|167.4|113.47|16
japan|beppu|2023-12-01|0.0|0.0|0|88.47|71.84|25
japan|oita|2023-12-01|0.0|0.0|0|181.5|109.12|25
japan|kurashiki|2023-12-01|0.0|0.0|0|188.82|104.56|20
japan|okayama|2023-12-01|52.09|9.11|40|172.85|112.83|22
japan|chatan|2023-12-01|0.0|0.0|0|79.82|93.48|62
japan|ginowan|2023-12-01|0.0|0.0|0|85.92|86.27|61
japan|naha|2023-12-01|43.11|8.07|78|71.61|71.72|62
japan|okinawa|2023-12-01|0.0|0.0|0|104.98|102.96|57
japan|urasoe|2023-12-01|0.0|0.0|0|85.65|91.16|61
japan|uruma|2023-12-01|0.0|0.0|0|87.26|94.42|61
japan|higashiosaka|2023-12-01|73.79|11.3|35|262.63|112.46|13
japan|hirakata|2023-12-01|0.0|0.0|0|254.64|145.63|13
japan|ibaraki|2023-12-01|0.0|0.0|0|246.86|93.78|15
japan|ikeda|2023-12-01|0.0|0.0|0|249.83|105.86|15
japan|izumisano|2023-12-01|0.0|0.0|0|91.54|56.61|15
japan|matsubara|2023-12-01|0.0|0.0|0|193.87|97.16|13
japan|minoo|2023-12-01|0.0|0.0|0|278.51|108.39|15
japan|moriguchi|2023-12-01|0.0|0.0|0|226.19|99.14|14
japan|neyagawa|2023-12-01|0.0|0.0|0|243.3|112.61|14
japan|osaka|2023-12-01|56.52|10.05|38|144.55|92.34|14
japan|sakai|2023-12-01|64.66|9.58|38|217.96|105.63|13
japan|settsu|2023-12-01|0.0|0.0|0|215.84|73.21|16
japan|suita|2023-12-01|0.0|0.0|0|258.98|95.94|13
japan|takatsuki|2023-12-01|0.0|0.0|0|202.44|94.28|14
japan|toyonaka|2023-12-01|0.0|0.0|0|212.37|94.91|14
japan|yao|2023-12-01|0.0|0.0|0|266.06|129.2|14
japan|saga|2023-12-01|0.0|0.0|0|120.86|123.96|23
japan|ageo|2023-12-01|0.0|0.0|0|254.12|141.27|7
japan|asaka|2023-12-01|0.0|0.0|0|244.42|95.03|7
japan|fujimi|2023-12-01|0.0|0.0|0|287.41|98.24|8
japan|fujimino|2023-12-01|0.0|0.0|0|240.64|135.41|7
japan|hasuda|2023-12-01|0.0|0.0|0|277.1|155.7|6
japan|higashimatsuyama|2023-12-01|0.0|0.0|0|242.76|204.91|6
japan|iruma|2023-12-01|0.0|0.0|0|213.71|144.27|6
japan|kasukabe|2023-12-01|0.0|0.0|0|216.71|136.79|6
japan|kawagoe|2023-12-01|0.0|0.0|0|242.26|110.01|7
japan|kawaguchi|2023-12-01|43.83|8.34|32|231.01|125.29|6
japan|kazo|2023-12-01|0.0|0.0|0|243.15|158.81|7
japan|konosu|2023-12-01|0.0|0.0|0|208.61|130.51|7
japan|koshigaya|2023-12-01|0.0|0.0|0|244.2|94.1|7
japan|kuki|2023-12-01|0.0|0.0|0|175.56|115.75|6
japan|kumagaya|2023-12-01|0.0|0.0|0|238.14|116.95|7
japan|misato|2023-12-01|0.0|0.0|0|235.91|161.7|7
japan|niiza|2023-12-01|0.0|0.0|0|207.57|144.41|7
japan|saitama|2023-12-01|47.16|8.62|34|224.79|98.36|7
japan|sakado|2023-12-01|0.0|0.0|0|247.07|97.36|7
japan|sayama|2023-12-01|0.0|0.0|0|273.88|168.57|6
japan|shiki|2023-12-01|0.0|0.0|0|271.51|89.56|9
japan|soka|2023-12-01|0.0|0.0|0|236.99|149.97|6
japan|toda|2023-12-01|0.0|0.0|0|216.12|96.84|7
japan|tokorozawa|2023-12-01|0.0|0.0|0|232.66|124.24|7
japan|wako|2023-12-01|0.0|0.0|0|260.04|144.52|7
japan|warabi|2023-12-01|0.0|0.0|0|244.39|121.35|6
japan|yashio|2023-12-01|0.0|0.0|0|255.86|213.37|6
japan|hikone|2023-12-01|0.0|0.0|0|150.23|102.48|15
japan|koka|2023-12-01|0.0|0.0|0|55.09|11.08|39
japan|kusatsu|2023-12-01|0.0|0.0|0|125.26|124.72|16
japan|otsu|2023-12-01|0.0|0.0|0|199.99|126.79|14
japan|izumo|2023-12-01|0.0|0.0|0|207.64|98.27|25
japan|matsue|2023-12-01|0.0|0.0|0|156.01|89.53|27
japan|fuji|2023-12-01|0.0|0.0|0|200.07|145.89|15
japan|fujieda|2023-12-01|0.0|0.0|0|276.46|138.71|16
japan|fujinomiya|2023-12-01|0.0|0.0|0|186.71|155.67|19
japan|gotenba|2023-12-01|0.0|0.0|0|88.88|88.58|19
japan|hamamatsu|2023-12-01|54.45|8.34|41|247.12|144.0|20
japan|iwata|2023-12-01|0.0|0.0|0|257.57|152.95|20
japan|kakegawa|2023-12-01|0.0|0.0|0|247.62|117.72|20
japan|mishima|2023-12-01|0.0|0.0|0|204.47|129.41|18
japan|numazu|2023-12-01|0.0|0.0|0|221.15|144.26|17
japan|shizuoka|2023-12-01|48.56|6.82|41|194.13|131.7|18
japan|yaizu|2023-12-01|0.0|0.0|0|235.83|133.49|15
japan|ashikaga|2023-12-01|0.0|0.0|0|295.28|162.05|9
japan|nasushiobara|2023-12-01|0.0|0.0|0|266.21|197.08|12
japan|oyama|2023-12-01|0.0|0.0|0|243.47|165.11|8
japan|sano|2023-12-01|0.0|0.0|0|192.95|119.12|10
japan|tochigi|2023-12-01|0.0|0.0|0|209.48|101.42|8
japan|utsunomiya|2023-12-01|37.19|7.6|33|210.32|146.51|10
japan|tokushima|2023-12-01|0.0|0.0|0|191.74|102.12|21
japan|adachi|2023-12-01|54.08|9.38|33|241.06|145.02|6
japan|akishima|2023-12-01|0.0|0.0|0|247.96|94.26|6
japan|arakawa|2023-12-01|57.37|10.9|31|176.29|139.57|6
japan|bunkyo|2023-12-01|49.36|9.31|33|151.14|98.63|6
japan|chiyoda|2023-12-01|50.84|11.76|34|122.86|93.42|7
japan|chofu|2023-12-01|0.0|0.0|0|258.44|151.42|6
japan|chuo|2023-12-01|58.92|10.75|33|93.25|91.02|5
japan|edogawa|2023-12-01|58.84|9.34|33|241.66|129.0|6
japan|fuchu|2023-12-01|56.31|6.98|31|253.06|117.1|6
japan|fussa|2023-12-01|0.0|0.0|0|196.33|110.34|6
japan|hachioji|2023-12-01|53.08|8.59|32|232.34|112.39|7
japan|higashikurume|2023-12-01|0.0|0.0|0|246.87|150.86|6
japan|higashimurayama|2023-12-01|0.0|0.0|0|233.7|93.84|7
japan|hino|2023-12-01|0.0|0.0|0|223.52|88.92|7
japan|inagi|2023-12-01|0.0|0.0|0|270.75|142.06|7
japan|itabashi|2023-12-01|57.91|10.28|33|205.56|92.86|7
japan|katsushika|2023-12-01|62.16|10.25|32|227.03|110.45|6
japan|kita|2023-12-01|61.45|10.47|31|204.82|103.15|6
japan|kodaira|2023-12-01|0.0|0.0|0|234.48|92.66|7
japan|koganei|2023-12-01|0.0|0.0|0|286.38|119.44|6
japan|kokubunji|2023-12-01|0.0|0.0|0|313.34|119.12|6
japan|komae|2023-12-01|0.0|0.0|0|235.92|94.33|7
japan|koto|2023-12-01|53.27|11.35|34|130.22|99.69|6
japan|kunitachi|2023-12-01|0.0|0.0|0|327.84|225.42|5
japan|machida|2023-12-01|38.37|6.91|31|229.5|102.16|7
japan|meguro|2023-12-01|57.71|9.55|33|218.91|125.9|6
japan|minato|2023-12-01|49.56|10.77|33|117.11|93.79|5
japan|mitaka|2023-12-01|0.0|0.0|0|236.42|96.05|7
japan|musashino|2023-12-01|0.0|0.0|0|230.39|102.33|6
japan|nakano|2023-12-01|46.3|7.99|34|188.93|91.42|7
japan|nerima|2023-12-01|47.78|8.78|34|249.59|121.73|6
japan|nishitokyo|2023-12-01|0.0|0.0|0|258.99|142.75|6
japan|ota|2023-12-01|54.27|9.59|34|140.68|94.01|6
japan|oume|2023-12-01|0.0|0.0|0|198.73|153.44|7
japan|setagaya|2023-12-01|55.96|10.26|32|206.84|98.03|7
japan|shibuya|2023-12-01|45.57|8.55|34|137.76|93.74|7
japan|shinagawa|2023-12-01|57.27|11.11|32|152.16|101.12|6
japan|shinjuku|2023-12-01|48.06|9.01|34|185.87|18.74|26
japan|suginami|2023-12-01|54.69|8.7|33|188.24|93.01|7
japan|sumida|2023-12-01|54.85|10.74|33|186.47|98.86|6
japan|tachikawa|2023-12-01|0.0|0.0|0|261.49|104.55|6
japan|taito|2023-12-01|66.72|10.91|32|92.32|89.87|6
japan|tama|2023-12-01|0.0|0.0|0|186.53|105.72|6
japan|tokyo|2023-12-01|0.0|0.0|0|274.0|160.16|5
japan|toshima|2023-12-01|53.31|10.72|32|135.96|103.89|5
japan|tottori|2023-12-01|0.0|0.0|0|152.48|114.46|22
japan|takaoka|2023-12-01|0.0|0.0|0|168.83|93.53|20
japan|toyama|2023-12-01|70.22|12.27|40|176.66|114.42|17
japan|wakayama|2023-12-01|0.0|0.0|0|265.88|111.94|14
japan|yamagata|2023-12-01|0.0|0.0|0|159.0|95.43|14
japan|shimonoseki|2023-12-01|0.0|0.0|0|219.68|92.76|27
japan|ube|2023-12-01|0.0|0.0|0|197.21|119.91|26
japan|yamaguchi|2023-12-01|0.0|0.0|0|151.62|92.51|26
japan|fujikawaguchiko|2023-12-01|0.0|0.0|0|82.74|83.04|11
japan|kofu|2023-12-01|0.0|0.0|0|133.48|93.8|9
jordan|ajloun|2023-12-01|0.0|0.0|0|14.5|3.15|20
jordan|al-karak|2023-12-01|13.3|14.34|18|80.52|80.61|7
jordan|amman|2023-12-01|24.51|15.29|17|120.68|100.59|4
jordan|aqaba|2023-12-01|26.96|15.45|19|87.22|88.24|8
jordan|balqa|2023-12-01|19.69|14.11|18|96.27|91.01|5
jordan|habaka|2023-12-01|18.31|12.12|18|47.42|42.48|9
jordan|jerash|2023-12-01|16.38|12.38|17|38.45|26.57|14
jordan|ma'an-governorate|2023-12-01|0.0|0.0|0|19.5|18.37|18
jordan|madaba|2023-12-01|0.0|0.0|0|93.97|93.18|5
jordan|mafraq|2023-12-01|15.11|13.0|18|14.13|6.7|20
jordan|zarqa|2023-12-01|25.14|16.72|17|97.66|96.37|5
jordan|kerak|2023-12-01|0.0|0.0|0|40.7|43.75|7
jordan|amman|2023-12-01|24.55|15.31|17|120.77|100.6|4
jordan|aqaba|2023-12-01|23.68|15.49|19|99.35|95.29|8
jordan|as-salt|2023-12-01|0.0|0.0|0|132.83|123.71|5
jordan|irbid|2023-12-01|19.63|12.14|17|57.76|54.41|7
jordan|ramtha|2023-12-01|23.93|16.15|18|24.14|15.28|19
jordan|jerash|2023-12-01|0.0|0.0|0|35.37|14.22|17
jordan|madaba|2023-12-01|0.0|0.0|0|109.53|98.58|5
jordan|al-mafraq|2023-12-01|0.0|0.0|0|18.05|6.95|18
jordan|az-zarqa|2023-12-01|26.26|16.94|17|102.24|98.53|5
jordan|russayfah|2023-12-01|27.29|18.79|16|92.53|86.69|4
kazakhstan|akmola-region|2023-12-01|23.11|9.2|30|31.86|31.53|7
kazakhstan|aktobe-region|2023-12-01|28.15|12.11|19|45.48|41.95|4
kazakhstan|almaty-region|2023-12-01|43.7|12.99|19|52.68|51.42|4
kazakhstan|atyrau-region|2023-12-01|28.34|12.66|22|23.37|23.03|18
kazakhstan|east-kazakhstan-region|2023-12-01|32.54|16.26|19|46.44|47.63|10
kazakhstan|jambyl-region|2023-12-01|28.62|11.06|38|32.69|31.1|5
kazakhstan|karagandy-region|2023-12-01|32.76|11.27|22|43.16|48.32|3
kazakhstan|kostanay-region|2023-12-01|32.01|13.05|43|47.9|51.58|6
kazakhstan|kyzylorda-province|2023-12-01|25.33|10.18|37|24.69|19.88|7
kazakhstan|mangystau-region|2023-12-01|40.5|14.93|56|54.72|59.68|3
kazakhstan|north-kazakhstan-region|2023-12-01|37.08|16.32|53|38.82|41.41|3
kazakhstan|pavlodar-region|2023-12-01|35.22|14.61|20|57.59|53.79|4
kazakhstan|south-kazakhstan-region|2023-12-01|26.82|10.97|21|35.73|31.78|13
kazakhstan|west-kazakhstan-province|2023-12-01|24.89|10.33|29|40.05|44.21|9
kazakhstan|kokshetau|2023-12-01|26.99|12.5|30|31.03|27.91|7
kazakhstan|shchuchinsk|2023-12-01|0.0|0.0|0|12.19|9.21|12
kazakhstan|stepnogorsk|2023-12-01|0.0|0.0|0|32.14|31.69|10
kazakhstan|aktobe|2023-12-01|30.16|12.36|19|47.91|44.88|4
kazakhstan|almaty|2023-12-01|51.25|14.31|18|54.11|53.49|4
kazakhstan|taldykorgan|2023-12-01|0.0|0.0|0|42.05|38.72|3
kazakhstan|talgar|2023-12-01|0.0|0.0|0|23.63|21.33|14
kazakhstan|atyrau|2023-12-01|34.97|14.46|19|15.43|13.45|24
kazakhstan|semey|2023-12-01|38.14|18.44|18|34.63|36.09|3
kazakhstan|ust'-kamenogorsk|2023-12-01|33.87|17.29|18|58.35|60.32|4
kazakhstan|taraz|2023-12-01|32.6|12.92|27|39.16|38.87|3
kazakhstan|balkhash|2023-12-01|0.0|0.0|0|40.06|48.11|8
kazakhstan|karagandy|2023-12-01|39.16|12.26|20|32.38|35.44|5
kazakhstan|temirtau|2023-12-01|25.22|10.77|22|42.33|52.66|2
kazakhstan|zhezqazghan|2023-12-01|0.0|0.0|0|40.96|45.69|14
kazakhstan|kostanay|2023-12-01|40.37|18.14|42|45.92|49.01|10
kazakhstan|rudny|2023-12-01|0.0|0.0|0|37.01|38.56|10
kazakhstan|kyzylorda|2023-12-01|28.25|11.8|33|30.15|23.32|5
kazakhstan|aktau|2023-12-01|41.7|17.76|49|49.23|51.89|3
kazakhstan|petropavl|2023-12-01|43.41|18.34|52|48.04|50.94|2
kazakhstan|ekibastuz|2023-12-01|0.0|0.0|0|40.83|40.16|6
kazakhstan|pavlodar|2023-12-01|46.47|18.13|17|60.18|54.21|3
kazakhstan|shymkent|2023-12-01|29.89|12.48|19|39.7|39.43|9
kazakhstan|turkistan|2023-12-01|29.82|10.41|24|0.0|0.0|0
kazakhstan|uralsk|2023-12-01|28.45|11.51|27|38.17|41.96|8
kenya|kiambu|2023-12-01|18.67|6.88|28|9.6|10.52|12
kenya|kilifi|2023-12-01|0.0|0.0|0|14.07|12.22|15
kenya|kisumu|2023-12-01|0.0|0.0|0|9.6|10.01|16
kenya|machakos|2023-12-01|0.0|0.0|0|8.32|9.44|9
kenya|makueni|2023-12-01|0.0|0.0|0|32.82|28.96|7
kenya|meru|2023-12-01|0.0|0.0|0|9.79|22.69|10
kenya|mombasa|2023-12-01|0.0|0.0|0|10.47|10.52|12
kenya|murang'a|2023-12-01|0.0|0.0|0|8.2|10.33|12
kenya|nairobi|2023-12-01|26.74|9.99|28|10.3|11.34|12
kenya|nakuru|2023-12-01|0.0|0.0|0|8.25|9.82|12
kenya|narok|2023-12-01|0.0|0.0|0|7.22|10.12|20
kenya|nyandarua|2023-12-01|0.0|0.0|0|7.31|9.44|11
kenya|nyeri|2023-12-01|0.0|0.0|0|6.46|7.55|22
kenya|uasin-gishu|2023-12-01|0.0|0.0|0|9.31|9.89|16
kenya|juja|2023-12-01|0.0|0.0|0|9.8|12.5|7
kenya|ruiru|2023-12-01|0.0|0.0|0|9.71|13.31|7
kenya|malindi|2023-12-01|0.0|0.0|0|16.05|16.12|13
kenya|pridelands|2023-12-01|0.0|0.0|0|9.18|9.75|6
kenya|mombasa|2023-12-01|0.0|0.0|0|10.66|10.91|12
kenya|nairobi|2023-12-01|27.0|9.96|28|10.3|11.34|12
kenya|nakuru|2023-12-01|0.0|0.0|0|8.05|9.72|12
