united-kingdom|england-abbots-langley|2023-08-01|0.0|0.0|0|128.29|25.78|11
united-kingdom|england-abingdon|2023-08-01|0.0|0.0|0|90.99|22.99|12
united-kingdom|england-abram|2023-08-01|0.0|0.0|0|126.68|28.89|14
united-kingdom|england-accrington|2023-08-01|0.0|0.0|0|73.92|20.94|15
united-kingdom|england-addlestone|2023-08-01|0.0|0.0|0|127.64|25.94|11
united-kingdom|england-adlington|2023-08-01|0.0|0.0|0|63.09|19.74|16
united-kingdom|england-aldbourne|2023-08-01|0.0|0.0|0|46.26|17.1|11
united-kingdom|england-alderley-edge|2023-08-01|0.0|0.0|0|73.43|19.58|16
united-kingdom|england-aldershot|2023-08-01|0.0|0.0|0|133.28|26.45|11
united-kingdom|england-all-cannings|2023-08-01|0.0|0.0|0|46.84|16.46|11
united-kingdom|england-allerton|2023-08-01|0.0|0.0|0|208.94|39.82|10
united-kingdom|england-allerton-bywater|2023-08-01|0.0|0.0|0|127.91|28.92|10
united-kingdom|england-allesley|2023-08-01|0.0|0.0|0|124.26|28.77|11
united-kingdom|england-alsager|2023-08-01|0.0|0.0|0|69.16|19.4|16
united-kingdom|england-alton|2023-08-01|0.0|0.0|0|88.66|27.7|7
united-kingdom|england-altrincham|2023-08-01|0.0|0.0|0|74.52|20.72|15
united-kingdom|england-alvechurch|2023-08-01|0.0|0.0|0|57.21|18.34|11
united-kingdom|england-amersham|2023-08-01|0.0|0.0|0|70.51|19.34|10
united-kingdom|england-amesbury|2023-08-01|0.0|0.0|0|134.8|26.17|17
united-kingdom|england-andover|2023-08-01|0.0|0.0|0|74.31|20.79|16
united-kingdom|england-angmering|2023-08-01|0.0|0.0|0|55.12|17.85|10
united-kingdom|england-appleton|2023-08-01|0.0|0.0|0|86.13|19.53|17
united-kingdom|england-appley-bridge|2023-08-01|0.0|0.0|0|62.75|17.86|18
united-kingdom|england-arborfield|2023-08-01|0.0|0.0|0|65.5|38.59|10
united-kingdom|england-arksey|2023-08-01|0.0|0.0|0|70.62|21.12|15
united-kingdom|england-armthorpe|2023-08-01|0.0|0.0|0|86.89|21.38|15
united-kingdom|england-arnold|2023-08-01|0.0|0.0|0|135.72|25.7|19
united-kingdom|england-ascot|2023-08-01|0.0|0.0|0|62.14|18.18|8
united-kingdom|england-ash|2023-08-01|0.0|0.0|0|131.0|26.19|12
united-kingdom|england-ashby-de-la-zouch|2023-08-01|0.0|0.0|0|125.61|25.96|19
united-kingdom|england-ashford|2023-08-01|0.0|0.0|0|181.32|47.22|8
united-kingdom|england-ashford|2023-08-01|0.0|0.0|0|181.32|47.22|8
united-kingdom|england-ashington|2023-08-01|0.0|0.0|0|49.24|16.5|14
united-kingdom|england-ashley-green|2023-08-01|0.0|0.0|0|63.87|18.37|11
united-kingdom|england-ashtead|2023-08-01|0.0|0.0|0|71.95|18.55|12
united-kingdom|england-ashton-in-makerfield|2023-08-01|0.0|0.0|0|88.86|20.1|17
united-kingdom|england-ashton-under-lyne|2023-08-01|84.56|10.63|35|61.82|18.21|16
united-kingdom|england-aston|2023-08-01|0.0|0.0|0|62.3|18.23|14
united-kingdom|england-aston-tirrold|2023-08-01|0.0|0.0|0|66.86|18.52|9
united-kingdom|england-atherton|2023-08-01|0.0|0.0|0|86.01|24.09|14
united-kingdom|england-attleborough|2023-08-01|0.0|0.0|0|69.33|20.1|10
united-kingdom|england-audenshaw|2023-08-01|0.0|0.0|0|135.02|26.15|12
united-kingdom|england-aughton|2023-08-01|0.0|0.0|0|70.11|25.32|18
united-kingdom|england-aveley|2023-08-01|0.0|0.0|0|123.47|28.04|6
united-kingdom|england-aylesbury|2023-08-01|61.82|8.6|28|111.8|34.61|11
united-kingdom|england-bacup|2023-08-01|0.0|0.0|0|69.42|19.12|15
united-kingdom|england-baildon|2023-08-01|0.0|0.0|0|108.38|27.67|11
united-kingdom|england-bamber-bridge|2023-08-01|0.0|0.0|0|108.26|26.16|14
united-kingdom|england-banbury|2023-08-01|0.0|0.0|0|71.96|19.0|10
united-kingdom|england-banks|2023-08-01|0.0|0.0|0|38.0|10.2|20
united-kingdom|england-banstead|2023-08-01|0.0|0.0|0|89.67|25.56|8
united-kingdom|england-barking|2023-08-01|63.19|9.12|27|81.98|23.21|7
united-kingdom|england-barlborough|2023-08-01|0.0|0.0|0|72.65|18.41|14
united-kingdom|england-barnet|2023-08-01|0.0|0.0|0|58.73|16.93|9
united-kingdom|england-barnsley|2023-08-01|45.99|10.03|37|130.44|26.15|12
united-kingdom|england-barnstaple|2023-08-01|0.0|0.0|0|69.94|18.87|13
united-kingdom|england-barnwood|2023-08-01|0.0|0.0|0|141.0|26.48|13
united-kingdom|england-barrow-in-furness|2023-08-01|0.0|0.0|0|67.91|20.36|13
united-kingdom|england-barrowford|2023-08-01|0.0|0.0|0|63.74|18.93|12
united-kingdom|england-barton-seagrave|2023-08-01|0.0|0.0|0|139.68|35.89|14
united-kingdom|england-barton-upon-humber|2023-08-01|0.0|0.0|0|66.86|29.23|15
united-kingdom|england-barwell|2023-08-01|0.0|0.0|0|96.94|20.58|19
united-kingdom|england-basildon|2023-08-01|57.93|8.61|28|138.35|26.55|11
united-kingdom|england-basingstoke|2023-08-01|55.18|7.32|27|88.82|23.96|10
united-kingdom|england-bath|2023-08-01|53.46|7.14|34|70.04|18.81|13
united-kingdom|england-bathampton|2023-08-01|0.0|0.0|0|69.83|20.64|12
united-kingdom|england-batley|2023-08-01|0.0|0.0|0|104.42|26.35|12
united-kingdom|england-bayston-hill|2023-08-01|0.0|0.0|0|63.54|17.93|12
united-kingdom|england-beaconsfield|2023-08-01|0.0|0.0|0|104.96|65.9|7
united-kingdom|england-bearsted|2023-08-01|0.0|0.0|0|71.37|18.52|10
united-kingdom|england-bebington|2023-08-01|0.0|0.0|0|128.1|28.52|16
united-kingdom|england-beckenham|2023-08-01|0.0|0.0|0|73.37|20.66|10
united-kingdom|england-beckley|2023-08-01|0.0|0.0|0|48.53|88.39|7
united-kingdom|england-bedford|2023-08-01|47.31|6.35|29|117.85|26.18|11
united-kingdom|england-bedlington|2023-08-01|0.0|0.0|0|72.85|20.76|20
united-kingdom|england-bedworth|2023-08-01|0.0|0.0|0|103.11|24.98|17
united-kingdom|england-beeston|2023-08-01|0.0|0.0|0|139.09|26.06|19
united-kingdom|england-belper|2023-08-01|0.0|0.0|0|58.42|17.07|14
united-kingdom|england-belton|2023-08-01|0.0|0.0|0|46.83|11.04|16
united-kingdom|england-belvedere|2023-08-01|0.0|0.0|0|80.01|21.27|7
united-kingdom|england-berden|2023-08-01|0.0|0.0|0|99.11|81.09|14
united-kingdom|england-berkhamsted|2023-08-01|0.0|0.0|0|63.82|17.92|11
united-kingdom|england-bexhill|2023-08-01|0.0|0.0|0|60.2|18.47|9
united-kingdom|england-bexley|2023-08-01|0.0|0.0|0|138.85|27.23|11
united-kingdom|england-bexleyheath|2023-08-01|0.0|0.0|0|147.02|28.6|11
united-kingdom|england-bicester|2023-08-01|0.0|0.0|0|74.34|22.84|11
united-kingdom|england-bickershaw|2023-08-01|0.0|0.0|0|136.0|26.3|15
united-kingdom|england-bideford|2023-08-01|0.0|0.0|0|56.48|18.13|15
united-kingdom|england-biggin-hill|2023-08-01|0.0|0.0|0|134.71|28.12|10
united-kingdom|england-biggleswade|2023-08-01|0.0|0.0|0|137.02|30.5|10
united-kingdom|england-billericay|2023-08-01|0.0|0.0|0|79.74|24.76|8
united-kingdom|england-billinge|2023-08-01|0.0|0.0|0|67.08|18.74|18
united-kingdom|england-bilston|2023-08-01|0.0|0.0|0|107.62|25.43|17
united-kingdom|england-binfield|2023-08-01|0.0|0.0|0|78.51|25.88|10
united-kingdom|england-bingley|2023-08-01|0.0|0.0|0|104.47|35.31|12
united-kingdom|england-birchwood|2023-08-01|0.0|0.0|0|74.1|19.27|14
united-kingdom|england-birkenhead|2023-08-01|42.1|6.82|38|114.51|28.15|16
united-kingdom|england-birkenshaw|2023-08-01|0.0|0.0|0|74.15|27.55|11
united-kingdom|england-birmingham|2023-08-01|56.46|7.76|31|121.38|25.64|18
united-kingdom|england-birstall|2023-08-01|0.0|0.0|0|145.12|23.98|21
united-kingdom|england-birstall|2023-08-01|0.0|0.0|0|145.12|23.98|21
united-kingdom|england-birtley|2023-08-01|0.0|0.0|0|61.23|17.74|15
united-kingdom|england-bisham|2023-08-01|0.0|0.0|0|93.19|71.06|8
united-kingdom|england-bishop-auckland|2023-08-01|0.0|0.0|0|51.15|17.09|17
united-kingdom|england-bishops-cleeve|2023-08-01|0.0|0.0|0|129.18|26.17|14
united-kingdom|england-blackburn|2023-08-01|58.38|8.94|36|108.22|22.94|13
united-kingdom|england-blackpool|2023-08-01|47.32|7.35|38|91.32|21.55|16
united-kingdom|england-blackwater|2023-08-01|0.0|0.0|0|205.55|36.84|11
united-kingdom|england-bletchingley|2023-08-01|0.0|0.0|0|76.41|20.91|11
united-kingdom|england-bletchley|2023-08-01|0.0|0.0|0|101.78|41.3|7
united-kingdom|england-blunsdon-saint-andrew|2023-08-01|0.0|0.0|0|150.53|33.75|11
united-kingdom|england-blyth|2023-08-01|0.0|0.0|0|105.89|26.71|13
united-kingdom|england-boars-hill|2023-08-01|0.0|0.0|0|94.58|26.03|12
united-kingdom|england-bodmin|2023-08-01|0.0|0.0|0|44.69|16.62|17
united-kingdom|england-bognor-regis|2023-08-01|26.82|6.04|31|51.9|16.72|10
united-kingdom|england-bold-heath|2023-08-01|0.0|0.0|0|62.61|18.65|17
united-kingdom|england-bolton|2023-08-01|40.27|6.7|38|107.54|25.9|12
united-kingdom|england-bolton-upon-dearne|2023-08-01|0.0|0.0|0|39.73|14.61|13
united-kingdom|england-bootle|2023-08-01|0.0|0.0|0|147.05|26.14|16
united-kingdom|england-borehamwood|2023-08-01|0.0|0.0|0|101.21|23.1|10
united-kingdom|england-boston|2023-08-01|0.0|0.0|0|76.83|49.05|10
united-kingdom|england-bourne|2023-08-01|0.0|0.0|0|120.96|28.24|12
united-kingdom|england-bournemouth|2023-08-01|53.16|7.41|33|112.54|25.81|14
united-kingdom|england-bournmoor|2023-08-01|0.0|0.0|0|102.92|26.28|14
united-kingdom|england-bowers-gifford|2023-08-01|0.0|0.0|0|44.59|16.44|10
united-kingdom|england-brackley|2023-08-01|0.0|0.0|0|84.64|29.12|10
united-kingdom|england-bracknell|2023-08-01|0.0|0.0|0|134.94|29.82|10
united-kingdom|england-bradford|2023-08-01|55.94|10.1|33|106.65|25.86|11
united-kingdom|england-bradley-stoke|2023-08-01|0.0|0.0|0|181.39|34.93|11
united-kingdom|england-braintree|2023-08-01|0.0|0.0|0|72.9|22.92|8
united-kingdom|england-bramcote|2023-08-01|0.0|0.0|0|118.04|26.17|19
united-kingdom|england-bramhall|2023-08-01|0.0|0.0|0|75.21|23.9|15
united-kingdom|england-bramley|2023-08-01|0.0|0.0|0|68.76|20.64|11
united-kingdom|england-braunstone-town|2023-08-01|0.0|0.0|0|169.44|25.91|20
united-kingdom|england-bray|2023-08-01|0.0|0.0|0|55.2|16.48|10
united-kingdom|england-bredbury|2023-08-01|0.0|0.0|0|134.92|28.54|12
united-kingdom|england-brentford|2023-08-01|0.0|0.0|0|73.93|20.94|8
united-kingdom|england-brentwood|2023-08-01|0.0|0.0|0|65.46|18.62|7
united-kingdom|england-bridgwater|2023-08-01|0.0|0.0|0|67.4|19.22|12
united-kingdom|england-bridlington|2023-08-01|0.0|0.0|0|73.23|19.6|16
united-kingdom|england-brierfield|2023-08-01|0.0|0.0|0|118.84|24.22|11
united-kingdom|england-brierley-hill|2023-08-01|0.0|0.0|0|144.94|26.24|18
united-kingdom|england-brighouse|2023-08-01|0.0|0.0|0|59.65|18.18|13
united-kingdom|england-brinsworth|2023-08-01|0.0|0.0|0|126.41|26.22|12
united-kingdom|england-bristol|2023-08-01|53.34|6.98|32|100.56|25.7|12
united-kingdom|england-brixham|2023-08-01|0.0|0.0|0|60.97|19.07|16
united-kingdom|england-brixworth|2023-08-01|0.0|0.0|0|136.36|58.56|8
united-kingdom|england-broadbridge-heath|2023-08-01|0.0|0.0|0|73.72|25.21|7
united-kingdom|england-broadstairs|2023-08-01|0.0|0.0|0|73.38|21.04|11
united-kingdom|england-brockenhurst|2023-08-01|0.0|0.0|0|37.46|12.0|13
united-kingdom|england-brockworth|2023-08-01|0.0|0.0|0|138.46|26.09|14
united-kingdom|england-bromley|2023-08-01|54.18|8.4|25|114.44|25.92|10
united-kingdom|england-bromsgrove|2023-08-01|0.0|0.0|0|97.76|27.61|11
united-kingdom|england-brookmans-park|2023-08-01|0.0|0.0|0|53.57|18.04|8
united-kingdom|england-broomfield|2023-08-01|0.0|0.0|0|71.93|26.02|9
united-kingdom|england-brown-edge|2023-08-01|0.0|0.0|0|69.15|21.58|15
united-kingdom|england-broxbourne|2023-08-01|0.0|0.0|0|71.78|20.43|11
united-kingdom|england-buckhurst-hill|2023-08-01|0.0|0.0|0|131.37|25.46|11
united-kingdom|england-buckingham|2023-08-01|0.0|0.0|0|98.21|36.54|9
united-kingdom|england-buckshaw-village|2023-08-01|0.0|0.0|0|107.9|30.58|15
united-kingdom|england-burbage|2023-08-01|0.0|0.0|0|126.33|25.83|18
united-kingdom|england-burgess-hill|2023-08-01|0.0|0.0|0|67.59|18.5|10
united-kingdom|england-burley|2023-08-01|0.0|0.0|0|37.54|14.13|12
united-kingdom|england-burnham|2023-08-01|0.0|0.0|0|107.3|26.21|10
united-kingdom|england-burnham-on-sea|2023-08-01|0.0|0.0|0|62.61|18.13|12
united-kingdom|england-burnley|2023-08-01|0.0|0.0|0|120.01|25.88|12
united-kingdom|england-burntwood|2023-08-01|0.0|0.0|0|123.48|26.12|14
united-kingdom|england-burscough|2023-08-01|0.0|0.0|0|73.91|21.5|17
united-kingdom|england-burton|2023-08-01|0.0|0.0|0|63.53|18.17|15
united-kingdom|england-burton-latimer|2023-08-01|0.0|0.0|0|129.83|26.01|14
united-kingdom|england-burton-upon-trent|2023-08-01|51.8|6.62|38|71.85|18.47|16
united-kingdom|england-burtonwood|2023-08-01|0.0|0.0|0|53.74|13.48|17
united-kingdom|england-bury|2023-08-01|48.04|8.58|38|78.36|25.39|15
united-kingdom|england-bury-saint-edmunds|2023-08-01|0.0|0.0|0|73.54|24.99|8
united-kingdom|england-bushey|2023-08-01|0.0|0.0|0|92.84|24.12|10
united-kingdom|england-buxton|2023-08-01|0.0|0.0|0|40.4|13.33|18
united-kingdom|england-caddington|2023-08-01|0.0|0.0|0|70.68|20.49|11
united-kingdom|england-calne|2023-08-01|0.0|0.0|0|110.94|26.65|9
united-kingdom|england-calverley|2023-08-01|0.0|0.0|0|73.05|19.66|11
united-kingdom|england-camberley|2023-08-01|0.0|0.0|0|108.98|26.01|11
united-kingdom|england-camborne|2023-08-01|0.0|0.0|0|57.2|18.71|17
united-kingdom|england-cambourne|2023-08-01|0.0|0.0|0|147.95|32.33|8
united-kingdom|england-cambridge|2023-08-01|37.26|5.93|31|112.72|26.19|15
united-kingdom|england-cannock|2023-08-01|0.0|0.0|0|91.12|28.45|10
united-kingdom|england-canterbury|2023-08-01|0.0|0.0|0|49.36|16.11|9
united-kingdom|england-canvey-island|2023-08-01|0.0|0.0|0|64.01|18.3|11
united-kingdom|england-carlisle|2023-08-01|54.22|6.95|46|71.17|19.64|19
united-kingdom|england-carlton|2023-08-01|0.0|0.0|0|146.12|26.42|19
united-kingdom|england-carlton-colville|2023-08-01|0.0|0.0|0|104.91|43.11|8
united-kingdom|england-carshalton|2023-08-01|0.0|0.0|0|194.41|50.05|7
united-kingdom|england-carterton|2023-08-01|0.0|0.0|0|144.46|28.96|13
united-kingdom|england-castleford|2023-08-01|0.0|0.0|0|141.52|29.36|11
united-kingdom|england-caterham|2023-08-01|0.0|0.0|0|72.42|20.32|12
united-kingdom|england-cawthorne|2023-08-01|0.0|0.0|0|53.3|18.43|13
united-kingdom|england-chadderton|2023-08-01|0.0|0.0|0|138.77|30.64|13
united-kingdom|england-chafford-hundred|2023-08-01|0.0|0.0|0|153.95|35.15|6
united-kingdom|england-chalfont-saint-peter|2023-08-01|0.0|0.0|0|83.14|26.03|8
united-kingdom|england-chandler's-ford|2023-08-01|0.0|0.0|0|70.34|18.57|14
united-kingdom|england-chard|2023-08-01|0.0|0.0|0|54.43|14.89|14
united-kingdom|england-charnock-richard|2023-08-01|0.0|0.0|0|71.43|24.13|16
united-kingdom|england-chatham|2023-08-01|42.87|6.2|27|124.8|26.04|13
united-kingdom|england-chatteris|2023-08-01|0.0|0.0|0|58.53|18.11|12
united-kingdom|england-cheadle|2023-08-01|0.0|0.0|0|88.34|20.89|12
united-kingdom|england-cheadle|2023-08-01|0.0|0.0|0|88.34|20.89|12
united-kingdom|england-cheadle-hulme|2023-08-01|0.0|0.0|0|106.68|25.97|14
united-kingdom|england-chelmsford|2023-08-01|59.48|9.15|27|134.71|26.49|12
united-kingdom|england-chelsfield|2023-08-01|0.0|0.0|0|101.87|26.17|9
united-kingdom|england-cheltenham|2023-08-01|46.93|8.28|31|98.07|25.82|14
united-kingdom|england-chertsey|2023-08-01|0.0|0.0|0|133.85|26.8|11
united-kingdom|england-chesham|2023-08-01|0.0|0.0|0|81.24|21.14|11
united-kingdom|england-cheshunt|2023-08-01|0.0|0.0|0|133.89|25.99|11
united-kingdom|england-chessington|2023-08-01|0.0|0.0|0|144.36|36.41|9
united-kingdom|england-chester|2023-08-01|44.21|9.03|35|56.39|17.73|18
united-kingdom|england-chesterfield|2023-08-01|74.63|10.41|36|70.36|18.52|14
united-kingdom|england-chestfield|2023-08-01|0.0|0.0|0|51.05|17.26|8
united-kingdom|england-chichester|2023-08-01|0.0|0.0|0|61.05|18.4|11
united-kingdom|england-chigwell|2023-08-01|0.0|0.0|0|93.6|23.73|9
united-kingdom|england-chineham|2023-08-01|0.0|0.0|0|80.17|24.33|11
united-kingdom|england-chinnor|2023-08-01|0.0|0.0|0|68.36|18.57|8
united-kingdom|england-chippenham|2023-08-01|0.0|0.0|0|103.04|28.69|11
united-kingdom|england-chipping-sodbury|2023-08-01|0.0|0.0|0|104.5|22.56|12
united-kingdom|england-chislehurst|2023-08-01|0.0|0.0|0|88.94|27.2|7
united-kingdom|england-chorley|2023-08-01|0.0|0.0|0|125.51|26.33|15
united-kingdom|england-christchurch|2023-08-01|0.0|0.0|0|98.23|21.0|15
united-kingdom|england-church-crookham|2023-08-01|0.0|0.0|0|85.52|20.32|14
united-kingdom|england-church-end|2023-08-01|0.0|0.0|0|69.41|18.68|14
united-kingdom|england-churchdown|2023-08-01|0.0|0.0|0|140.89|26.93|14
united-kingdom|england-churwell|2023-08-01|0.0|0.0|0|135.93|27.69|10
united-kingdom|england-cirencester|2023-08-01|0.0|0.0|0|77.96|28.05|11
united-kingdom|england-clacton-on-sea|2023-08-01|0.0|0.0|0|61.97|18.34|10
united-kingdom|england-claygate|2023-08-01|0.0|0.0|0|66.96|18.66|12
united-kingdom|england-clayton-le-woods|2023-08-01|0.0|0.0|0|134.94|26.22|15
united-kingdom|england-cleckheaton|2023-08-01|0.0|0.0|0|85.93|25.33|12
united-kingdom|england-cleethorpes|2023-08-01|0.0|0.0|0|148.13|25.43|21
united-kingdom|england-clevedon|2023-08-01|0.0|0.0|0|148.06|26.34|12
united-kingdom|england-clifton|2023-08-01|0.0|0.0|0|200.71|26.29|19
united-kingdom|england-clitheroe|2023-08-01|0.0|0.0|0|91.48|30.36|11
united-kingdom|england-clock-face|2023-08-01|0.0|0.0|0|136.04|26.76|15
united-kingdom|england-coalville|2023-08-01|0.0|0.0|0|115.08|25.99|18
united-kingdom|england-cobham|2023-08-01|0.0|0.0|0|73.14|22.37|9
united-kingdom|england-codsall|2023-08-01|0.0|0.0|0|47.55|11.8|13
united-kingdom|england-colchester|2023-08-01|60.42|8.39|28|94.5|24.88|16
united-kingdom|england-coleshill|2023-08-01|0.0|0.0|0|69.81|18.62|12
united-kingdom|england-collingtree|2023-08-01|0.0|0.0|0|87.9|32.58|11
united-kingdom|england-colne|2023-08-01|0.0|0.0|0|67.46|18.52|13
united-kingdom|england-congleton|2023-08-01|0.0|0.0|0|108.35|28.7|15
united-kingdom|england-conisbrough|2023-08-01|0.0|0.0|0|63.61|19.03|14
united-kingdom|england-consett|2023-08-01|0.0|0.0|0|94.02|21.28|16
united-kingdom|england-cookham|2023-08-01|0.0|0.0|0|58.47|17.27|8
united-kingdom|england-copthorne|2023-08-01|0.0|0.0|0|65.89|20.43|10
united-kingdom|england-corby|2023-08-01|0.0|0.0|0|137.81|28.21|14
united-kingdom|england-corringham|2023-08-01|0.0|0.0|0|98.54|25.25|9
united-kingdom|england-corsham|2023-08-01|0.0|0.0|0|64.51|17.97|12
united-kingdom|england-costessey|2023-08-01|0.0|0.0|0|93.39|25.47|13
united-kingdom|england-cottenham|2023-08-01|0.0|0.0|0|77.16|20.71|15
united-kingdom|england-coulsdon|2023-08-01|0.0|0.0|0|84.98|22.79|11
united-kingdom|england-coventry|2023-08-01|57.8|8.85|32|129.11|28.63|15
united-kingdom|england-cradley-heath|2023-08-01|0.0|0.0|0|139.8|25.89|19
united-kingdom|england-cramlington|2023-08-01|0.0|0.0|0|64.36|18.25|16
united-kingdom|england-crawley|2023-08-01|58.77|7.2|27|129.83|25.88|11
united-kingdom|england-crewe|2023-08-01|33.14|7.31|40|91.08|28.55|13
united-kingdom|england-crigglestone|2023-08-01|0.0|0.0|0|103.71|20.59|12
united-kingdom|england-croft|2023-08-01|0.0|0.0|0|69.6|20.45|15
united-kingdom|england-crowborough|2023-08-01|0.0|0.0|0|58.62|18.54|8
united-kingdom|england-crowthorne|2023-08-01|0.0|0.0|0|66.27|18.67|8
united-kingdom|england-croxley-green|2023-08-01|0.0|0.0|0|102.0|26.34|10
united-kingdom|england-croydon|2023-08-01|48.21|6.51|28|111.31|26.04|10
united-kingdom|england-cubbington|2023-08-01|0.0|0.0|0|139.6|28.12|16
united-kingdom|england-cudworth|2023-08-01|0.0|0.0|0|94.34|21.07|13
united-kingdom|england-culcheth|2023-08-01|0.0|0.0|0|70.9|28.71|15
united-kingdom|england-cumnor|2023-08-01|0.0|0.0|0|94.81|35.39|13
united-kingdom|england-dagenham|2023-08-01|67.37|8.85|27|139.85|27.17|10
united-kingdom|england-darlington|2023-08-01|45.95|6.7|36|149.6|30.19|18
united-kingdom|england-dartford|2023-08-01|61.79|9.12|27|93.08|23.41|11
united-kingdom|england-darwen|2023-08-01|0.0|0.0|0|70.0|18.68|15
united-kingdom|england-datchet|2023-08-01|0.0|0.0|0|137.14|26.3|11
united-kingdom|england-daventry|2023-08-01|0.0|0.0|0|96.79|28.21|10
united-kingdom|england-deal|2023-08-01|0.0|0.0|0|73.73|21.45|7
united-kingdom|england-deepcut|2023-08-01|0.0|0.0|0|69.6|17.84|8
united-kingdom|england-denham|2023-08-01|0.0|0.0|0|65.77|18.42|10
united-kingdom|england-denmead|2023-08-01|0.0|0.0|0|63.88|17.98|18
united-kingdom|england-denton|2023-08-01|0.0|0.0|0|111.72|24.87|14
united-kingdom|england-derby|2023-08-01|74.2|9.52|36|129.11|25.97|19
united-kingdom|england-dereham|2023-08-01|0.0|0.0|0|70.83|19.63|10
united-kingdom|england-devizes|2023-08-01|0.0|0.0|0|49.74|16.93|12
united-kingdom|england-dewsbury|2023-08-01|0.0|0.0|0|124.59|25.86|12
united-kingdom|england-didcot|2023-08-01|0.0|0.0|0|74.06|20.95|12
united-kingdom|england-dinnington|2023-08-01|0.0|0.0|0|70.0|18.7|13
united-kingdom|england-doddinghurst|2023-08-01|0.0|0.0|0|61.27|18.38|8
united-kingdom|england-doncaster|2023-08-01|62.62|8.55|38|117.48|28.13|13
united-kingdom|england-dorchester|2023-08-01|0.0|0.0|0|65.66|18.54|12
united-kingdom|england-dorking|2023-08-01|0.0|0.0|0|65.88|18.31|8
united-kingdom|england-dover|2023-08-01|0.0|0.0|0|91.77|20.82|15
united-kingdom|england-downley|2023-08-01|0.0|0.0|0|55.9|17.6|9
united-kingdom|england-drighlington|2023-08-01|0.0|0.0|0|74.26|24.3|11
united-kingdom|england-droitwich-spa|2023-08-01|0.0|0.0|0|53.08|16.27|11
united-kingdom|england-dronfield|2023-08-01|0.0|0.0|0|75.02|21.24|15
united-kingdom|england-droylsden|2023-08-01|0.0|0.0|0|136.01|26.77|13
united-kingdom|england-dudley|2023-08-01|80.39|8.14|31|129.36|25.54|18
united-kingdom|england-dukinfield|2023-08-01|0.0|0.0|0|71.1|18.64|15
united-kingdom|england-dunstable|2023-08-01|0.0|0.0|0|125.95|25.72|12
united-kingdom|england-durham|2023-08-01|51.49|8.4|34|70.84|19.09|13
united-kingdom|england-earley|2023-08-01|0.0|0.0|0|133.22|26.02|11
united-kingdom|england-east-ayton|2023-08-01|0.0|0.0|0|75.73|20.96|15
united-kingdom|england-east-grinstead|2023-08-01|0.0|0.0|0|71.74|20.41|9
united-kingdom|england-east-horsley|2023-08-01|0.0|0.0|0|90.45|28.14|6
united-kingdom|england-east-molesey|2023-08-01|0.0|0.0|0|105.3|26.15|9
united-kingdom|england-eastbourne|2023-08-01|33.08|6.22|33|79.75|48.03|8
united-kingdom|england-eastchurch|2023-08-01|0.0|0.0|0|53.6|17.63|9
united-kingdom|england-eastleigh|2023-08-01|0.0|0.0|0|103.16|25.68|13
united-kingdom|england-eastwood|2023-08-01|0.0|0.0|0|139.46|26.24|19
united-kingdom|england-eccles|2023-08-01|0.0|0.0|0|150.71|28.9|12
united-kingdom|england-eccleshall|2023-08-01|0.0|0.0|0|40.17|12.77|12
united-kingdom|england-eccleston|2023-08-01|0.0|0.0|0|103.04|25.94|16
united-kingdom|england-edgware|2023-08-01|50.13|8.66|28|93.98|23.46|10
united-kingdom|england-egham|2023-08-01|0.0|0.0|0|130.61|28.62|8
united-kingdom|england-ellesmere-port|2023-08-01|0.0|0.0|0|133.84|27.53|16
united-kingdom|england-elstow|2023-08-01|0.0|0.0|0|75.15|20.95|10
united-kingdom|england-ely|2023-08-01|0.0|0.0|0|115.06|28.09|12
united-kingdom|england-emerson-valley|2023-08-01|0.0|0.0|0|143.51|53.01|8
united-kingdom|england-emersons-green|2023-08-01|0.0|0.0|0|180.97|33.64|11
united-kingdom|england-emsworth|2023-08-01|0.0|0.0|0|55.89|17.12|15
united-kingdom|england-enfield|2023-08-01|46.11|6.37|29|83.13|20.95|12
united-kingdom|england-englefield-green|2023-08-01|0.0|0.0|0|87.29|25.32|8
united-kingdom|england-epsom|2023-08-01|37.95|5.38|28|133.17|28.38|10
united-kingdom|england-erith|2023-08-01|0.0|0.0|0|82.94|20.38|9
united-kingdom|england-esher|2023-08-01|0.0|0.0|0|96.29|25.81|11
united-kingdom|england-essington|2023-08-01|0.0|0.0|0|55.1|17.87|14
united-kingdom|england-euxton|2023-08-01|0.0|0.0|0|87.85|24.65|15
united-kingdom|england-evesham|2023-08-01|0.0|0.0|0|74.25|21.97|12
united-kingdom|england-ewell|2023-08-01|0.0|0.0|0|134.56|26.82|10
united-kingdom|england-exeter|2023-08-01|48.03|7.79|36|89.44|24.42|15
united-kingdom|england-exmouth|2023-08-01|0.0|0.0|0|77.16|27.53|12
united-kingdom|england-failsworth|2023-08-01|0.0|0.0|0|83.45|26.69|15
united-kingdom|england-fakenham|2023-08-01|0.0|0.0|0|44.74|10.15|12
united-kingdom|england-falmouth|2023-08-01|0.0|0.0|0|54.01|18.57|17
united-kingdom|england-fareham|2023-08-01|0.0|0.0|0|99.46|25.41|14
united-kingdom|england-farnborough|2023-08-01|0.0|0.0|0|111.08|25.42|12
united-kingdom|england-farnham|2023-08-01|0.0|0.0|0|61.65|18.21|10
united-kingdom|england-farnworth|2023-08-01|0.0|0.0|0|132.98|28.76|12
united-kingdom|england-faversham|2023-08-01|0.0|0.0|0|58.76|18.28|7
united-kingdom|england-featherstone|2023-08-01|0.0|0.0|0|72.79|18.56|12
united-kingdom|england-felixstowe|2023-08-01|0.0|0.0|0|56.13|17.43|15
united-kingdom|england-feltham|2023-08-01|60.49|8.48|28|119.76|27.33|10
united-kingdom|england-ferndown|2023-08-01|0.0|0.0|0|48.15|14.54|12
united-kingdom|england-fetcham|2023-08-01|0.0|0.0|0|137.38|26.96|12
united-kingdom|england-filton|2023-08-01|0.0|0.0|0|87.3|23.43|12
united-kingdom|england-finchampstead|2023-08-01|0.0|0.0|0|61.72|18.0|8
united-kingdom|england-fleet|2023-08-01|0.0|0.0|0|94.52|22.34|13
united-kingdom|england-fleetwood|2023-08-01|0.0|0.0|0|92.5|27.62|19
united-kingdom|england-flitwick|2023-08-01|0.0|0.0|0|130.9|25.85|12
united-kingdom|england-folkestone|2023-08-01|0.0|0.0|0|110.36|25.53|14
united-kingdom|england-forest-town|2023-08-01|0.0|0.0|0|99.87|21.03|17
united-kingdom|england-formby|2023-08-01|0.0|0.0|0|94.74|27.44|17
united-kingdom|england-frampton-cotterell|2023-08-01|0.0|0.0|0|136.8|25.74|12
united-kingdom|england-friday-bridge|2023-08-01|0.0|0.0|0|72.68|20.26|12
united-kingdom|england-frimley|2023-08-01|0.0|0.0|0|121.92|25.7|12
united-kingdom|england-frome|2023-08-01|0.0|0.0|0|140.94|25.58|13
united-kingdom|england-fulwood|2023-08-01|0.0|0.0|0|69.53|18.56|16
united-kingdom|england-gainsborough|2023-08-01|0.0|0.0|0|78.31|18.9|17
united-kingdom|england-gamston|2023-08-01|0.0|0.0|0|100.39|26.32|20
united-kingdom|england-garforth|2023-08-01|0.0|0.0|0|70.45|20.82|11
united-kingdom|england-gateshead|2023-08-01|53.13|9.02|36|107.97|24.96|17
united-kingdom|england-gerrards-cross|2023-08-01|0.0|0.0|0|111.58|37.02|7
united-kingdom|england-gildersome|2023-08-01|0.0|0.0|0|68.67|22.4|10
united-kingdom|england-gillingham|2023-08-01|44.74|7.92|27|145.64|28.82|12
united-kingdom|england-glossop|2023-08-01|0.0|0.0|0|38.58|10.28|18
united-kingdom|england-gloucester|2023-08-01|81.33|9.96|29|106.68|25.41|14
united-kingdom|england-godalming|2023-08-01|0.0|0.0|0|70.04|18.7|7
united-kingdom|england-godmanchester|2023-08-01|0.0|0.0|0|138.56|26.34|16
united-kingdom|england-goff's-oak|2023-08-01|0.0|0.0|0|78.82|24.55|9
united-kingdom|england-gomersal|2023-08-01|0.0|0.0|0|94.0|29.78|11
united-kingdom|england-gorleston-on-sea|2023-08-01|0.0|0.0|0|134.48|25.85|16
united-kingdom|england-gosport|2023-08-01|39.39|7.09|31|130.83|25.56|16
united-kingdom|england-grantham|2023-08-01|0.0|0.0|0|139.05|26.12|19
united-kingdom|england-gravesend|2023-08-01|57.92|8.76|28|126.98|26.25|10
united-kingdom|england-grays|2023-08-01|75.06|8.15|27|148.51|31.22|11
united-kingdom|england-greasby|2023-08-01|0.0|0.0|0|74.37|26.65|17
united-kingdom|england-great-baddow|2023-08-01|0.0|0.0|0|94.44|26.15|8
united-kingdom|england-great-bookham|2023-08-01|0.0|0.0|0|68.32|18.0|12
united-kingdom|england-great-chart|2023-08-01|0.0|0.0|0|84.03|24.77|11
united-kingdom|england-great-sankey|2023-08-01|0.0|0.0|0|124.52|26.23|14
united-kingdom|england-great-yarmouth|2023-08-01|0.0|0.0|0|60.82|18.46|16
united-kingdom|england-greenford|2023-08-01|0.0|0.0|0|71.68|21.63|9
united-kingdom|england-greenmount|2023-08-01|0.0|0.0|0|58.3|17.97|17
united-kingdom|england-grimsby|2023-08-01|52.24|8.07|46|145.21|26.33|21
united-kingdom|england-guildford|2023-08-01|51.46|8.56|26|120.54|25.64|11
united-kingdom|england-guisborough|2023-08-01|0.0|0.0|0|140.62|26.17|18
united-kingdom|england-guiseley|2023-08-01|0.0|0.0|0|72.15|23.88|11
united-kingdom|england-hagley|2023-08-01|0.0|0.0|0|57.87|18.44|19
united-kingdom|england-hailsham|2023-08-01|0.0|0.0|0|124.25|51.15|7
united-kingdom|england-hale|2023-08-01|0.0|0.0|0|72.38|19.39|14
united-kingdom|england-halesowen|2023-08-01|0.0|0.0|0|91.75|21.01|18
united-kingdom|england-halifax|2023-08-01|55.8|8.9|33|70.59|19.03|12
united-kingdom|england-halsall|2023-08-01|0.0|0.0|0|92.92|26.26|15
united-kingdom|england-hamble-le-rice|2023-08-01|0.0|0.0|0|70.09|19.15|13
united-kingdom|england-hampton|2023-08-01|0.0|0.0|0|147.61|34.77|7
united-kingdom|england-hampton-wick|2023-08-01|0.0|0.0|0|64.5|21.17|9
united-kingdom|england-harefield|2023-08-01|0.0|0.0|0|69.62|20.9|10
united-kingdom|england-harlow|2023-08-01|42.32|7.07|27|137.52|26.2|15
united-kingdom|england-harpenden|2023-08-01|0.0|0.0|0|91.69|25.75|10
united-kingdom|england-harrogate|2023-08-01|33.9|5.8|37|132.64|26.86|12
united-kingdom|england-harrow|2023-08-01|48.8|6.17|28|101.02|24.51|10
united-kingdom|england-hartlepool|2023-08-01|0.0|0.0|0|142.83|30.49|19
united-kingdom|england-harwich|2023-08-01|0.0|0.0|0|45.91|16.28|11
united-kingdom|england-haslemere|2023-08-01|0.0|0.0|0|69.78|18.38|8
united-kingdom|england-haslington|2023-08-01|0.0|0.0|0|57.76|18.0|17
united-kingdom|england-hastings|2023-08-01|0.0|0.0|0|49.18|15.66|9
united-kingdom|england-hatfield|2023-08-01|0.0|0.0|0|90.78|23.46|11
united-kingdom|england-hatfield|2023-08-01|0.0|0.0|0|90.78|23.46|11
united-kingdom|england-havant|2023-08-01|0.0|0.0|0|133.84|26.1|16
united-kingdom|england-haverhill|2023-08-01|0.0|0.0|0|57.49|18.46|9
united-kingdom|england-hawkinge|2023-08-01|0.0|0.0|0|146.85|52.85|7
united-kingdom|england-hayes|2023-08-01|61.16|10.79|28|153.63|28.92|10
united-kingdom|england-haywards-heath|2023-08-01|0.0|0.0|0|58.69|17.92|9
united-kingdom|england-hazel-grove|2023-08-01|0.0|0.0|0|102.33|20.93|14
united-kingdom|england-hazlemere|2023-08-01|0.0|0.0|0|70.51|18.65|8
united-kingdom|england-heald-green|2023-08-01|0.0|0.0|0|111.3|23.54|13
united-kingdom|england-heanor|2023-08-01|0.0|0.0|0|130.91|28.39|11
united-kingdom|england-hebburn|2023-08-01|0.0|0.0|0|133.38|25.75|18
united-kingdom|england-heckmondwike|2023-08-01|0.0|0.0|0|140.91|26.43|12
united-kingdom|england-hedge-end|2023-08-01|0.0|0.0|0|123.19|21.06|14
united-kingdom|england-hednesford|2023-08-01|0.0|0.0|0|114.33|28.92|9
united-kingdom|england-hemel-hempstead|2023-08-01|43.0|7.77|29|137.32|28.36|10
united-kingdom|england-henley-on-thames|2023-08-01|0.0|0.0|0|144.98|126.06|5
united-kingdom|england-hereford|2023-08-01|0.0|0.0|0|82.07|60.32|12
united-kingdom|england-herne-bay|2023-08-01|0.0|0.0|0|85.26|28.29|7
united-kingdom|england-hersham|2023-08-01|0.0|0.0|0|135.01|26.82|11
united-kingdom|england-hertford|2023-08-01|0.0|0.0|0|115.08|21.12|11
united-kingdom|england-heywood|2023-08-01|0.0|0.0|0|96.15|25.81|14
united-kingdom|england-high-wycombe|2023-08-01|32.41|7.07|30|72.64|19.92|8
united-kingdom|england-higham-ferrers|2023-08-01|0.0|0.0|0|118.13|28.87|9
united-kingdom|england-hinckley|2023-08-01|0.0|0.0|0|141.52|26.66|20
united-kingdom|england-hindley|2023-08-01|0.0|0.0|0|101.58|24.96|16
united-kingdom|england-hitchin|2023-08-01|0.0|0.0|0|127.46|25.54|11
united-kingdom|england-hoddesdon|2023-08-01|0.0|0.0|0|114.19|24.82|12
united-kingdom|england-hook|2023-08-01|0.0|0.0|0|77.0|24.23|8
united-kingdom|england-horley|2023-08-01|50.3|6.51|29|74.26|21.17|11
united-kingdom|england-hornchurch|2023-08-01|0.0|0.0|0|93.1|21.95|11
united-kingdom|england-horsforth|2023-08-01|0.0|0.0|0|125.88|28.26|11
united-kingdom|england-horsham|2023-08-01|0.0|0.0|0|73.34|23.56|8
united-kingdom|england-horwich|2023-08-01|0.0|0.0|0|69.52|21.44|15
united-kingdom|england-houghton-le-spring|2023-08-01|0.0|0.0|0|132.34|26.34|16
united-kingdom|england-houghton-regis|2023-08-01|0.0|0.0|0|143.84|29.9|11
united-kingdom|england-hounslow|2023-08-01|50.74|8.18|29|126.91|25.95|10
united-kingdom|england-hoyland|2023-08-01|0.0|0.0|0|72.43|19.6|14
united-kingdom|england-hucknall|2023-08-01|0.0|0.0|0|121.14|23.79|20
united-kingdom|england-huddersfield|2023-08-01|47.75|7.72|33|109.13|25.94|11
united-kingdom|england-hull|2023-08-01|66.87|8.12|38|195.71|128.82|8
united-kingdom|england-huntingdon|2023-08-01|0.0|0.0|0|74.32|20.45|14
united-kingdom|england-hyde|2023-08-01|0.0|0.0|0|96.44|23.88|15
united-kingdom|england-hythe|2023-08-01|0.0|0.0|0|72.98|21.02|9
united-kingdom|england-hythe|2023-08-01|0.0|0.0|0|72.98|21.02|9
united-kingdom|england-ickenham|2023-08-01|0.0|0.0|0|73.43|20.69|10
united-kingdom|england-ilford|2023-08-01|48.55|6.22|28|139.78|28.8|9
united-kingdom|england-ilkeston|2023-08-01|0.0|0.0|0|95.51|21.69|20
united-kingdom|england-ilkley|2023-08-01|0.0|0.0|0|84.54|18.62|14
united-kingdom|england-impington|2023-08-01|0.0|0.0|0|121.91|25.79|17
united-kingdom|england-ince-in-makerfield|2023-08-01|0.0|0.0|0|112.69|25.86|15
united-kingdom|england-ipswich|2023-08-01|56.88|10.22|29|87.34|24.91|14
united-kingdom|england-irlam|2023-08-01|0.0|0.0|0|136.41|28.69|13
united-kingdom|england-irthlingborough|2023-08-01|0.0|0.0|0|106.61|22.52|11
united-kingdom|england-isleworth|2023-08-01|0.0|0.0|0|144.22|36.0|12
united-kingdom|england-iver|2023-08-01|0.0|0.0|0|73.28|20.98|10
united-kingdom|england-jarrow|2023-08-01|0.0|0.0|0|137.75|26.15|19
united-kingdom|england-keighley|2023-08-01|0.0|0.0|0|139.32|52.07|12
united-kingdom|england-kempston|2023-08-01|0.0|0.0|0|117.87|26.64|12
united-kingdom|england-kendal|2023-08-01|0.0|0.0|0|75.86|28.37|16
united-kingdom|england-kenilworth|2023-08-01|0.0|0.0|0|101.9|22.1|16
united-kingdom|england-kenley|2023-08-01|0.0|0.0|0|51.67|16.44|9
united-kingdom|england-kennington|2023-08-01|0.0|0.0|0|140.24|26.35|10
united-kingdom|england-kennington|2023-08-01|0.0|0.0|0|140.24|26.35|10
united-kingdom|england-kesgrave|2023-08-01|0.0|0.0|0|88.89|30.6|7
united-kingdom|england-kettering|2023-08-01|0.0|0.0|0|136.66|26.24|15
united-kingdom|england-keynsham|2023-08-01|0.0|0.0|0|137.31|29.7|11
united-kingdom|england-kidderminster|2023-08-01|0.0|0.0|0|73.37|18.76|18
united-kingdom|england-kidlington|2023-08-01|0.0|0.0|0|74.19|20.5|13
united-kingdom|england-kidsgrove|2023-08-01|0.0|0.0|0|132.79|27.09|15
united-kingdom|england-kimberley|2023-08-01|0.0|0.0|0|136.09|26.22|19
united-kingdom|england-kings-hill|2023-08-01|0.0|0.0|0|159.78|64.38|5
united-kingdom|england-kings-langley|2023-08-01|0.0|0.0|0|81.57|19.88|9
united-kingdom|england-kingsnorth|2023-08-01|0.0|0.0|0|118.06|28.42|8
united-kingdom|england-kingston-upon-thames|2023-08-01|61.3|7.62|27|106.72|25.75|11
united-kingdom|england-kingswinford|2023-08-01|0.0|0.0|0|97.04|21.72|18
united-kingdom|england-kirkby-in-ashfield|2023-08-01|0.0|0.0|0|135.89|25.76|17
united-kingdom|england-knaphill|2023-08-01|0.0|0.0|0|68.7|18.49|11
united-kingdom|england-knaresborough|2023-08-01|0.0|0.0|0|89.12|25.93|12
united-kingdom|england-knowle|2023-08-01|0.0|0.0|0|93.55|24.9|17
united-kingdom|england-knowsley|2023-08-01|0.0|0.0|0|83.86|25.55|16
united-kingdom|england-knutsford|2023-08-01|0.0|0.0|0|88.22|21.29|15
united-kingdom|england-lancaster|2023-08-01|0.0|0.0|0|84.53|25.79|14
united-kingdom|england-lancing|2023-08-01|0.0|0.0|0|102.82|25.68|13
united-kingdom|england-leatherhead|2023-08-01|0.0|0.0|0|124.99|24.98|11
united-kingdom|england-lee-on-the-solent|2023-08-01|0.0|0.0|0|98.71|20.83|17
united-kingdom|england-leeds|2023-08-01|56.33|7.92|35|110.32|26.38|11
united-kingdom|england-leek|2023-08-01|0.0|0.0|0|58.28|17.92|16
united-kingdom|england-leicester|2023-08-01|66.06|8.21|35|128.53|25.58|20
united-kingdom|england-leigh|2023-08-01|0.0|0.0|0|77.79|21.43|15
united-kingdom|england-leighton-buzzard|2023-08-01|0.0|0.0|0|76.51|21.12|10
united-kingdom|england-letchworth-garden-city|2023-08-01|0.0|0.0|0|117.75|25.38|11
united-kingdom|england-lewes|2023-08-01|0.0|0.0|0|51.76|15.68|12
united-kingdom|england-leyland|2023-08-01|0.0|0.0|0|116.58|26.54|15
united-kingdom|england-lichfield|2023-08-01|0.0|0.0|0|126.06|26.09|15
united-kingdom|england-lincoln|2023-08-01|62.91|8.89|39|126.93|25.47|21
united-kingdom|england-litherland|2023-08-01|0.0|0.0|0|168.69|28.74|17
united-kingdom|england-little-clacton|2023-08-01|0.0|0.0|0|63.51|18.3|9
united-kingdom|england-little-hulton|2023-08-01|0.0|0.0|0|103.55|26.51|14
united-kingdom|england-little-lever|2023-08-01|0.0|0.0|0|116.75|24.48|12
united-kingdom|england-little-neston|2023-08-01|0.0|0.0|0|70.27|24.14|18
united-kingdom|england-little-stoke|2023-08-01|0.0|0.0|0|266.43|72.57|9
united-kingdom|england-littleborough|2023-08-01|0.0|0.0|0|60.27|17.79|16
united-kingdom|england-littleport|2023-08-01|0.0|0.0|0|65.21|18.37|10
united-kingdom|england-liverpool|2023-08-01|65.69|8.3|36|103.04|26.06|17
united-kingdom|england-liversedge|2023-08-01|0.0|0.0|0|79.18|21.01|13
united-kingdom|england-london|2023-08-01|52.95|7.99|29|93.58|24.3|9
united-kingdom|england-long-eaton|2023-08-01|0.0|0.0|0|130.16|26.17|17
united-kingdom|england-lostock-hall|2023-08-01|0.0|0.0|0|150.78|29.18|14
united-kingdom|england-loughborough|2023-08-01|63.63|7.45|35|94.76|22.1|19
united-kingdom|england-loughton|2023-08-01|0.0|0.0|0|132.78|26.73|9
united-kingdom|england-loughton|2023-08-01|0.0|0.0|0|132.78|26.73|9
united-kingdom|england-louth|2023-08-01|0.0|0.0|0|61.34|17.93|18
united-kingdom|england-lowestoft|2023-08-01|0.0|0.0|0|65.74|18.83|10
united-kingdom|england-lowton|2023-08-01|0.0|0.0|0|96.05|23.66|16
united-kingdom|england-luton|2023-08-01|37.49|6.99|28|130.1|25.51|11
united-kingdom|england-lydiate|2023-08-01|0.0|0.0|0|143.64|41.19|17
united-kingdom|england-lymington|2023-08-01|0.0|0.0|0|41.35|11.17|13
united-kingdom|england-lymm|2023-08-01|0.0|0.0|0|81.33|25.25|15
united-kingdom|england-lytham-saint-annes|2023-08-01|0.0|0.0|0|74.43|25.66|18
united-kingdom|england-macclesfield|2023-08-01|0.0|0.0|0|108.4|23.97|14
united-kingdom|england-maidenhead|2023-08-01|49.4|8.26|27|75.05|20.62|10
united-kingdom|england-maidstone|2023-08-01|44.13|6.85|27|107.23|25.96|10
united-kingdom|england-maltby|2023-08-01|0.0|0.0|0|39.96|12.77|14
united-kingdom|england-manchester|2023-08-01|47.16|7.2|38|82.12|23.31|13
united-kingdom|england-manea|2023-08-01|0.0|0.0|0|44.29|16.22|13
united-kingdom|england-mansfield|2023-08-01|0.0|0.0|0|137.04|26.23|16
united-kingdom|england-mansfield-woodhouse|2023-08-01|0.0|0.0|0|148.56|26.04|17
united-kingdom|england-march|2023-08-01|0.0|0.0|0|92.77|25.79|13
united-kingdom|england-margate|2023-08-01|0.0|0.0|0|61.77|18.34|14
united-kingdom|england-market-harborough|2023-08-01|0.0|0.0|0|110.48|23.78|14
united-kingdom|england-marlow|2023-08-01|0.0|0.0|0|102.45|45.42|7
united-kingdom|england-marple|2023-08-01|0.0|0.0|0|85.63|22.48|15
united-kingdom|england-marston-green|2023-08-01|0.0|0.0|0|48.45|19.29|20
united-kingdom|england-marton-in-cleveland|2023-08-01|0.0|0.0|0|146.59|26.16|19
united-kingdom|england-melksham|2023-08-01|0.0|0.0|0|99.31|22.17|13
united-kingdom|england-melton-mowbray|2023-08-01|0.0|0.0|0|93.94|24.2|20
united-kingdom|england-meopham|2023-08-01|0.0|0.0|0|53.37|16.65|9
united-kingdom|england-merstham|2023-08-01|0.0|0.0|0|136.55|25.91|13
united-kingdom|england-mexborough|2023-08-01|0.0|0.0|0|74.87|20.67|13
united-kingdom|england-middlesbrough|2023-08-01|69.13|7.93|39|139.62|26.4|18
united-kingdom|england-middleton|2023-08-01|0.0|0.0|0|107.93|25.96|15
united-kingdom|england-middlewich|2023-08-01|0.0|0.0|0|70.58|26.92|16
united-kingdom|england-midsomer-norton|2023-08-01|0.0|0.0|0|151.67|82.33|9
united-kingdom|england-milton|2023-08-01|0.0|0.0|0|116.45|25.87|16
united-kingdom|england-milton-keynes|2023-08-01|0.0|0.0|0|82.5|30.89|9
united-kingdom|england-minster-on-sea|2023-08-01|0.0|0.0|0|75.04|23.26|7
united-kingdom|england-mirfield|2023-08-01|0.0|0.0|0|99.03|25.5|12
united-kingdom|england-mitcham|2023-08-01|68.33|8.19|27|93.26|25.13|9
united-kingdom|england-monkston|2023-08-01|0.0|0.0|0|144.09|79.09|7
united-kingdom|england-morden|2023-08-01|0.0|0.0|0|135.5|33.97|8
united-kingdom|england-morecambe|2023-08-01|0.0|0.0|0|82.04|24.83|18
united-kingdom|england-morley|2023-08-01|0.0|0.0|0|107.24|28.64|10
united-kingdom|england-mudford|2023-08-01|0.0|0.0|0|41.48|10.58|13
united-kingdom|england-murton|2023-08-01|0.0|0.0|0|56.83|16.44|16
united-kingdom|england-nailsea|2023-08-01|0.0|0.0|0|151.29|35.77|11
united-kingdom|england-nantwich|2023-08-01|0.0|0.0|0|71.94|18.88|11
united-kingdom|england-nelson|2023-08-01|0.0|0.0|0|130.76|25.04|11
united-kingdom|england-new-addington|2023-08-01|0.0|0.0|0|201.33|92.77|6
united-kingdom|england-new-ash-green|2023-08-01|0.0|0.0|0|87.75|21.26|12
united-kingdom|england-new-balderton|2023-08-01|0.0|0.0|0|137.85|26.02|20
united-kingdom|england-new-malden|2023-08-01|0.0|0.0|0|134.34|26.11|11
united-kingdom|england-new-milton|2023-08-01|0.0|0.0|0|41.84|14.02|15
united-kingdom|england-new-waltham|2023-08-01|0.0|0.0|0|154.98|26.59|21
united-kingdom|england-newark-on-trent|2023-08-01|0.0|0.0|0|135.84|25.84|19
united-kingdom|england-newbury|2023-08-01|82.61|11.83|32|100.76|25.65|10
united-kingdom|england-newcastle-upon-tyne|2023-08-01|44.37|6.26|37|74.1|21.11|16
united-kingdom|england-newcastle-under-lyme|2023-08-01|0.0|0.0|0|112.37|24.86|13
united-kingdom|england-newmarket|2023-08-01|0.0|0.0|0|107.72|21.45|16
united-kingdom|england-newport|2023-08-01|0.0|0.0|0|115.43|115.96|4
united-kingdom|england-newport-pagnell|2023-08-01|0.0|0.0|0|81.86|30.41|9
united-kingdom|england-newquay|2023-08-01|0.0|0.0|0|45.08|17.37|18
united-kingdom|england-newton-abbot|2023-08-01|0.0|0.0|0|99.66|22.79|17
united-kingdom|england-newton-aycliffe|2023-08-01|0.0|0.0|0|53.02|14.78|17
united-kingdom|england-newton-le-willows|2023-08-01|0.0|0.0|0|98.08|24.87|15
united-kingdom|england-normanton|2023-08-01|0.0|0.0|0|154.77|29.51|11
united-kingdom|england-north-hykeham|2023-08-01|0.0|0.0|0|135.11|26.14|16
united-kingdom|england-north-shields|2023-08-01|0.0|0.0|0|135.62|26.23|19
united-kingdom|england-northallerton|2023-08-01|0.0|0.0|0|142.98|147.14|18
united-kingdom|england-northampton|2023-08-01|55.63|7.95|32|136.96|30.51|13
united-kingdom|england-northfleet|2023-08-01|0.0|0.0|0|115.74|26.53|9
united-kingdom|england-northolt|2023-08-01|61.21|6.14|26|74.22|21.41|9
united-kingdom|england-northwich|2023-08-01|0.0|0.0|0|93.77|28.69|15
united-kingdom|england-northwood|2023-08-01|0.0|0.0|0|63.2|18.1|10
united-kingdom|england-norwich|2023-08-01|54.12|6.49|34|81.1|21.53|14
united-kingdom|england-nottingham|2023-08-01|61.41|8.55|36|116.69|26.01|19
united-kingdom|england-nuneaton|2023-08-01|48.52|6.9|37|76.44|20.96|17
united-kingdom|england-nuthall|2023-08-01|0.0|0.0|0|130.94|26.19|19
united-kingdom|england-oadby|2023-08-01|0.0|0.0|0|107.31|22.03|20
united-kingdom|england-oldbury|2023-08-01|0.0|0.0|0|119.57|25.48|19
united-kingdom|england-oldham|2023-08-01|55.84|9.21|37|97.06|23.72|13
united-kingdom|england-olney|2023-08-01|0.0|0.0|0|74.08|27.11|8
united-kingdom|england-ormesby|2023-08-01|0.0|0.0|0|178.22|32.02|18
united-kingdom|england-ormskirk|2023-08-01|0.0|0.0|0|103.52|27.82|17
united-kingdom|england-orpington|2023-08-01|50.46|6.36|27|137.33|28.79|10
united-kingdom|england-orrell|2023-08-01|0.0|0.0|0|107.98|25.32|17
united-kingdom|england-ossett|2023-08-01|0.0|0.0|0|107.78|26.02|12
united-kingdom|england-oswaldtwistle|2023-08-01|0.0|0.0|0|138.01|35.48|12
united-kingdom|england-oswestry|2023-08-01|0.0|0.0|0|41.34|14.23|14
united-kingdom|england-otley|2023-08-01|0.0|0.0|0|71.61|18.58|12
united-kingdom|england-oxford|2023-08-01|69.37|7.36|32|115.47|25.88|13
united-kingdom|england-oxshott|2023-08-01|0.0|0.0|0|84.52|28.19|11
united-kingdom|england-oxted|2023-08-01|0.0|0.0|0|65.5|18.31|12
united-kingdom|england-paignton|2023-08-01|0.0|0.0|0|73.3|20.84|16
united-kingdom|england-park-gate|2023-08-01|0.0|0.0|0|95.1|20.94|14
united-kingdom|england-parkgate|2023-08-01|0.0|0.0|0|136.74|33.58|13
united-kingdom|england-patchway|2023-08-01|90.99|9.51|30|126.8|25.16|12
united-kingdom|england-peacehaven|2023-08-01|0.0|0.0|0|55.63|17.52|12
united-kingdom|england-pelsall|2023-08-01|0.0|0.0|0|115.74|25.04|18
united-kingdom|england-pembury|2023-08-01|0.0|0.0|0|66.29|18.57|7
united-kingdom|england-pendlebury|2023-08-01|0.0|0.0|0|102.09|24.21|14
united-kingdom|england-penkridge|2023-08-01|0.0|0.0|0|51.84|17.9|14
united-kingdom|england-penwortham|2023-08-01|0.0|0.0|0|84.83|21.1|15
united-kingdom|england-penzance|2023-08-01|0.0|0.0|0|50.26|18.62|16
united-kingdom|england-perivale|2023-08-01|0.0|0.0|0|115.8|28.77|7
united-kingdom|england-peterborough|2023-08-01|49.35|6.68|37|121.56|29.68|13
united-kingdom|england-peterlee|2023-08-01|0.0|0.0|0|189.53|102.29|12
united-kingdom|england-petersfield|2023-08-01|0.0|0.0|0|119.69|25.84|15
united-kingdom|england-pinchbeck|2023-08-01|0.0|0.0|0|143.06|89.47|9
united-kingdom|england-pinner|2023-08-01|0.0|0.0|0|65.12|18.35|9
united-kingdom|england-pirbright|2023-08-01|0.0|0.0|0|48.38|17.3|8
united-kingdom|england-platt-bridge|2023-08-01|0.0|0.0|0|179.88|28.29|13
united-kingdom|england-plymouth|2023-08-01|44.71|6.38|36|116.5|24.78|18
united-kingdom|england-pontefract|2023-08-01|0.0|0.0|0|73.54|21.02|11
united-kingdom|england-poole|2023-08-01|47.54|7.64|34|94.24|22.16|15
united-kingdom|england-portchester|2023-08-01|0.0|0.0|0|136.18|25.78|16
united-kingdom|england-portishead|2023-08-01|0.0|0.0|0|90.47|28.78|11
united-kingdom|england-portsmouth|2023-08-01|46.8|7.54|30|139.82|27.77|15
united-kingdom|england-potters-bar|2023-08-01|0.0|0.0|0|65.23|18.8|11
united-kingdom|england-poulton-le-fylde|2023-08-01|0.0|0.0|0|78.94|27.91|19
united-kingdom|england-poynton|2023-08-01|0.0|0.0|0|62.79|17.62|16
united-kingdom|england-prescot|2023-08-01|0.0|0.0|0|119.58|26.84|16
united-kingdom|england-preston|2023-08-01|38.66|8.61|40|80.54|21.08|16
united-kingdom|england-prestwich|2023-08-01|0.0|0.0|0|104.23|28.18|14
united-kingdom|england-pudsey|2023-08-01|0.0|0.0|0|106.96|26.59|11
united-kingdom|england-purley|2023-08-01|0.0|0.0|0|120.59|26.5|9
united-kingdom|england-quedgeley|2023-08-01|0.0|0.0|0|143.14|32.88|13
united-kingdom|england-queensbury|2023-08-01|0.0|0.0|0|89.44|26.24|11
united-kingdom|england-quinton|2023-08-01|0.0|0.0|0|138.36|26.9|18
united-kingdom|england-radcliffe|2023-08-01|0.0|0.0|0|107.95|25.9|14
united-kingdom|england-radlett|2023-08-01|0.0|0.0|0|94.17|25.8|10
united-kingdom|england-rainham|2023-08-01|0.0|0.0|0|73.58|19.66|9
united-kingdom|england-rainham|2023-08-01|0.0|0.0|0|73.58|19.66|9
united-kingdom|england-rainhill|2023-08-01|0.0|0.0|0|128.51|28.55|17
united-kingdom|england-ramsbottom|2023-08-01|0.0|0.0|0|45.61|14.28|17
united-kingdom|england-ramsey|2023-08-01|0.0|0.0|0|58.04|17.47|12
united-kingdom|england-ramsgate|2023-08-01|0.0|0.0|0|73.54|19.41|8
united-kingdom|england-rawdon|2023-08-01|0.0|0.0|0|83.09|24.55|11
united-kingdom|england-rawmarsh|2023-08-01|0.0|0.0|0|124.63|26.28|13
united-kingdom|england-rawtenstall|2023-08-01|0.0|0.0|0|75.38|21.19|15
united-kingdom|england-rayleigh|2023-08-01|0.0|0.0|0|57.65|17.53|8
united-kingdom|england-reading|2023-08-01|78.8|12.13|27|105.82|26.14|10
united-kingdom|england-redcar|2023-08-01|0.0|0.0|0|134.12|25.79|18
united-kingdom|england-redditch|2023-08-01|36.68|5.48|32|131.46|26.06|14
united-kingdom|england-redhill|2023-08-01|0.0|0.0|0|116.56|26.07|11
united-kingdom|england-redruth|2023-08-01|0.0|0.0|0|59.83|18.71|16
united-kingdom|england-reigate|2023-08-01|0.0|0.0|0|74.36|20.45|11
united-kingdom|england-retford|2023-08-01|0.0|0.0|0|49.73|13.22|14
united-kingdom|england-richmond|2023-08-01|45.49|5.35|30|107.25|26.0|11
united-kingdom|england-rickmansworth|2023-08-01|0.0|0.0|0|113.46|29.89|8
united-kingdom|england-ringwood|2023-08-01|0.0|0.0|0|37.33|12.1|13
united-kingdom|england-ripley|2023-08-01|0.0|0.0|0|75.5|20.08|12
united-kingdom|england-ripponden|2023-08-01|0.0|0.0|0|43.06|16.72|15
united-kingdom|england-rochdale|2023-08-01|45.76|9.01|35|79.23|20.96|14
united-kingdom|england-rochester|2023-08-01|0.0|0.0|0|125.32|25.98|11
united-kingdom|england-rochford|2023-08-01|0.0|0.0|0|59.5|17.01|8
united-kingdom|england-romford|2023-08-01|64.24|7.88|27|122.28|25.83|11
united-kingdom|england-romiley|2023-08-01|0.0|0.0|0|138.91|26.11|13
united-kingdom|england-romsey|2023-08-01|0.0|0.0|0|79.81|19.84|17
united-kingdom|england-rotherham|2023-08-01|61.03|8.74|35|128.79|26.25|13
united-kingdom|england-rothwell|2023-08-01|0.0|0.0|0|68.36|18.3|12
united-kingdom|england-rothwell|2023-08-01|0.0|0.0|0|68.36|18.3|12
united-kingdom|england-rowley-regis|2023-08-01|0.0|0.0|0|118.48|25.77|18
united-kingdom|england-royal-leamington-spa|2023-08-01|0.0|0.0|0|93.92|22.72|16
united-kingdom|england-royal-tunbridge-wells|2023-08-01|0.0|0.0|0|93.52|26.06|8
united-kingdom|england-royal-wootton-bassett|2023-08-01|0.0|0.0|0|136.29|26.2|13
united-kingdom|england-royston|2023-08-01|0.0|0.0|0|111.58|26.5|15
united-kingdom|england-royton|2023-08-01|0.0|0.0|0|157.38|36.62|13
united-kingdom|england-rubery|2023-08-01|0.0|0.0|0|86.08|20.95|18
united-kingdom|england-ruddington|2023-08-01|0.0|0.0|0|136.65|28.29|20
united-kingdom|england-rugby|2023-08-01|0.0|0.0|0|116.9|26.06|13
united-kingdom|england-rugeley|2023-08-01|0.0|0.0|0|88.76|20.56|15
united-kingdom|england-ruislip|2023-08-01|55.02|7.86|27|71.57|19.2|9
united-kingdom|england-runcorn|2023-08-01|0.0|0.0|0|143.91|26.35|14
united-kingdom|england-rushden|2023-08-01|0.0|0.0|0|136.79|28.13|12
united-kingdom|england-ryde|2023-08-01|0.0|0.0|0|70.7|27.84|8
united-kingdom|england-ryton-on-dunsmore|2023-08-01|0.0|0.0|0|56.38|18.7|17
united-kingdom|england-saffron-walden|2023-08-01|0.0|0.0|0|92.78|20.73|17
united-kingdom|england-saint-albans|2023-08-01|60.4|8.27|28|111.55|26.23|10
united-kingdom|england-saint-austell|2023-08-01|0.0|0.0|0|49.88|17.17|17
united-kingdom|england-saint-helens|2023-08-01|50.86|7.61|35|136.49|26.33|16
united-kingdom|england-saint-ives|2023-08-01|0.0|0.0|0|121.81|25.67|16
united-kingdom|england-saint-leonards|2023-08-01|0.0|0.0|0|50.99|17.01|9
united-kingdom|england-sale|2023-08-01|0.0|0.0|0|111.86|24.85|13
united-kingdom|england-salford|2023-08-01|69.64|9.82|34|94.7|26.16|13
united-kingdom|england-salisbury|2023-08-01|0.0|0.0|0|109.24|26.77|12
united-kingdom|england-sandford-on-thames|2023-08-01|0.0|0.0|0|55.84|23.22|10
united-kingdom|england-sandhurst|2023-08-01|0.0|0.0|0|125.6|84.67|7
united-kingdom|england-sandiacre|2023-08-01|0.0|0.0|0|132.18|26.39|20
united-kingdom|england-sandon|2023-08-01|0.0|0.0|0|57.3|16.74|8
united-kingdom|england-sandy|2023-08-01|0.0|0.0|0|113.78|25.75|11
united-kingdom|england-sawbridgeworth|2023-08-01|0.0|0.0|0|104.01|25.62|15
united-kingdom|england-scarborough|2023-08-01|0.0|0.0|0|51.55|17.28|18
united-kingdom|england-scunthorpe|2023-08-01|51.01|9.11|40|148.61|28.3|19
united-kingdom|england-seaford|2023-08-01|0.0|0.0|0|48.38|15.93|10
united-kingdom|england-seaham|2023-08-01|0.0|0.0|0|66.2|18.56|16
united-kingdom|england-selby|2023-08-01|0.0|0.0|0|69.13|18.65|16
united-kingdom|england-sevenoaks|2023-08-01|0.0|0.0|0|73.67|18.66|8
united-kingdom|england-shaw|2023-08-01|0.0|0.0|0|158.7|41.9|14
united-kingdom|england-sheffield|2023-08-01|58.19|8.54|36|78.62|22.06|13
united-kingdom|england-shepperton|2023-08-01|0.0|0.0|0|94.66|22.98|11
united-kingdom|england-shepshed|2023-08-01|0.0|0.0|0|141.57|26.1|19
united-kingdom|england-sherborne-saint-john|2023-08-01|0.0|0.0|0|122.05|27.22|12
united-kingdom|england-shipley|2023-08-01|0.0|0.0|0|103.37|25.75|11
united-kingdom|england-shirley|2023-08-01|0.0|0.0|0|130.21|26.3|17
united-kingdom|england-shoreham-by-sea|2023-08-01|0.0|0.0|0|128.82|22.89|14
united-kingdom|england-shrewsbury|2023-08-01|30.9|6.09|37|54.48|17.34|14
united-kingdom|england-sidcup|2023-08-01|0.0|0.0|0|75.63|24.02|8
united-kingdom|england-sittingbourne|2023-08-01|0.0|0.0|0|95.03|25.98|10
united-kingdom|england-skegness|2023-08-01|0.0|0.0|0|49.22|15.77|15
united-kingdom|england-skelmersdale|2023-08-01|0.0|0.0|0|46.7|14.95|19
united-kingdom|england-sleaford|2023-08-01|0.0|0.0|0|100.74|27.91|11
united-kingdom|england-slough|2023-08-01|65.89|9.16|28|138.5|28.39|10
united-kingdom|england-smethwick|2023-08-01|0.0|0.0|0|106.09|22.11|18
united-kingdom|england-soham|2023-08-01|0.0|0.0|0|72.94|19.01|9
united-kingdom|england-solihull|2023-08-01|80.56|7.65|29|134.42|28.96|17
united-kingdom|england-sompting|2023-08-01|0.0|0.0|0|161.0|30.24|14
united-kingdom|england-south-benfleet|2023-08-01|0.0|0.0|0|66.08|18.42|11
united-kingdom|england-south-croydon|2023-08-01|0.0|0.0|0|112.87|26.15|10
united-kingdom|england-south-normanton|2023-08-01|0.0|0.0|0|178.19|25.57|17
united-kingdom|england-south-ockendon|2023-08-01|0.0|0.0|0|137.88|26.39|9
united-kingdom|england-south-shields|2023-08-01|50.76|6.08|38|137.16|26.11|19
united-kingdom|england-south-woodham-ferrers|2023-08-01|0.0|0.0|0|46.74|13.17|9
united-kingdom|england-southall|2023-08-01|39.88|7.82|30|113.76|26.15|9
united-kingdom|england-southampton|2023-08-01|54.01|8.0|32|134.32|35.97|11
united-kingdom|england-southborough|2023-08-01|0.0|0.0|0|91.76|23.77|10
united-kingdom|england-southend-on-sea|2023-08-01|45.56|6.67|28|107.1|26.23|11
united-kingdom|england-southport|2023-08-01|21.46|5.45|38|53.77|16.25|19
united-kingdom|england-spalding|2023-08-01|0.0|0.0|0|128.62|92.18|10
united-kingdom|england-speke|2023-08-01|0.0|0.0|0|127.32|28.01|16
united-kingdom|england-spennymoor|2023-08-01|0.0|0.0|0|143.54|34.53|14
united-kingdom|england-sprotbrough|2023-08-01|0.0|0.0|0|93.79|26.4|13
united-kingdom|england-stafford|2023-08-01|41.73|8.43|33|136.02|25.37|17
united-kingdom|england-staines-upon-thames|2023-08-01|0.0|0.0|0|94.68|25.18|8
united-kingdom|england-stalybridge|2023-08-01|0.0|0.0|0|64.66|18.4|16
united-kingdom|england-stamford|2023-08-01|0.0|0.0|0|67.01|26.23|11
united-kingdom|england-standish|2023-08-01|0.0|0.0|0|74.08|19.24|17
united-kingdom|england-stanford-le-hope|2023-08-01|0.0|0.0|0|128.75|28.76|11
united-kingdom|england-stanley|2023-08-01|0.0|0.0|0|56.19|18.04|16
united-kingdom|england-stanmore|2023-08-01|54.85|9.48|27|73.38|20.77|9
united-kingdom|england-stanwell|2023-08-01|0.0|0.0|0|109.0|26.04|11
united-kingdom|england-stapleford|2023-08-01|0.0|0.0|0|160.64|26.29|20
united-kingdom|england-stevenage|2023-08-01|58.45|9.99|27|131.03|26.0|12
united-kingdom|england-stockport|2023-08-01|69.61|9.34|36|111.06|25.25|14
united-kingdom|england-stockton-on-tees|2023-08-01|44.39|6.62|37|137.96|26.32|18
united-kingdom|england-stoke-gifford|2023-08-01|0.0|0.0|0|136.36|26.23|11
united-kingdom|england-stoke-on-trent|2023-08-01|65.76|9.98|35|87.18|20.93|13
united-kingdom|england-stone|2023-08-01|0.0|0.0|0|117.32|26.13|13
united-kingdom|england-storrington|2023-08-01|0.0|0.0|0|41.18|12.95|11
united-kingdom|england-stotfold|2023-08-01|0.0|0.0|0|145.92|36.37|10
united-kingdom|england-stourbridge|2023-08-01|0.0|0.0|0|104.95|23.78|19
united-kingdom|england-stourport-on-severn|2023-08-01|0.0|0.0|0|46.44|14.37|12
united-kingdom|england-stowmarket|2023-08-01|0.0|0.0|0|67.63|18.58|8
united-kingdom|england-stratford-upon-avon|2023-08-01|0.0|0.0|0|92.91|23.9|14
united-kingdom|england-street|2023-08-01|0.0|0.0|0|66.71|22.59|11
united-kingdom|england-stretford|2023-08-01|78.16|13.11|33|107.13|34.34|12
united-kingdom|england-stroud|2023-08-01|0.0|0.0|0|45.4|15.63|14
united-kingdom|england-sunbury-on-thames|2023-08-01|0.0|0.0|0|148.44|51.67|7
united-kingdom|england-sunderland|2023-08-01|48.41|8.31|35|99.19|23.8|18
united-kingdom|england-surbiton|2023-08-01|0.0|0.0|0|119.96|26.08|11
united-kingdom|england-sutton|2023-08-01|79.23|8.39|28|93.0|24.33|8
united-kingdom|england-sutton|2023-08-01|79.23|8.39|28|93.0|24.33|8
united-kingdom|england-sutton-in-ashfield|2023-08-01|0.0|0.0|0|154.2|26.34|14
united-kingdom|england-swanley|2023-08-01|0.0|0.0|0|67.02|18.5|11
united-kingdom|england-swindon|2023-08-01|42.96|6.57|29|140.82|29.53|14
united-kingdom|england-swinton|2023-08-01|0.0|0.0|0|138.72|28.53|13
united-kingdom|england-swinton|2023-08-01|0.0|0.0|0|138.72|28.53|13
united-kingdom|england-tadley|2023-08-01|0.0|0.0|0|59.44|17.4|10
united-kingdom|england-tamworth|2023-08-01|0.0|0.0|0|108.89|21.16|16
united-kingdom|england-taplow|2023-08-01|0.0|0.0|0|69.51|18.66|9
united-kingdom|england-taunton|2023-08-01|0.0|0.0|0|62.11|18.69|13
united-kingdom|england-teddington|2023-08-01|0.0|0.0|0|122.41|26.0|10
united-kingdom|england-telford|2023-08-01|36.34|5.34|34|113.04|25.68|13
united-kingdom|england-thame|2023-08-01|0.0|0.0|0|125.0|38.96|8
united-kingdom|england-thames-ditton|2023-08-01|0.0|0.0|0|92.09|26.54|10
united-kingdom|england-thatcham|2023-08-01|0.0|0.0|0|74.05|20.66|10
united-kingdom|england-thetford|2023-08-01|0.0|0.0|0|54.72|17.6|11
united-kingdom|england-thornaby|2023-08-01|0.0|0.0|0|179.68|36.14|17
united-kingdom|england-thornbury|2023-08-01|0.0|0.0|0|129.34|25.83|12
united-kingdom|england-thornton-heath|2023-08-01|0.0|0.0|0|155.06|36.52|7
united-kingdom|england-tilbury|2023-08-01|0.0|0.0|0|181.96|31.04|12
united-kingdom|england-timperley|2023-08-01|0.0|0.0|0|94.46|23.29|14
united-kingdom|england-tingley|2023-08-01|0.0|0.0|0|107.88|28.93|9
united-kingdom|england-tipton|2023-08-01|0.0|0.0|0|76.63|20.85|15
united-kingdom|england-tiverton|2023-08-01|0.0|0.0|0|54.7|18.19|15
united-kingdom|england-tividale|2023-08-01|0.0|0.0|0|74.78|19.19|18
united-kingdom|england-toddington|2023-08-01|0.0|0.0|0|66.7|18.45|12
united-kingdom|england-todmorden|2023-08-01|0.0|0.0|0|49.79|16.07|16
united-kingdom|england-tonbridge|2023-08-01|0.0|0.0|0|106.82|25.93|10
united-kingdom|england-torquay|2023-08-01|0.0|0.0|0|99.38|25.97|16
united-kingdom|england-totton|2023-08-01|0.0|0.0|0|95.68|20.94|13
united-kingdom|england-tring|2023-08-01|0.0|0.0|0|71.5|18.39|11
united-kingdom|england-trowbridge|2023-08-01|0.0|0.0|0|110.55|24.96|13
united-kingdom|england-truro|2023-08-01|0.0|0.0|0|57.54|18.4|17
united-kingdom|england-twickenham|2023-08-01|67.57|6.75|28|131.05|27.41|11
united-kingdom|england-tyldesley|2023-08-01|0.0|0.0|0|78.06|21.5|15
united-kingdom|england-uckfield|2023-08-01|0.0|0.0|0|69.94|19.55|8
united-kingdom|england-upminster|2023-08-01|0.0|0.0|0|63.16|18.31|10
united-kingdom|england-upton|2023-08-01|0.0|0.0|0|177.68|38.1|14
united-kingdom|england-urmston|2023-08-01|0.0|0.0|0|93.92|21.06|13
united-kingdom|england-uttoxeter|2023-08-01|0.0|0.0|0|55.85|17.83|13
united-kingdom|england-uxbridge|2023-08-01|72.08|11.22|29|134.48|27.33|10
united-kingdom|england-verwood|2023-08-01|0.0|0.0|0|86.39|27.47|10
united-kingdom|england-wakefield|2023-08-01|52.35|8.24|34|120.26|26.07|11
united-kingdom|england-wallasey|2023-08-01|0.0|0.0|0|128.72|28.53|16
united-kingdom|england-wallington|2023-08-01|0.0|0.0|0|148.7|35.17|9
united-kingdom|england-wallsend|2023-08-01|0.0|0.0|0|135.72|26.27|18
united-kingdom|england-walnut-tree|2023-08-01|0.0|0.0|0|94.1|41.07|8
united-kingdom|england-walsall|2023-08-01|60.14|8.14|31|114.01|25.31|18
united-kingdom|england-waltham-abbey|2023-08-01|0.0|0.0|0|71.77|19.98|8
united-kingdom|england-walton-on-thames|2023-08-01|0.0|0.0|0|139.78|29.34|11
united-kingdom|england-ware|2023-08-01|0.0|0.0|0|105.92|21.43|13
united-kingdom|england-warfield|2023-08-01|0.0|0.0|0|146.73|29.45|9
united-kingdom|england-warley|2023-08-01|0.0|0.0|0|68.36|18.61|7
united-kingdom|england-warlingham|2023-08-01|0.0|0.0|0|64.06|17.84|10
united-kingdom|england-warminster|2023-08-01|0.0|0.0|0|62.4|18.38|13
united-kingdom|england-warmsworth|2023-08-01|0.0|0.0|0|102.47|25.52|13
united-kingdom|england-warrington|2023-08-01|51.66|7.84|36|122.19|25.92|13
united-kingdom|england-warwick|2023-08-01|0.0|0.0|0|73.8|20.93|15
united-kingdom|england-washington|2023-08-01|0.0|0.0|0|64.3|18.65|18
united-kingdom|england-waterbeach|2023-08-01|0.0|0.0|0|70.06|18.58|14
united-kingdom|england-waterlooville|2023-08-01|0.0|0.0|0|97.27|22.7|16
united-kingdom|england-waterthorpe|2023-08-01|0.0|0.0|0|39.96|9.38|14
united-kingdom|england-watford|2023-08-01|77.08|10.02|28|128.51|26.23|10
united-kingdom|england-wath-upon-dearne|2023-08-01|0.0|0.0|0|72.9|20.84|13
united-kingdom|england-waverton|2023-08-01|0.0|0.0|0|42.59|15.72|19
united-kingdom|england-wednesbury|2023-08-01|0.0|0.0|0|79.35|20.89|16
united-kingdom|england-welling|2023-08-01|0.0|0.0|0|116.28|28.77|6
united-kingdom|england-wellingborough|2023-08-01|0.0|0.0|0|82.67|21.57|14
united-kingdom|england-wells|2023-08-01|0.0|0.0|0|73.09|26.35|12
united-kingdom|england-welwyn|2023-08-01|0.0|0.0|0|62.8|18.31|10
united-kingdom|england-welwyn-garden-city|2023-08-01|0.0|0.0|0|140.81|26.41|10
united-kingdom|england-wembley|2023-08-01|53.15|7.68|28|94.55|27.63|8
united-kingdom|england-west-bridgford|2023-08-01|0.0|0.0|0|141.49|26.2|20
united-kingdom|england-west-bromwich|2023-08-01|60.2|8.22|29|81.61|21.1|18
united-kingdom|england-west-drayton|2023-08-01|0.0|0.0|0|127.81|28.65|9
united-kingdom|england-west-molesey|2023-08-01|0.0|0.0|0|94.98|27.74|8
united-kingdom|england-west-parley|2023-08-01|0.0|0.0|0|50.34|16.7|13
united-kingdom|england-west-wickham|2023-08-01|0.0|0.0|0|99.02|23.78|10
united-kingdom|england-westbury|2023-08-01|0.0|0.0|0|99.5|20.99|13
united-kingdom|england-westhoughton|2023-08-01|0.0|0.0|0|86.17|20.55|14
united-kingdom|england-weston-super-mare|2023-08-01|42.39|6.82|32|71.75|19.02|12
united-kingdom|england-weybridge|2023-08-01|0.0|0.0|0|62.5|18.39|9
united-kingdom|england-weymouth|2023-08-01|0.0|0.0|0|57.42|17.66|13
united-kingdom|england-whickham|2023-08-01|0.0|0.0|0|131.21|25.26|18
united-kingdom|england-whiston|2023-08-01|0.0|0.0|0|122.42|26.98|17
united-kingdom|england-whitefield|2023-08-01|0.0|0.0|0|137.48|30.52|14
united-kingdom|england-whitehaven|2023-08-01|0.0|0.0|0|37.24|11.47|20
united-kingdom|england-whiteley|2023-08-01|0.0|0.0|0|97.63|25.85|15
united-kingdom|england-whitley-bay|2023-08-01|0.0|0.0|0|145.9|28.0|18
united-kingdom|england-whitstable|2023-08-01|0.0|0.0|0|56.18|18.12|9
united-kingdom|england-whittington|2023-08-01|0.0|0.0|0|186.8|34.75|15
united-kingdom|england-whitwick|2023-08-01|0.0|0.0|0|142.57|26.2|19
united-kingdom|england-wickford|2023-08-01|0.0|0.0|0|98.3|25.62|10
united-kingdom|england-widley|2023-08-01|0.0|0.0|0|168.9|28.72|16
united-kingdom|england-widnes|2023-08-01|0.0|0.0|0|72.76|19.65|16
united-kingdom|england-wigan|2023-08-01|70.51|7.9|39|110.99|24.09|15
united-kingdom|england-wigston|2023-08-01|0.0|0.0|0|109.85|20.95|21
united-kingdom|england-willenhall|2023-08-01|0.0|0.0|0|74.6|20.78|17
united-kingdom|england-willesborough|2023-08-01|0.0|0.0|0|123.18|28.5|9
united-kingdom|england-wilmslow|2023-08-01|0.0|0.0|0|71.53|18.66|16
united-kingdom|england-wilnecote|2023-08-01|0.0|0.0|0|101.73|20.18|16
united-kingdom|england-winchester|2023-08-01|0.0|0.0|0|71.7|18.78|13
united-kingdom|england-windsor|2023-08-01|0.0|0.0|0|72.57|18.86|11
united-kingdom|england-winkfield-row|2023-08-01|0.0|0.0|0|71.08|19.03|8
united-kingdom|england-winnersh|2023-08-01|0.0|0.0|0|79.54|22.04|10
united-kingdom|england-winsford|2023-08-01|0.0|0.0|0|91.74|28.56|15
united-kingdom|england-winterbourne|2023-08-01|0.0|0.0|0|108.8|26.08|11
united-kingdom|england-wisbech|2023-08-01|0.0|0.0|0|70.14|19.01|13
united-kingdom|england-witham|2023-08-01|0.0|0.0|0|50.77|16.86|10
united-kingdom|england-witney|2023-08-01|0.0|0.0|0|107.38|27.56|10
united-kingdom|england-woking|2023-08-01|16.48|3.89|30|94.8|23.59|12
united-kingdom|england-wokingham|2023-08-01|0.0|0.0|0|79.87|20.48|10
united-kingdom|england-wolverhampton|2023-08-01|74.57|7.76|31|111.84|26.01|17
united-kingdom|england-wolverton|2023-08-01|0.0|0.0|0|71.86|23.96|10
united-kingdom|england-wombourne|2023-08-01|0.0|0.0|0|57.17|16.79|13
united-kingdom|england-wombwell|2023-08-01|0.0|0.0|0|138.39|26.33|13
united-kingdom|england-wooburn-green|2023-08-01|0.0|0.0|0|96.2|66.38|7
united-kingdom|england-woodley|2023-08-01|0.0|0.0|0|119.67|25.31|11
united-kingdom|england-worcester|2023-08-01|31.99|5.94|37|70.4|20.19|11
united-kingdom|england-worcester-park|2023-08-01|0.0|0.0|0|134.79|28.33|9
united-kingdom|england-workington|2023-08-01|0.0|0.0|0|49.86|15.6|18
united-kingdom|england-worksop|2023-08-01|0.0|0.0|0|74.24|19.16|14
united-kingdom|england-worsley|2023-08-01|0.0|0.0|0|130.5|27.44|13
united-kingdom|england-worthing|2023-08-01|26.0|4.18|36|138.94|29.33|13
united-kingdom|england-wymondham|2023-08-01|0.0|0.0|0|65.39|18.67|10
united-kingdom|england-wythenshawe|2023-08-01|79.12|9.48|35|144.08|27.73|11
united-kingdom|england-yate|2023-08-01|0.0|0.0|0|148.06|30.27|11
united-kingdom|england-yateley|2023-08-01|0.0|0.0|0|152.34|26.19|11
united-kingdom|england-yeadon|2023-08-01|0.0|0.0|0|141.38|28.79|11
united-kingdom|england-yeovil|2023-08-01|0.0|0.0|0|63.08|18.6|12
united-kingdom|england-york|2023-08-01|49.65|8.37|35|80.18|22.9|13
