ukraine|cherkas'ka-oblast|mobile|Kyivstar|3072|2023-10-01|6.84|42.66|19.54|6.85|54.23
ukraine|cherkas'ka-oblast|mobile|Vodafone|3073|2023-10-01|13.25|60.45|32.1|8.68|40.49
ukraine|cherkas'ka-oblast|mobile|lifecell|3068|2023-10-01|7.84|39.25|19.75|6.57|48.95
ukraine|chernihivs'ka-oblast|mobile|Kyivstar|3072|2023-10-01|5.75|44.13|21.25|6.46|51.91
ukraine|chernihivs'ka-oblast|mobile|Vodafone|3073|2023-10-01|8.11|45.88|21.75|12.53|39.23
ukraine|chernihivs'ka-oblast|mobile|lifecell|3068|2023-10-01|7.7|37.53|19.44|6.98|47.74
ukraine|chernivets'ka-oblast|mobile|Kyivstar|3072|2023-10-01|7.55|46.06|21.7|10.66|54.39
ukraine|chernivets'ka-oblast|mobile|Vodafone|3073|2023-10-01|15.71|65.45|35.3|11.49|41.44
ukraine|chernivets'ka-oblast|mobile|lifecell|3068|2023-10-01|22.1|66.76|41.77|14.91|49.86
ukraine|dnipropetrovsk-oblast|mobile|Kyivstar|3072|2023-10-01|6.92|44.46|20.43|9.78|52.04
ukraine|dnipropetrovsk-oblast|mobile|Vodafone|3073|2023-10-01|12.0|57.72|30.43|13.41|49.34
ukraine|dnipropetrovsk-oblast|mobile|lifecell|3068|2023-10-01|7.58|37.37|18.1|7.85|56.91
ukraine|donetsk-oblast|mobile|Kyivstar|3072|2023-10-01|3.23|25.62|8.37|2.87|68.06
ukraine|donetsk-oblast|mobile|Phoenix|4564|2023-10-01|2.33|17.73|7.83|6.84|38.04
ukraine|donetsk-oblast|mobile|Phoenix/Lugacom|4240|2023-10-01|3.45|20.11|9.14|7.51|35.59
ukraine|donetsk-oblast|mobile|Vodafone|3073|2023-10-01|4.88|32.43|13.64|4.78|59.55
ukraine|donetsk-oblast|mobile|lifecell|3068|2023-10-01|3.12|20.05|7.8|2.61|68.95
ukraine|ivano-frankivs'ka-oblast|mobile|Kyivstar|3072|2023-10-01|6.81|48.23|21.33|12.87|54.87
ukraine|ivano-frankivs'ka-oblast|mobile|Vodafone|3073|2023-10-01|8.72|57.22|26.04|14.06|49.65
ukraine|ivano-frankivs'ka-oblast|mobile|lifecell|3068|2023-10-01|16.67|59.64|33.59|12.5|52.44
ukraine|kharkiv-oblast|mobile|Kyivstar|3072|2023-10-01|8.1|49.11|23.82|8.81|56.08
ukraine|kharkiv-oblast|mobile|Vodafone|3073|2023-10-01|13.33|62.41|33.27|12.96|48.38
ukraine|kharkiv-oblast|mobile|lifecell|3068|2023-10-01|12.46|52.22|26.41|9.54|58.73
ukraine|khersons'ka-oblast|mobile|Kyivstar|3072|2023-10-01|5.67|39.71|19.68|9.52|57.44
ukraine|khersons'ka-oblast|mobile|Vodafone|3073|2023-10-01|9.1|49.66|23.83|13.14|52.25
ukraine|khersons'ka-oblast|mobile|lifecell|3068|2023-10-01|8.66|28.67|17.65|6.11|65.06
ukraine|khmel'nyts'ka-oblast|mobile|Kyivstar|3072|2023-10-01|4.76|36.08|14.67|12.27|53.01
ukraine|khmel'nyts'ka-oblast|mobile|Vodafone|3073|2023-10-01|9.72|53.38|24.95|6.43|45.62
ukraine|khmel'nyts'ka-oblast|mobile|lifecell|3068|2023-10-01|7.32|34.55|17.93|6.63|54.61
ukraine|kirovohrads'ka-oblast|mobile|Kyivstar|3072|2023-10-01|9.13|43.46|23.05|7.7|54.98
ukraine|kirovohrads'ka-oblast|mobile|Vodafone|3073|2023-10-01|8.91|46.33|19.82|15.89|44.26
ukraine|kirovohrads'ka-oblast|mobile|lifecell|3068|2023-10-01|11.11|46.71|24.85|7.51|57.36
ukraine|kyiv-city|mobile|Kyivstar|3072|2023-10-01|5.16|43.96|19.09|10.16|43.67
ukraine|kyiv-city|mobile|Vodafone|3073|2023-10-01|11.44|52.63|27.32|10.99|34.1
ukraine|kyiv-city|mobile|lifecell|3068|2023-10-01|10.06|44.04|23.04|7.71|42.35
ukraine|kyivs'ka-oblast|mobile|Kyivstar|3072|2023-10-01|6.87|50.94|23.15|11.69|41.56
ukraine|kyivs'ka-oblast|mobile|Vodafone|3073|2023-10-01|13.37|55.88|30.21|7.14|29.97
ukraine|kyivs'ka-oblast|mobile|lifecell|3068|2023-10-01|11.91|50.57|27.17|7.68|43.1
ukraine|lviv-oblast|mobile|Kyivstar|3072|2023-10-01|5.79|41.12|17.83|12.06|50.02
ukraine|lviv-oblast|mobile|Vodafone|3073|2023-10-01|10.3|49.53|24.76|7.29|40.39
ukraine|lviv-oblast|mobile|lifecell|3068|2023-10-01|9.38|45.25|23.55|11.59|43.99
ukraine|mykolaivs'ka-oblast|mobile|Kyivstar|3072|2023-10-01|6.51|45.29|22.33|10.48|54.76
ukraine|mykolaivs'ka-oblast|mobile|Vodafone|3073|2023-10-01|8.7|41.86|21.28|13.62|53.2
ukraine|mykolaivs'ka-oblast|mobile|lifecell|3068|2023-10-01|6.89|35.28|19.77|6.89|60.83
ukraine|odessa-oblast|mobile|Kyivstar|3072|2023-10-01|8.42|49.43|23.42|13.59|57.0
ukraine|odessa-oblast|mobile|Vodafone|3073|2023-10-01|8.85|48.12|22.5|12.36|54.02
ukraine|odessa-oblast|mobile|lifecell|3068|2023-10-01|9.77|41.57|21.46|6.97|58.41
ukraine|poltavs'ka-oblast|mobile|Kyivstar|3072|2023-10-01|7.75|45.96|22.36|7.72|57.29
ukraine|poltavs'ka-oblast|mobile|Vodafone|3073|2023-10-01|8.96|51.21|24.11|11.04|44.68
ukraine|poltavs'ka-oblast|mobile|lifecell|3068|2023-10-01|11.59|51.36|26.31|9.58|56.88
ukraine|rivnens'ka-oblast|mobile|Kyivstar|3072|2023-10-01|5.22|38.57|16.44|13.6|54.06
ukraine|rivnens'ka-oblast|mobile|Vodafone|3073|2023-10-01|11.65|49.3|28.37|8.78|48.96
ukraine|rivnens'ka-oblast|mobile|lifecell|3068|2023-10-01|5.81|36.9|17.35|8.84|49.38
ukraine|sums'ka-oblast|mobile|Kyivstar|3072|2023-10-01|6.25|43.88|20.76|7.76|58.13
ukraine|sums'ka-oblast|mobile|Vodafone|3073|2023-10-01|10.53|53.29|26.63|13.47|50.92
ukraine|sums'ka-oblast|mobile|lifecell|3068|2023-10-01|13.06|51.06|24.5|8.94|53.96
ukraine|ternopil's'ka-oblast|mobile|Kyivstar|3072|2023-10-01|5.4|40.05|17.52|12.61|51.56
ukraine|ternopil's'ka-oblast|mobile|Vodafone|3073|2023-10-01|13.03|56.26|32.95|7.88|47.14
ukraine|ternopil's'ka-oblast|mobile|lifecell|3068|2023-10-01|11.46|54.0|28.52|10.83|47.19
ukraine|vinnyts'ka-oblast|mobile|Kyivstar|3072|2023-10-01|5.77|40.96|17.7|10.97|51.11
ukraine|vinnyts'ka-oblast|mobile|Vodafone|3073|2023-10-01|12.59|55.64|30.05|8.97|40.4
ukraine|vinnyts'ka-oblast|mobile|lifecell|3068|2023-10-01|9.61|43.62|22.66|7.13|50.01
ukraine|volyns'ka-oblast|mobile|Kyivstar|3072|2023-10-01|6.6|46.61|20.64|11.53|53.39
ukraine|volyns'ka-oblast|mobile|Vodafone|3073|2023-10-01|8.26|47.13|21.94|13.84|49.15
ukraine|volyns'ka-oblast|mobile|lifecell|3068|2023-10-01|11.17|53.18|27.13|10.75|45.89
ukraine|zakarpats'ka-oblast|mobile|Kyivstar|3072|2023-10-01|6.71|44.96|23.34|8.17|61.65
ukraine|zakarpats'ka-oblast|mobile|Vodafone|3073|2023-10-01|17.23|67.12|39.59|9.23|50.02
ukraine|zakarpats'ka-oblast|mobile|lifecell|3068|2023-10-01|14.78|54.99|33.38|9.11|52.58
ukraine|zaporiz'ka-oblast|mobile|Kyivstar|3072|2023-10-01|7.94|47.61|23.39|10.44|54.16
ukraine|zaporiz'ka-oblast|mobile|Vodafone|3073|2023-10-01|8.24|45.47|20.93|13.91|57.79
ukraine|zaporiz'ka-oblast|mobile|lifecell|3068|2023-10-01|5.59|31.33|14.04|7.38|60.26
ukraine|zhytomyrs'ka-oblast|mobile|Kyivstar|3072|2023-10-01|5.78|43.54|18.6|12.9|48.19
ukraine|zhytomyrs'ka-oblast|mobile|Vodafone|3073|2023-10-01|11.65|46.15|26.75|9.64|45.09
ukraine|zhytomyrs'ka-oblast|mobile|lifecell|3068|2023-10-01|6.39|41.42|19.05|10.25|46.43
ukraine|cherkasy|mobile|Kyivstar|3072|2023-10-01|6.19|42.36|16.45|8.95|53.44
ukraine|cherkasy|mobile|Vodafone|3073|2023-10-01|15.92|65.27|36.28|13.88|39.4
ukraine|cherkasy|mobile|lifecell|3068|2023-10-01|6.41|34.88|15.82|7.33|48.23
ukraine|chernihiv|mobile|Kyivstar|3072|2023-10-01|5.87|43.65|21.71|8.35|51.64
ukraine|chernihiv|mobile|Vodafone|3073|2023-10-01|7.0|34.65|17.04|17.37|38.87
ukraine|chernihiv|mobile|lifecell|3068|2023-10-01|8.41|36.37|20.02|7.89|45.68
ukraine|chernivtsi|mobile|Kyivstar|3072|2023-10-01|7.56|42.53|19.85|11.29|54.46
ukraine|chernivtsi|mobile|Vodafone|3073|2023-10-01|14.74|63.07|33.92|12.69|41.85
ukraine|chernivtsi|mobile|lifecell|3068|2023-10-01|23.87|64.27|43.33|17.2|49.17
ukraine|dnepropetrovsk|mobile|Kyivstar|3072|2023-10-01|7.02|45.86|21.34|11.16|51.72
ukraine|dnepropetrovsk|mobile|Vodafone|3073|2023-10-01|11.68|58.23|30.41|13.33|48.72
ukraine|dnepropetrovsk|mobile|lifecell|3068|2023-10-01|10.87|44.34|22.23|9.3|55.65
ukraine|dniprodzerzhyns'k|mobile|Kyivstar|3072|2023-10-01|5.7|37.79|17.39|9.86|54.34
ukraine|dniprodzerzhyns'k|mobile|Vodafone|3073|2023-10-01|13.71|56.01|30.38|16.97|48.41
ukraine|dniprodzerzhyns'k|mobile|lifecell|3068|2023-10-01|7.65|38.84|17.47|9.41|55.76
ukraine|kryvyi-rih|mobile|Kyivstar|3072|2023-10-01|6.25|41.36|18.43|9.36|49.71
ukraine|kryvyi-rih|mobile|Vodafone|3073|2023-10-01|11.67|47.98|28.64|11.82|51.39
ukraine|kryvyi-rih|mobile|lifecell|3068|2023-10-01|3.88|22.77|11.21|6.93|59.99
ukraine|donetsk|mobile|Phoenix|4564|2023-10-01|2.33|17.23|7.99|6.9|37.05
ukraine|donetsk|mobile|Phoenix/Lugacom|4240|2023-10-01|3.36|21.09|9.2|7.66|33.76
ukraine|ivano-frankivsk|mobile|Kyivstar|3072|2023-10-01|5.72|43.37|20.46|16.31|54.23
ukraine|ivano-frankivsk|mobile|Vodafone|3073|2023-10-01|6.85|44.39|21.32|14.2|51.14
ukraine|ivano-frankivsk|mobile|lifecell|3068|2023-10-01|16.76|51.26|30.67|15.21|51.65
ukraine|kharkiv|mobile|Kyivstar|3072|2023-10-01|10.45|54.08|26.8|11.94|54.47
ukraine|kharkiv|mobile|Vodafone|3073|2023-10-01|13.15|63.57|33.58|14.09|47.34
ukraine|kharkiv|mobile|lifecell|3068|2023-10-01|14.84|53.31|29.05|11.2|58.58
ukraine|kherson|mobile|Kyivstar|3072|2023-10-01|9.31|41.18|22.65|11.68|50.85
ukraine|kherson|mobile|Vodafone|3073|2023-10-01|15.36|53.44|33.36|17.83|49.98
ukraine|kherson|mobile|lifecell|3068|2023-10-01|8.49|37.39|21.14|5.28|62.63
ukraine|khmelnytskyi|mobile|Kyivstar|3072|2023-10-01|4.58|32.39|13.75|13.58|50.37
ukraine|khmelnytskyi|mobile|Vodafone|3073|2023-10-01|15.6|48.47|29.32|7.47|44.2
ukraine|khmelnytskyi|mobile|lifecell|3068|2023-10-01|6.12|29.58|14.69|6.92|51.67
ukraine|kirovohrad|mobile|Kyivstar|3072|2023-10-01|14.06|49.6|28.76|12.87|51.03
ukraine|kirovohrad|mobile|Vodafone|3073|2023-10-01|7.97|40.76|18.67|16.99|44.75
ukraine|kirovohrad|mobile|lifecell|3068|2023-10-01|11.12|47.48|25.59|10.31|55.59
ukraine|kiev|mobile|Kyivstar|3072|2023-10-01|4.83|43.66|18.13|9.64|42.89
ukraine|kiev|mobile|Vodafone|3073|2023-10-01|11.63|53.11|27.41|11.09|33.1
ukraine|kiev|mobile|lifecell|3068|2023-10-01|10.34|43.3|22.94|7.7|41.93
ukraine|brovary|mobile|Kyivstar|3072|2023-10-01|5.71|43.74|18.46|11.67|43.16
ukraine|brovary|mobile|Vodafone|3073|2023-10-01|8.99|50.46|22.92|7.18|29.91
ukraine|brovary|mobile|lifecell|3068|2023-10-01|7.29|40.66|15.73|7.4|42.57
ukraine|irpin'|mobile|Kyivstar|3072|2023-10-01|5.26|44.81|22.93|13.0|39.99
ukraine|irpin'|mobile|Vodafone|3073|2023-10-01|13.97|49.98|30.6|9.65|27.13
ukraine|irpin'|mobile|lifecell|3068|2023-10-01|17.61|61.99|35.92|9.18|42.19
ukraine|sofiivska-borshchahivka|mobile|Kyivstar|3072|2023-10-01|5.83|53.94|22.54|12.97|39.24
ukraine|sofiivska-borshchahivka|mobile|Vodafone|3073|2023-10-01|11.53|48.27|25.02|8.28|30.4
ukraine|sofiivska-borshchahivka|mobile|lifecell|3068|2023-10-01|13.56|56.48|29.46|7.85|42.31
ukraine|lviv|mobile|Kyivstar|3072|2023-10-01|4.94|39.53|16.34|14.02|49.04
ukraine|lviv|mobile|Vodafone|3073|2023-10-01|8.42|39.16|20.14|7.18|40.82
ukraine|lviv|mobile|lifecell|3068|2023-10-01|8.29|41.15|21.83|12.93|43.25
ukraine|mykolaiv|mobile|Kyivstar|3072|2023-10-01|9.09|44.77|23.7|12.66|51.84
ukraine|mykolaiv|mobile|Vodafone|3073|2023-10-01|10.77|41.41|23.89|18.11|52.06
ukraine|mykolaiv|mobile|lifecell|3068|2023-10-01|11.71|40.04|24.62|8.5|58.93
ukraine|odessa|mobile|Kyivstar|3072|2023-10-01|9.24|53.27|25.52|15.47|55.72
ukraine|odessa|mobile|Vodafone|3073|2023-10-01|8.58|47.68|21.52|13.78|53.35
ukraine|odessa|mobile|lifecell|3068|2023-10-01|11.11|44.89|23.6|7.5|56.4
ukraine|kremenchuk|mobile|Kyivstar|3072|2023-10-01|9.02|45.29|21.46|10.97|58.55
ukraine|kremenchuk|mobile|Vodafone|3073|2023-10-01|10.87|49.38|27.64|14.25|43.94
ukraine|kremenchuk|mobile|lifecell|3068|2023-10-01|10.18|44.32|18.79|8.23|57.53
ukraine|poltava|mobile|Kyivstar|3072|2023-10-01|12.03|53.74|26.42|9.88|54.23
ukraine|poltava|mobile|Vodafone|3073|2023-10-01|8.56|50.96|23.64|10.85|44.79
ukraine|rivne|mobile|Kyivstar|3072|2023-10-01|5.09|37.98|15.53|17.06|53.02
ukraine|rivne|mobile|Vodafone|3073|2023-10-01|13.9|44.51|27.31|11.59|48.14
ukraine|rivne|mobile|lifecell|3068|2023-10-01|3.77|26.04|13.31|9.56|49.93
ukraine|sumy|mobile|Kyivstar|3072|2023-10-01|9.94|50.73|30.36|10.35|55.6
ukraine|sumy|mobile|Vodafone|3073|2023-10-01|11.19|51.92|25.75|14.81|50.73
ukraine|sumy|mobile|lifecell|3068|2023-10-01|15.42|53.22|29.53|12.39|53.16
ukraine|ternopil|mobile|Kyivstar|3072|2023-10-01|5.07|36.53|15.39|14.71|51.5
ukraine|ternopil|mobile|Vodafone|3073|2023-10-01|16.47|59.12|36.97|10.28|46.2
ukraine|ternopil|mobile|lifecell|3068|2023-10-01|7.56|47.89|21.66|12.09|46.04
ukraine|vinnytsia|mobile|Kyivstar|3072|2023-10-01|5.32|38.63|16.95|12.44|50.1
ukraine|vinnytsia|mobile|Vodafone|3073|2023-10-01|13.06|52.49|28.44|11.5|39.24
ukraine|vinnytsia|mobile|lifecell|3068|2023-10-01|7.45|38.99|19.68|6.99|48.94
ukraine|lutsk|mobile|Kyivstar|3072|2023-10-01|5.98|41.99|18.61|13.96|49.54
ukraine|lutsk|mobile|Vodafone|3073|2023-10-01|9.17|47.74|23.38|19.57|48.41
ukraine|lutsk|mobile|lifecell|3068|2023-10-01|9.91|52.22|23.73|12.23|43.86
ukraine|uzhhorod|mobile|Kyivstar|3072|2023-10-01|5.79|49.37|22.59|8.81|58.28
ukraine|uzhhorod|mobile|Vodafone|3073|2023-10-01|17.89|62.53|37.18|11.91|50.62
ukraine|uzhhorod|mobile|lifecell|3068|2023-10-01|11.51|56.11|34.25|11.55|51.09
ukraine|zaporizhia|mobile|Kyivstar|3072|2023-10-01|8.38|47.35|23.54|11.25|53.55
ukraine|zaporizhia|mobile|Vodafone|3073|2023-10-01|8.95|48.52|22.32|15.79|57.87
ukraine|zaporizhia|mobile|lifecell|3068|2023-10-01|5.74|31.12|14.36|7.9|60.19
ukraine|zhytomyr|mobile|Kyivstar|3072|2023-10-01|5.13|35.57|15.29|16.43|46.51
ukraine|zhytomyr|mobile|Vodafone|3073|2023-10-01|13.3|45.73|25.27|12.32|42.77
ukraine|zhytomyr|mobile|lifecell|3068|2023-10-01|2.79|25.68|11.52|9.25|47.52
united-arab-emirates|abu-dhabi|mobile|du|3829|2023-10-01|82.26|631.51|253.61|26.29|44.86
united-arab-emirates|abu-dhabi|mobile|etisalat by e&|2270|2023-10-01|77.47|778.04|294.44|26.85|35.69
united-arab-emirates|ajman|mobile|du|3829|2023-10-01|63.2|804.86|329.24|30.64|40.99
united-arab-emirates|ajman|mobile|etisalat by e&|2270|2023-10-01|43.04|658.55|200.22|21.08|32.85
united-arab-emirates|dubai|mobile|du|3829|2023-10-01|76.84|731.38|313.24|31.97|34.44
united-arab-emirates|dubai|mobile|etisalat by e&|2270|2023-10-01|90.29|930.2|399.1|31.26|30.25
united-arab-emirates|fujairah|mobile|du|3829|2023-10-01|75.94|571.18|277.55|29.11|42.76
united-arab-emirates|fujairah|mobile|etisalat by e&|2270|2023-10-01|73.63|574.0|226.8|24.72|34.25
united-arab-emirates|ras-al-khaimah|mobile|du|3829|2023-10-01|72.22|533.18|219.69|22.58|43.36
united-arab-emirates|ras-al-khaimah|mobile|etisalat by e&|2270|2023-10-01|92.74|654.02|274.88|24.88|34.01
united-arab-emirates|sharjah|mobile|du|3829|2023-10-01|61.97|669.64|211.95|27.25|42.8
united-arab-emirates|sharjah|mobile|etisalat by e&|2270|2023-10-01|47.58|635.85|214.63|23.28|31.54
united-arab-emirates|abu-dhabi|mobile|du|3829|2023-10-01|83.22|666.96|268.12|26.64|44.28
united-arab-emirates|abu-dhabi|mobile|etisalat by e&|2270|2023-10-01|79.18|804.31|309.38|28.19|35.01
united-arab-emirates|al-ain|mobile|du|3829|2023-10-01|87.11|636.89|260.79|29.05|45.26
united-arab-emirates|al-ain|mobile|etisalat by e&|2270|2023-10-01|125.3|980.96|451.06|30.32|33.27
united-arab-emirates|ajman|mobile|du|3829|2023-10-01|62.63|809.31|339.53|30.9|41.01
united-arab-emirates|ajman|mobile|etisalat by e&|2270|2023-10-01|41.11|668.17|194.97|21.07|32.7
united-arab-emirates|dubai|mobile|du|3829|2023-10-01|76.87|738.24|316.48|32.21|34.35
united-arab-emirates|dubai|mobile|etisalat by e&|2270|2023-10-01|91.56|938.0|405.08|31.58|30.19
united-arab-emirates|ras-al-khaimah|mobile|du|3829|2023-10-01|66.34|569.54|227.35|21.16|43.41
united-arab-emirates|ras-al-khaimah|mobile|etisalat by e&|2270|2023-10-01|104.6|742.43|341.16|25.24|33.43
united-arab-emirates|sharjah|mobile|du|3829|2023-10-01|63.46|711.35|225.13|28.09|42.54
united-arab-emirates|sharjah|mobile|etisalat by e&|2270|2023-10-01|47.51|657.22|227.35|23.79|31.32
united-states|alabama|mobile|AT&T|3094|2023-10-01|23.75|211.7|73.79|6.85|61.73
united-states|alabama|mobile|T-Mobile|3203|2023-10-01|56.44|315.68|157.8|9.33|61.92
united-states|alabama|mobile|Verizon Wireless|3221|2023-10-01|23.83|228.7|74.7|8.73|57.87
united-states|alaska|mobile|AT&T|3094|2023-10-01|15.99|84.81|42.52|7.61|110.74
united-states|alaska|mobile|FirstNet|3813|2023-10-01|15.71|83.09|46.46|6.89|118.19
united-states|alaska|mobile|GCI|3758|2023-10-01|20.16|130.44|63.47|11.81|49.65
united-states|alaska|mobile|T-Mobile|3203|2023-10-01|0.19|64.68|14.61|2.5|225.48
united-states|alaska|mobile|Verizon Wireless|3221|2023-10-01|15.36|64.47|37.76|5.87|108.2
united-states|arizona|mobile|AT&T|3094|2023-10-01|39.35|223.76|97.86|7.14|64.52
united-states|arizona|mobile|T-Mobile|3203|2023-10-01|57.73|405.39|195.64|10.1|56.69
united-states|arizona|mobile|Verizon Wireless|3221|2023-10-01|27.63|304.5|96.89|9.66|61.23
united-states|arkansas|mobile|AT&T|3094|2023-10-01|20.78|157.61|64.65|7.97|80.32
united-states|arkansas|mobile|T-Mobile|3203|2023-10-01|53.44|356.64|175.27|8.15|86.03
united-states|arkansas|mobile|Verizon Wireless|3221|2023-10-01|21.47|171.41|60.63|8.0|72.59
united-states|california|mobile|AT&T|3094|2023-10-01|30.21|237.86|93.6|9.12|45.65
united-states|california|mobile|T-Mobile|3203|2023-10-01|45.17|386.88|163.68|13.08|41.92
united-states|california|mobile|Verizon Wireless|3221|2023-10-01|29.22|259.34|95.05|10.24|48.87
united-states|colorado|mobile|AT&T|3094|2023-10-01|30.88|144.27|75.0|7.73|86.99
united-states|colorado|mobile|T-Mobile|3203|2023-10-01|48.79|354.73|159.0|8.66|42.23
united-states|colorado|mobile|Verizon Wireless|3221|2023-10-01|24.96|304.07|83.86|9.59|46.76
united-states|connecticut|mobile|AT&T|3094|2023-10-01|23.49|186.18|71.16|7.0|57.8
united-states|connecticut|mobile|T-Mobile|3203|2023-10-01|44.57|456.56|186.66|12.5|46.0
united-states|connecticut|mobile|Verizon Wireless|3221|2023-10-01|24.27|228.42|70.34|9.57|55.33
united-states|delaware|mobile|AT&T|3094|2023-10-01|49.31|216.14|111.72|8.3|52.76
united-states|delaware|mobile|T-Mobile|3203|2023-10-01|46.56|330.32|142.36|12.35|42.63
united-states|delaware|mobile|Verizon Wireless|3221|2023-10-01|25.63|275.45|80.5|8.51|48.56
united-states|district-of-columbia|mobile|AT&T|3094|2023-10-01|32.38|162.47|85.47|9.28|56.22
united-states|district-of-columbia|mobile|T-Mobile|3203|2023-10-01|52.84|511.33|242.56|16.65|37.3
united-states|district-of-columbia|mobile|Verizon Wireless|3221|2023-10-01|39.06|421.18|118.64|14.17|41.5
united-states|florida|mobile|AT&T|3094|2023-10-01|26.75|236.62|92.06|7.12|62.95
united-states|florida|mobile|T-Mobile|3203|2023-10-01|47.16|371.73|155.88|9.85|48.74
united-states|florida|mobile|Verizon Wireless|3221|2023-10-01|32.43|289.06|101.14|9.32|55.25
united-states|georgia|mobile|AT&T|3094|2023-10-01|23.0|178.68|70.57|6.89|57.52
united-states|georgia|mobile|T-Mobile|3203|2023-10-01|47.41|459.21|187.0|10.98|45.73
united-states|georgia|mobile|Verizon Wireless|3221|2023-10-01|24.77|276.03|82.9|8.82|50.84
united-states|hawaii|mobile|AT&T|3094|2023-10-01|16.07|88.56|41.48|9.73|103.57
united-states|hawaii|mobile|T-Mobile|3203|2023-10-01|58.12|449.59|223.07|17.91|99.59
united-states|hawaii|mobile|Verizon Wireless|3221|2023-10-01|17.59|91.41|46.18|12.86|99.06
united-states|idaho|mobile|AT&T|3094|2023-10-01|23.69|104.82|56.36|5.98|114.08
united-states|idaho|mobile|T-Mobile|3203|2023-10-01|48.07|317.16|146.44|10.39|76.27
united-states|idaho|mobile|Verizon Wireless|3221|2023-10-01|23.62|215.69|70.29|7.98|84.9
united-states|illinois|mobile|AT&T|3094|2023-10-01|45.44|323.58|126.97|9.62|41.88
united-states|illinois|mobile|T-Mobile|3203|2023-10-01|60.7|403.6|199.47|11.5|39.27
united-states|illinois|mobile|Verizon Wireless|3221|2023-10-01|29.67|338.82|97.22|11.37|50.08
united-states|indiana|mobile|AT&T|3094|2023-10-01|32.45|205.54|85.1|8.02|59.57
united-states|indiana|mobile|T-Mobile|3203|2023-10-01|67.68|420.45|223.77|9.35|51.29
united-states|indiana|mobile|Verizon Wireless|3221|2023-10-01|31.32|294.1|98.67|9.63|52.26
united-states|iowa|mobile|AT&T|3094|2023-10-01|30.59|114.62|65.51|5.99|75.85
united-states|iowa|mobile|T-Mobile|3203|2023-10-01|63.83|330.58|175.65|10.09|63.46
united-states|iowa|mobile|UScellular|3220|2023-10-01|18.39|105.95|46.58|10.01|56.54
united-states|iowa|mobile|Verizon Wireless|3221|2023-10-01|24.89|267.21|84.56|11.44|65.07
united-states|kansas|mobile|AT&T|3094|2023-10-01|32.47|170.7|77.09|5.77|74.48
united-states|kansas|mobile|T-Mobile|3203|2023-10-01|74.23|435.02|231.45|10.24|66.89
united-states|kansas|mobile|Verizon Wireless|3221|2023-10-01|21.89|266.94|67.01|9.53|72.08
united-states|kentucky|mobile|AT&T|3094|2023-10-01|24.98|149.99|68.95|8.35|87.03
united-states|kentucky|mobile|T-Mobile|3203|2023-10-01|61.33|388.01|191.96|9.02|69.31
united-states|kentucky|mobile|Verizon Wireless|3221|2023-10-01|28.65|254.26|91.43|9.56|64.5
united-states|louisiana|mobile|AT&T|3094|2023-10-01|24.92|215.99|78.38|8.24|67.95
united-states|louisiana|mobile|FirstNet|3813|2023-10-01|31.77|219.67|85.17|9.95|62.01
united-states|louisiana|mobile|T-Mobile|3203|2023-10-01|54.36|344.11|163.33|9.56|77.16
united-states|louisiana|mobile|Verizon Wireless|3221|2023-10-01|21.42|189.0|65.2|8.6|65.04
united-states|maine|mobile|AT&T|3094|2023-10-01|17.79|95.11|49.29|4.83|85.12
united-states|maine|mobile|T-Mobile|3203|2023-10-01|20.76|138.79|64.2|8.13|58.15
united-states|maine|mobile|UScellular|3220|2023-10-01|9.25|67.51|26.05|6.43|79.47
united-states|maine|mobile|Verizon Wireless|3221|2023-10-01|13.45|89.98|40.43|5.18|68.68
united-states|maryland|mobile|AT&T|3094|2023-10-01|36.19|160.33|87.95|7.78|60.48
united-states|maryland|mobile|T-Mobile|3203|2023-10-01|44.95|437.7|176.71|13.39|38.76
united-states|maryland|mobile|Verizon Wireless|3221|2023-10-01|25.93|267.62|75.78|9.91|45.91
united-states|massachusetts|mobile|AT&T|3094|2023-10-01|30.34|220.75|89.91|10.39|57.52
united-states|massachusetts|mobile|T-Mobile|3203|2023-10-01|41.17|399.06|154.45|14.11|42.64
united-states|massachusetts|mobile|Verizon Wireless|3221|2023-10-01|30.64|282.77|84.03|11.99|50.22
united-states|michigan|mobile|AT&T|3094|2023-10-01|34.91|198.92|87.31|5.28|69.05
united-states|michigan|mobile|T-Mobile|3203|2023-10-01|59.93|406.12|190.81|10.41|45.63
united-states|michigan|mobile|Verizon Wireless|3221|2023-10-01|35.19|315.26|108.19|9.47|60.95
united-states|minnesota|mobile|AT&T|3094|2023-10-01|31.93|185.17|87.11|6.42|74.24
united-states|minnesota|mobile|T-Mobile|3203|2023-10-01|60.27|375.89|187.26|9.27|51.56
united-states|minnesota|mobile|Verizon Wireless|3221|2023-10-01|32.31|332.81|111.46|10.44|61.95
united-states|mississippi|mobile|AT&T|3094|2023-10-01|17.73|130.75|56.08|5.91|81.76
united-states|mississippi|mobile|C Spire|3107|2023-10-01|13.94|54.08|31.41|3.27|59.22
united-states|mississippi|mobile|FirstNet|3813|2023-10-01|23.82|134.4|66.32|7.97|72.31
united-states|mississippi|mobile|T-Mobile|3203|2023-10-01|40.72|328.19|138.07|7.54|86.32
united-states|mississippi|mobile|Verizon Wireless|3221|2023-10-01|12.46|85.84|37.19|5.55|74.95
united-states|missouri|mobile|AT&T|3094|2023-10-01|34.54|209.55|86.86|6.85|70.81
united-states|missouri|mobile|T-Mobile|3203|2023-10-01|71.99|413.96|210.8|10.24|63.26
united-states|missouri|mobile|Verizon Wireless|3221|2023-10-01|23.75|263.32|74.02|9.81|63.94
united-states|montana|mobile|AT&T|3094|2023-10-01|41.9|112.28|69.23|6.63|150.86
united-states|montana|mobile|T-Mobile|3203|2023-10-01|30.46|173.36|86.07|8.78|86.2
united-states|montana|mobile|Verizon Wireless|3221|2023-10-01|24.41|160.96|71.44|9.16|92.73
united-states|nebraska|mobile|AT&T|3094|2023-10-01|26.93|133.71|65.81|5.78|77.39
united-states|nebraska|mobile|T-Mobile|3203|2023-10-01|66.73|415.01|221.89|10.38|72.75
united-states|nebraska|mobile|Verizon Wireless|3221|2023-10-01|24.26|301.63|85.51|11.99|60.98
united-states|nevada|mobile|AT&T|3094|2023-10-01|39.16|268.27|111.13|8.84|62.97
united-states|nevada|mobile|T-Mobile|3203|2023-10-01|35.38|332.21|150.25|12.68|49.05
united-states|nevada|mobile|Verizon Wireless|3221|2023-10-01|27.68|351.96|108.77|11.67|50.5
united-states|new-hampshire|mobile|AT&T|3094|2023-10-01|17.73|100.23|50.75|4.6|79.72
united-states|new-hampshire|mobile|T-Mobile|3203|2023-10-01|33.17|234.6|100.63|10.42|48.5
united-states|new-hampshire|mobile|Verizon Wireless|3221|2023-10-01|19.29|122.65|49.73|6.79|55.07
united-states|new-jersey|mobile|AT&T|3094|2023-10-01|37.1|225.71|95.97|7.4|67.98
united-states|new-jersey|mobile|T-Mobile|3203|2023-10-01|43.61|362.29|155.39|14.83|39.54
united-states|new-jersey|mobile|Verizon Wireless|3221|2023-10-01|32.74|345.1|106.07|13.08|46.2
united-states|new-mexico|mobile|AT&T|3094|2023-10-01|20.59|100.21|52.79|7.76|91.32
united-states|new-mexico|mobile|T-Mobile|3203|2023-10-01|20.34|193.65|74.65|10.73|74.92
united-states|new-mexico|mobile|Verizon Wireless|3221|2023-10-01|16.92|170.23|52.82|7.98|91.74
united-states|new-york|mobile|AT&T|3094|2023-10-01|33.85|198.52|86.08|8.03|68.65
united-states|new-york|mobile|T-Mobile|3203|2023-10-01|48.57|398.61|182.52|19.98|38.37
united-states|new-york|mobile|Verizon Wireless|3221|2023-10-01|32.86|271.21|93.9|12.92|49.89
united-states|north-carolina|mobile|AT&T|3094|2023-10-01|29.4|190.86|81.98|6.42|61.85
united-states|north-carolina|mobile|T-Mobile|3203|2023-10-01|31.85|421.05|152.39|9.96|62.25
united-states|north-carolina|mobile|Verizon Wireless|3221|2023-10-01|24.54|225.93|71.15|7.34|62.05
united-states|north-dakota|mobile|AT&T|3094|2023-10-01|29.94|102.74|57.8|8.63|113.82
united-states|north-dakota|mobile|T-Mobile|3203|2023-10-01|37.74|210.19|113.55|6.21|68.01
united-states|north-dakota|mobile|Verizon Wireless|3221|2023-10-01|57.8|403.56|192.33|16.96|76.07
united-states|ohio|mobile|AT&T|3094|2023-10-01|39.16|233.25|95.96|7.75|77.82
united-states|ohio|mobile|T-Mobile|3203|2023-10-01|81.62|454.14|244.11|10.45|57.13
united-states|ohio|mobile|Verizon Wireless|3221|2023-10-01|22.41|233.56|68.78|9.57|65.93
united-states|oklahoma|mobile|AT&T|3094|2023-10-01|27.51|202.03|75.9|9.47|64.1
united-states|oklahoma|mobile|T-Mobile|3203|2023-10-01|56.95|365.79|171.87|10.32|51.16
united-states|oklahoma|mobile|Verizon Wireless|3221|2023-10-01|12.8|229.13|49.64|8.24|62.15
united-states|oregon|mobile|AT&T|3094|2023-10-01|32.18|180.95|83.53|6.23|57.21
united-states|oregon|mobile|T-Mobile|3203|2023-10-01|57.05|404.03|194.89|9.7|48.16
united-states|oregon|mobile|Verizon Wireless|3221|2023-10-01|20.78|201.39|66.6|7.53|52.58
united-states|pennsylvania|mobile|AT&T|3094|2023-10-01|41.26|236.52|102.81|8.81|61.68
united-states|pennsylvania|mobile|T-Mobile|3203|2023-10-01|49.11|380.71|165.42|12.25|45.91
united-states|pennsylvania|mobile|Verizon Wireless|3221|2023-10-01|25.06|270.13|79.92|9.72|54.45
united-states|rhode-island|mobile|AT&T|3094|2023-10-01|36.27|328.23|121.21|9.62|57.03
united-states|rhode-island|mobile|T-Mobile|3203|2023-10-01|47.61|457.6|172.65|15.06|44.48
united-states|rhode-island|mobile|Verizon Wireless|3221|2023-10-01|25.4|321.99|82.64|10.89|53.62
united-states|south-carolina|mobile|AT&T|3094|2023-10-01|33.92|224.65|92.06|8.26|62.46
united-states|south-carolina|mobile|T-Mobile|3203|2023-10-01|39.56|396.51|158.12|9.9|67.19
united-states|south-carolina|mobile|Verizon Wireless|3221|2023-10-01|28.11|280.87|86.28|7.85|60.86
united-states|south-dakota|mobile|AT&T|3094|2023-10-01|35.11|117.74|72.03|7.97|90.4
united-states|south-dakota|mobile|T-Mobile|3203|2023-10-01|28.79|256.6|107.6|9.14|70.2
united-states|south-dakota|mobile|Verizon Wireless|3221|2023-10-01|27.12|253.44|96.84|12.91|71.88
united-states|tennessee|mobile|AT&T|3094|2023-10-01|28.22|247.05|88.37|8.29|69.92
united-states|tennessee|mobile|T-Mobile|3203|2023-10-01|68.9|421.48|218.28|9.4|62.63
united-states|tennessee|mobile|Verizon Wireless|3221|2023-10-01|27.73|268.29|86.3|10.14|58.93
united-states|texas|mobile|AT&T|3094|2023-10-01|20.31|228.77|76.33|7.72|60.02
united-states|texas|mobile|T-Mobile|3203|2023-10-01|57.84|354.84|171.01|9.96|50.13
united-states|texas|mobile|Verizon Wireless|3221|2023-10-01|20.32|259.26|71.43|8.58|57.9
united-states|utah|mobile|AT&T|3094|2023-10-01|38.45|215.03|96.93|7.11|108.59
united-states|utah|mobile|T-Mobile|3203|2023-10-01|50.63|355.13|157.23|13.07|65.2
united-states|utah|mobile|Verizon Wireless|3221|2023-10-01|32.57|273.45|103.44|10.84|60.68
united-states|vermont|mobile|AT&T|3094|2023-10-01|17.65|91.89|46.71|3.89|81.74
united-states|vermont|mobile|T-Mobile|3203|2023-10-01|15.13|123.3|51.87|7.29|61.57
united-states|vermont|mobile|Verizon Wireless|3221|2023-10-01|15.35|81.33|38.61|5.1|67.0
united-states|virginia|mobile|AT&T|3094|2023-10-01|30.62|150.04|75.04|7.36|59.93
united-states|virginia|mobile|T-Mobile|3203|2023-10-01|44.28|412.7|172.51|12.18|50.37
united-states|virginia|mobile|Verizon Wireless|3221|2023-10-01|18.34|200.92|54.65|8.28|51.73
united-states|washington|mobile|AT&T|3094|2023-10-01|29.25|161.14|78.41|7.58|49.72
united-states|washington|mobile|T-Mobile|3203|2023-10-01|49.44|365.12|162.98|10.09|46.73
united-states|washington|mobile|Verizon Wireless|3221|2023-10-01|26.28|257.04|82.69|9.06|48.18
united-states|west-virginia|mobile|AT&T|3094|2023-10-01|23.95|121.62|62.88|8.42|80.17
united-states|west-virginia|mobile|FirstNet|3813|2023-10-01|32.82|123.0|63.89|10.23|74.37
united-states|west-virginia|mobile|T-Mobile|3203|2023-10-01|36.55|174.89|93.48|10.05|63.83
united-states|west-virginia|mobile|UScellular|3220|2023-10-01|7.43|44.22|19.31|5.86|70.56
united-states|west-virginia|mobile|Verizon Wireless|3221|2023-10-01|15.43|125.21|49.66|7.68|69.66
united-states|wisconsin|mobile|AT&T|3094|2023-10-01|25.83|155.57|70.45|6.18|78.58
united-states|wisconsin|mobile|T-Mobile|3203|2023-10-01|41.67|334.64|158.14|8.43|53.42
united-states|wisconsin|mobile|UScellular|3220|2023-10-01|19.4|115.63|52.3|9.37|53.17
united-states|wisconsin|mobile|Verizon Wireless|3221|2023-10-01|25.15|271.65|82.63|7.81|59.47
united-states|wyoming|mobile|AT&T|3094|2023-10-01|22.22|71.17|49.4|5.83|136.82
united-states|wyoming|mobile|T-Mobile|3203|2023-10-01|38.14|187.03|94.61|8.69|70.98
united-states|wyoming|mobile|Union Wireless|3218|2023-10-01|4.61|22.02|14.55|3.83|67.6
united-states|wyoming|mobile|Verizon Wireless|3221|2023-10-01|15.33|88.68|41.59|8.36|74.72
uruguay|canelones|mobile|Antel|3230|2023-10-01|23.48|239.69|74.06|11.79|44.47
uruguay|canelones|mobile|Claro|3231|2023-10-01|11.8|41.73|19.57|7.82|50.66
uruguay|canelones|mobile|Movistar|3232|2023-10-01|7.72|55.2|23.02|7.87|47.46
uruguay|montevideo-department|mobile|Antel|3230|2023-10-01|43.15|391.09|122.28|17.76|42.74
uruguay|montevideo-department|mobile|Claro|3231|2023-10-01|13.76|43.63|25.53|10.4|49.39
uruguay|montevideo-department|mobile|Movistar|3232|2023-10-01|13.75|168.31|41.84|16.4|41.75
uruguay|montevideo|mobile|Antel|3230|2023-10-01|43.06|391.84|122.55|17.85|42.74
uruguay|montevideo|mobile|Claro|3231|2023-10-01|13.87|43.91|25.55|10.41|49.37
uruguay|montevideo|mobile|Movistar|3232|2023-10-01|13.75|168.31|41.84|16.4|41.67
uzbekistan|andijan-region|mobile|Beeline|3235|2023-10-01|6.34|23.08|11.92|3.73|44.64
uzbekistan|andijan-region|mobile|Mobiuz|3236|2023-10-01|9.48|40.69|23.16|5.08|52.11
uzbekistan|andijan-region|mobile|UCell|3234|2023-10-01|6.35|36.96|15.15|9.02|45.33
uzbekistan|andijan-region|mobile|Uztelecom|4108|2023-10-01|5.5|27.68|14.64|9.12|43.0
uzbekistan|bukhara-province|mobile|Beeline|3235|2023-10-01|7.92|28.17|16.84|14.2|44.68
uzbekistan|bukhara-province|mobile|Mobiuz|3236|2023-10-01|11.63|43.6|23.6|8.41|44.51
uzbekistan|bukhara-province|mobile|UCell|3234|2023-10-01|10.34|47.08|25.9|12.76|44.5
uzbekistan|bukhara-province|mobile|Uztelecom|4108|2023-10-01|15.67|41.34|26.48|16.38|43.72
uzbekistan|ferghana-province|mobile|Beeline|3235|2023-10-01|5.94|26.35|13.86|3.44|41.23
uzbekistan|ferghana-province|mobile|Mobiuz|3236|2023-10-01|13.43|60.56|31.48|5.11|47.56
uzbekistan|ferghana-province|mobile|UCell|3234|2023-10-01|6.61|38.33|18.73|9.45|41.93
uzbekistan|ferghana-province|mobile|Uztelecom|4108|2023-10-01|10.62|40.14|22.37|9.75|38.51
uzbekistan|kashkadarya-province|mobile|Beeline|3235|2023-10-01|9.36|36.29|20.21|13.13|48.74
uzbekistan|kashkadarya-province|mobile|Mobiuz|3236|2023-10-01|7.28|29.78|16.19|7.17|54.51
uzbekistan|kashkadarya-province|mobile|UCell|3234|2023-10-01|13.02|58.91|30.44|17.66|50.43
uzbekistan|kashkadarya-province|mobile|Uztelecom|4108|2023-10-01|10.02|33.32|20.89|11.63|49.48
uzbekistan|namangan-province|mobile|Beeline|3235|2023-10-01|8.15|25.72|13.99|4.91|39.18
uzbekistan|namangan-province|mobile|Mobiuz|3236|2023-10-01|9.59|39.01|22.0|6.75|47.23
uzbekistan|namangan-province|mobile|UCell|3234|2023-10-01|16.16|51.99|29.93|15.95|36.18
uzbekistan|namangan-province|mobile|Uztelecom|4108|2023-10-01|4.91|27.82|14.35|8.37|38.7
uzbekistan|samarkand-province|mobile|Beeline|3235|2023-10-01|6.24|26.86|15.34|11.79|39.79
uzbekistan|samarkand-province|mobile|Mobiuz|3236|2023-10-01|11.2|57.19|28.5|8.48|43.32
uzbekistan|samarkand-province|mobile|UCell|3234|2023-10-01|11.48|80.02|32.12|13.05|38.05
uzbekistan|samarkand-province|mobile|Uztelecom|4108|2023-10-01|18.49|170.73|38.54|18.55|40.4
uzbekistan|tashkent-province|mobile|Beeline|3235|2023-10-01|7.07|36.59|19.63|11.32|34.71
uzbekistan|tashkent-province|mobile|Mobiuz|3236|2023-10-01|10.6|48.49|24.88|7.69|37.18
uzbekistan|tashkent-province|mobile|UCell|3234|2023-10-01|14.77|75.15|35.64|14.7|26.7
uzbekistan|tashkent-province|mobile|Uztelecom|4108|2023-10-01|7.93|39.0|20.28|10.21|36.14
uzbekistan|samarkand|mobile|Beeline|3235|2023-10-01|6.08|26.57|14.69|11.81|40.04
uzbekistan|samarkand|mobile|Mobiuz|3236|2023-10-01|11.23|59.55|29.35|8.61|42.29
uzbekistan|samarkand|mobile|UCell|3234|2023-10-01|18.82|113.74|45.89|14.14|35.3
uzbekistan|samarkand|mobile|Uztelecom|4108|2023-10-01|22.18|270.15|52.38|21.36|39.78
venezuela|anzoategui|mobile|Digitel|3239|2023-10-01|8.58|33.01|20.34|8.3|94.07
venezuela|anzoategui|mobile|Movilnet|3242|2023-10-01|2.15|7.79|4.72|2.3|124.23
venezuela|anzoategui|mobile|Movistar|3241|2023-10-01|2.49|22.19|8.02|5.66|115.95
venezuela|aragua|mobile|Digitel|3239|2023-10-01|2.95|22.14|9.62|5.39|100.99
venezuela|aragua|mobile|Movilnet|3242|2023-10-01|5.16|18.27|9.73|4.22|120.67
venezuela|aragua|mobile|Movistar|3241|2023-10-01|2.49|19.05|7.37|4.91|116.07
venezuela|bolivar|mobile|Digitel|3239|2023-10-01|6.45|25.37|13.62|7.38|103.13
venezuela|bolivar|mobile|Movilnet|3242|2023-10-01|1.6|7.47|3.43|1.35|141.3
venezuela|bolivar|mobile|Movistar|3241|2023-10-01|2.73|16.58|6.97|4.26|123.19
venezuela|capital-district|mobile|Digitel|3239|2023-10-01|4.14|29.86|13.36|7.26|94.94
venezuela|capital-district|mobile|Movilnet|3242|2023-10-01|4.08|19.02|9.48|3.51|109.11
venezuela|capital-district|mobile|Movistar|3241|2023-10-01|3.93|28.93|11.82|6.68|104.93
venezuela|carabobo|mobile|Digitel|3239|2023-10-01|3.06|23.88|10.16|5.31|90.4
venezuela|carabobo|mobile|Movilnet|3242|2023-10-01|6.4|20.81|13.74|4.63|117.16
venezuela|carabobo|mobile|Movistar|3241|2023-10-01|2.8|20.01|8.11|4.9|109.16
venezuela|lara|mobile|Digitel|3239|2023-10-01|2.79|23.27|8.52|3.81|89.29
venezuela|lara|mobile|Movilnet|3242|2023-10-01|1.95|11.34|4.89|3.11|135.08
venezuela|lara|mobile|Movistar|3241|2023-10-01|2.52|19.45|7.67|4.61|115.91
venezuela|miranda|mobile|Digitel|3239|2023-10-01|3.08|23.51|10.25|4.49|92.59
venezuela|miranda|mobile|Movilnet|3242|2023-10-01|4.18|17.85|10.14|3.38|107.59
venezuela|miranda|mobile|Movistar|3241|2023-10-01|1.15|14.09|4.01|4.23|103.82
venezuela|tachira|mobile|Digitel|3239|2023-10-01|17.6|53.55|30.38|9.63|138.78
venezuela|tachira|mobile|Movilnet|3242|2023-10-01|1.85|14.99|7.2|1.81|145.0
venezuela|tachira|mobile|Movistar|3241|2023-10-01|2.47|21.23|8.03|5.82|140.26
venezuela|zulia|mobile|Digitel|3239|2023-10-01|7.27|34.82|17.96|6.26|103.64
venezuela|zulia|mobile|Movilnet|3242|2023-10-01|8.74|25.35|15.91|6.3|109.04
venezuela|zulia|mobile|Movistar|3241|2023-10-01|6.05|30.34|15.38|7.12|119.71
venezuela|maracay|mobile|Digitel|3239|2023-10-01|3.77|26.06|11.76|7.1|101.41
venezuela|maracay|mobile|Movilnet|3242|2023-10-01|4.24|12.9|8.28|2.56|121.53
venezuela|maracay|mobile|Movistar|3241|2023-10-01|2.73|21.6|8.32|5.31|115.99
venezuela|caracas|mobile|Digitel|3239|2023-10-01|4.13|29.86|13.36|7.26|94.94
venezuela|caracas|mobile|Movilnet|3242|2023-10-01|4.08|19.1|9.52|3.51|108.82
venezuela|caracas|mobile|Movistar|3241|2023-10-01|3.93|28.93|11.84|6.68|104.92
venezuela|valencia|mobile|Digitel|3239|2023-10-01|3.69|25.1|11.22|5.37|89.54
venezuela|valencia|mobile|Movilnet|3242|2023-10-01|5.82|16.69|11.22|3.45|120.41
venezuela|valencia|mobile|Movistar|3241|2023-10-01|3.33|20.8|9.34|4.97|105.44
venezuela|barquisimeto|mobile|Digitel|3239|2023-10-01|3.07|26.59|9.1|5.89|88.08
venezuela|barquisimeto|mobile|Movilnet|3242|2023-10-01|2.47|11.68|5.58|4.25|137.78
venezuela|barquisimeto|mobile|Movistar|3241|2023-10-01|2.78|19.72|8.57|5.32|116.95
venezuela|maracaibo|mobile|Digitel|3239|2023-10-01|9.15|39.47|20.17|8.49|101.47
venezuela|maracaibo|mobile|Movilnet|3242|2023-10-01|7.68|22.84|13.2|6.57|106.65
venezuela|maracaibo|mobile|Movistar|3241|2023-10-01|6.19|31.76|15.98|7.65|118.58
vietnam|ba-ria-vung-tau|mobile|Viettel|3251|2023-10-01|32.66|83.09|64.48|26.75|52.85
vietnam|ba-ria-vung-tau|mobile|Vinaphone|3252|2023-10-01|45.3|95.55|66.37|30.25|30.1
vietnam|ba-ria-vung-tau|mobile|Wintel|4431|2023-10-01|39.56|95.9|64.31|26.85|29.02
vietnam|ba-ria-vung-tau|mobile|mobifone|3249|2023-10-01|17.26|65.33|35.94|19.84|34.49
vietnam|ba-ria-vung-tau|mobile|vietnamobile|4098|2023-10-01|5.52|23.51|13.51|5.08|40.47
vietnam|bac-giang|mobile|I-Tel|4594|2023-10-01|13.99|54.59|30.43|13.6|44.69
vietnam|bac-giang|mobile|Viettel|3251|2023-10-01|31.69|91.21|55.47|12.82|40.15
vietnam|bac-giang|mobile|Vinaphone|3252|2023-10-01|17.46|58.58|34.61|17.63|38.54
vietnam|bac-giang|mobile|Wintel|4431|2023-10-01|16.05|60.28|33.2|15.07|43.24
vietnam|bac-giang|mobile|mobifone|3249|2023-10-01|12.89|52.79|28.04|13.92|37.32
vietnam|bac-lieu|mobile|Viettel|3251|2023-10-01|51.16|121.65|78.05|34.67|37.44
vietnam|bac-lieu|mobile|Vinaphone|3252|2023-10-01|42.46|82.81|60.85|27.55|40.14
vietnam|bac-lieu|mobile|Wintel|4431|2023-10-01|25.06|71.43|46.97|19.5|37.44
vietnam|bac-lieu|mobile|mobifone|3249|2023-10-01|24.98|64.99|41.55|31.21|37.54
vietnam|bac-ninh|mobile|I-Tel|4594|2023-10-01|17.97|58.15|35.0|14.22|38.62
vietnam|bac-ninh|mobile|Viettel|3251|2023-10-01|33.57|95.98|59.06|15.37|39.89
vietnam|bac-ninh|mobile|Vinaphone|3252|2023-10-01|24.98|78.64|46.57|20.89|33.73
vietnam|bac-ninh|mobile|Wintel|4431|2023-10-01|16.76|61.0|35.28|16.78|36.7
vietnam|bac-ninh|mobile|mobifone|3249|2023-10-01|14.9|47.7|28.99|13.15|37.05
vietnam|ben-tre|mobile|Viettel|3251|2023-10-01|34.57|91.4|56.95|21.96|59.97
vietnam|ben-tre|mobile|Vinaphone|3252|2023-10-01|29.56|78.55|50.66|18.73|35.67
vietnam|ben-tre|mobile|Wintel|4431|2023-10-01|34.51|82.88|57.64|22.17|34.28
vietnam|ben-tre|mobile|mobifone|3249|2023-10-01|17.22|52.18|33.05|19.76|35.57
vietnam|binh-dinh|mobile|I-Tel|4594|2023-10-01|26.5|69.63|49.35|16.79|40.5
vietnam|binh-dinh|mobile|Viettel|3251|2023-10-01|33.84|92.74|61.33|21.84|39.71
vietnam|binh-dinh|mobile|Vinaphone|3252|2023-10-01|36.71|78.69|55.28|26.36|42.09
vietnam|binh-dinh|mobile|Wintel|4431|2023-10-01|23.25|58.92|38.07|15.55|46.59
vietnam|binh-dinh|mobile|mobifone|3249|2023-10-01|22.49|63.47|42.3|19.23|43.21
vietnam|binh-duong|mobile|I-Tel|4594|2023-10-01|20.88|80.62|45.42|17.84|28.92
vietnam|binh-duong|mobile|Viettel|3251|2023-10-01|20.44|78.39|47.04|20.0|33.18
vietnam|binh-duong|mobile|Vinaphone|3252|2023-10-01|27.76|90.96|55.92|22.65|31.52
vietnam|binh-duong|mobile|Wintel|4431|2023-10-01|21.25|85.18|47.27|17.83|29.49
vietnam|binh-duong|mobile|mobifone|3249|2023-10-01|10.45|50.94|26.03|15.47|34.08
vietnam|binh-duong|mobile|vietnamobile|4098|2023-10-01|3.91|18.9|10.12|4.97|39.5
vietnam|binh-phuoc|mobile|Viettel|3251|2023-10-01|25.62|76.18|50.29|22.53|39.19
vietnam|binh-phuoc|mobile|Vinaphone|3252|2023-10-01|29.51|84.88|51.77|22.65|38.23
vietnam|binh-phuoc|mobile|Wintel|4431|2023-10-01|30.35|77.73|49.48|20.42|36.43
vietnam|binh-phuoc|mobile|mobifone|3249|2023-10-01|26.5|55.53|40.56|18.83|34.59
vietnam|binh-thuan|mobile|I-Tel|4594|2023-10-01|30.59|73.62|48.38|17.67|37.53
vietnam|binh-thuan|mobile|Viettel|3251|2023-10-01|29.57|93.07|52.37|20.31|48.08
vietnam|binh-thuan|mobile|Vinaphone|3252|2023-10-01|28.64|81.54|55.07|24.06|45.2
vietnam|binh-thuan|mobile|Wintel|4431|2023-10-01|29.13|79.28|49.59|23.75|37.8
vietnam|binh-thuan|mobile|mobifone|3249|2023-10-01|22.75|69.97|44.18|20.57|36.3
vietnam|binh-thuan|mobile|vietnamobile|4098|2023-10-01|7.68|23.7|12.23|3.72|42.95
vietnam|ca-mau|mobile|Viettel|3251|2023-10-01|42.08|94.63|69.04|26.38|51.03
vietnam|ca-mau|mobile|Vinaphone|3252|2023-10-01|35.44|94.37|60.52|24.65|43.29
vietnam|ca-mau|mobile|Wintel|4431|2023-10-01|21.41|84.7|57.33|20.55|38.19
vietnam|ca-mau|mobile|mobifone|3249|2023-10-01|22.51|60.12|41.48|20.52|42.5
vietnam|can-tho|mobile|I-Tel|4594|2023-10-01|34.43|80.75|50.97|27.81|30.44
vietnam|can-tho|mobile|Viettel|3251|2023-10-01|39.76|93.88|59.73|30.38|66.11
vietnam|can-tho|mobile|Vinaphone|3252|2023-10-01|29.56|80.6|53.0|26.9|35.07
vietnam|can-tho|mobile|Wintel|4431|2023-10-01|23.87|71.47|46.97|25.61|30.95
vietnam|can-tho|mobile|mobifone|3249|2023-10-01|18.01|70.25|41.38|24.34|37.33
vietnam|can-tho|mobile|vietnamobile|4098|2023-10-01|7.24|23.09|14.48|4.38|37.16
vietnam|cao-bang|mobile|Viettel|3251|2023-10-01|33.94|90.32|62.95|18.13|39.64
vietnam|cao-bang|mobile|Vinaphone|3252|2023-10-01|27.87|62.74|42.17|24.27|36.9
vietnam|cao-bang|mobile|Wintel|4431|2023-10-01|21.69|61.74|36.18|18.86|38.61
vietnam|cao-bang|mobile|mobifone|3249|2023-10-01|40.1|56.8|47.29|19.07|37.49
vietnam|da-nang|mobile|Viettel|3251|2023-10-01|42.26|114.16|71.23|31.22|46.65
vietnam|da-nang|mobile|Vinaphone|3252|2023-10-01|38.11|96.77|64.92|28.62|33.35
vietnam|da-nang|mobile|Wintel|4431|2023-10-01|30.1|78.53|54.44|24.74|35.85
vietnam|da-nang|mobile|mobifone|3249|2023-10-01|15.95|60.37|35.69|20.18|39.22
vietnam|da-nang|mobile|vietnamobile|4098|2023-10-01|2.05|5.94|3.72|1.65|61.4
vietnam|dak-nong|mobile|Viettel|3251|2023-10-01|23.41|75.43|44.74|17.18|44.5
vietnam|dak-nong|mobile|Vinaphone|3252|2023-10-01|33.5|84.39|55.31|24.45|51.14
vietnam|dak-nong|mobile|Wintel|4431|2023-10-01|26.08|73.3|46.25|18.39|56.4
vietnam|dak-nong|mobile|mobifone|3249|2023-10-01|32.68|65.1|49.34|22.97|54.42
vietnam|dong-nai|mobile|I-Tel|4594|2023-10-01|43.79|99.16|66.35|23.26|30.5
vietnam|dong-nai|mobile|Viettel|3251|2023-10-01|25.22|85.74|51.11|20.9|38.02
vietnam|dong-nai|mobile|Vinaphone|3252|2023-10-01|39.11|116.33|72.7|24.59|33.2
vietnam|dong-nai|mobile|Wintel|4431|2023-10-01|40.22|105.35|67.41|22.41|30.75
vietnam|dong-nai|mobile|mobifone|3249|2023-10-01|12.54|57.6|29.76|18.58|34.1
vietnam|dong-nai|mobile|vietnamobile|4098|2023-10-01|4.65|24.14|9.78|3.3|38.88
vietnam|gia-lai|mobile|Viettel|3251|2023-10-01|32.48|87.08|57.63|18.78|37.8
vietnam|gia-lai|mobile|Vinaphone|3252|2023-10-01|36.72|86.94|65.43|31.24|40.21
vietnam|gia-lai|mobile|Wintel|4431|2023-10-01|28.52|85.29|52.08|18.6|44.63
vietnam|gia-lai|mobile|mobifone|3249|2023-10-01|19.1|59.39|36.64|17.74|43.52
vietnam|an-giang|mobile|Viettel|3251|2023-10-01|37.15|108.6|68.02|26.2|49.99
vietnam|an-giang|mobile|Vinaphone|3252|2023-10-01|34.08|82.91|57.9|26.48|45.25
vietnam|an-giang|mobile|Wintel|4431|2023-10-01|33.54|83.72|55.49|21.73|43.48
vietnam|an-giang|mobile|mobifone|3249|2023-10-01|17.39|51.59|33.4|20.64|39.55
vietnam|an-giang|mobile|vietnamobile|4098|2023-10-01|3.8|20.38|11.02|3.5|44.59
vietnam|ha-tinh|mobile|Viettel|3251|2023-10-01|35.29|90.6|57.68|14.38|40.23
vietnam|ha-tinh|mobile|Vinaphone|3252|2023-10-01|31.02|82.46|57.66|29.07|43.75
vietnam|ha-tinh|mobile|Wintel|4431|2023-10-01|18.86|57.36|37.58|15.97|44.51
vietnam|ha-tinh|mobile|mobifone|3249|2023-10-01|12.6|50.43|23.48|15.42|46.87
vietnam|hai-duong|mobile|I-Tel|4594|2023-10-01|21.25|51.09|36.2|22.01|35.33
vietnam|hai-duong|mobile|Viettel|3251|2023-10-01|29.03|81.25|49.29|14.42|37.65
vietnam|hai-duong|mobile|Vinaphone|3252|2023-10-01|21.23|59.57|39.48|23.18|34.91
vietnam|hai-duong|mobile|Wintel|4431|2023-10-01|17.6|56.31|31.51|17.76|37.23
vietnam|hai-duong|mobile|mobifone|3249|2023-10-01|15.53|42.4|29.18|8.08|38.96
vietnam|haiphong|mobile|I-Tel|4594|2023-10-01|30.07|85.0|57.14|20.09|30.63
vietnam|haiphong|mobile|Viettel|3251|2023-10-01|27.7|86.68|50.62|16.05|36.32
vietnam|haiphong|mobile|Vinaphone|3252|2023-10-01|34.2|97.16|61.61|21.45|30.17
vietnam|haiphong|mobile|Wintel|4431|2023-10-01|25.81|94.46|54.23|18.1|32.04
vietnam|haiphong|mobile|mobifone|3249|2023-10-01|11.3|39.13|23.45|6.11|42.08
vietnam|hanoi|mobile|I-Tel|4594|2023-10-01|22.0|69.41|42.65|18.0|35.27
vietnam|hanoi|mobile|Viettel|3251|2023-10-01|24.83|81.91|46.88|13.6|37.9
vietnam|hanoi|mobile|Vinaphone|3252|2023-10-01|24.39|73.65|45.8|19.08|33.96
vietnam|hanoi|mobile|Wintel|4431|2023-10-01|20.54|68.94|41.26|16.76|36.28
vietnam|hanoi|mobile|mobifone|3249|2023-10-01|16.06|53.44|32.58|15.89|34.19
vietnam|ho-chi-minh|mobile|I-Tel|4594|2023-10-01|33.47|89.4|59.3|24.61|28.47
vietnam|ho-chi-minh|mobile|Viettel|3251|2023-10-01|26.68|80.11|51.4|21.97|35.87
vietnam|ho-chi-minh|mobile|Vinaphone|3252|2023-10-01|33.18|93.34|59.03|24.32|30.5
vietnam|ho-chi-minh|mobile|Wintel|4431|2023-10-01|32.09|89.84|57.02|23.36|28.94
vietnam|ho-chi-minh|mobile|mobifone|3249|2023-10-01|19.26|70.89|40.03|21.62|31.84
vietnam|ho-chi-minh|mobile|vietnamobile|4098|2023-10-01|5.04|20.07|10.83|4.7|39.52
vietnam|hoa-binh|mobile|I-Tel|4594|2023-10-01|19.4|78.22|50.35|20.94|32.68
vietnam|hoa-binh|mobile|Viettel|3251|2023-10-01|33.72|88.31|61.0|16.59|35.67
vietnam|hoa-binh|mobile|Vinaphone|3252|2023-10-01|22.16|59.07|40.99|24.88|32.4
vietnam|hoa-binh|mobile|Wintel|4431|2023-10-01|21.12|60.58|42.35|16.03|36.16
vietnam|hoa-binh|mobile|mobifone|3249|2023-10-01|19.21|43.98|26.52|15.79|35.71
vietnam|hung-yen|mobile|I-Tel|4594|2023-10-01|18.5|65.12|31.67|13.28|40.39
vietnam|hung-yen|mobile|Viettel|3251|2023-10-01|25.03|81.4|48.37|12.06|37.89
vietnam|hung-yen|mobile|Vinaphone|3252|2023-10-01|26.33|74.95|47.05|19.84|33.44
vietnam|hung-yen|mobile|Wintel|4431|2023-10-01|19.41|68.09|38.52|13.41|37.9
vietnam|hung-yen|mobile|mobifone|3249|2023-10-01|13.46|40.16|28.76|7.08|37.87
vietnam|ha-nam|mobile|I-Tel|4594|2023-10-01|22.31|73.97|46.84|24.66|38.3
vietnam|ha-nam|mobile|Viettel|3251|2023-10-01|43.01|250.79|88.32|21.1|35.52
vietnam|ha-nam|mobile|Vinaphone|3252|2023-10-01|25.2|70.17|44.28|29.02|35.45
vietnam|ha-nam|mobile|Wintel|4431|2023-10-01|18.83|56.13|33.76|17.67|39.92
vietnam|ha-nam|mobile|mobifone|3249|2023-10-01|18.14|57.59|38.93|15.23|36.81
vietnam|khanh-hoa|mobile|Viettel|3251|2023-10-01|37.95|91.66|62.19|24.38|46.8
vietnam|khanh-hoa|mobile|Vinaphone|3252|2023-10-01|39.19|85.62|60.79|28.78|45.38
vietnam|khanh-hoa|mobile|Wintel|4431|2023-10-01|30.24|81.62|50.66|24.86|46.54
vietnam|khanh-hoa|mobile|mobifone|3249|2023-10-01|22.03|78.38|41.37|24.69|51.21
vietnam|khanh-hoa|mobile|vietnamobile|4098|2023-10-01|3.24|10.37|5.78|2.46|46.68
vietnam|kien-giang|mobile|I-Tel|4594|2023-10-01|28.85|77.92|47.9|19.7|60.94
vietnam|kien-giang|mobile|Viettel|3251|2023-10-01|41.99|99.16|67.66|26.93|65.66
vietnam|kien-giang|mobile|Vinaphone|3252|2023-10-01|40.51|88.33|61.43|23.92|57.96
vietnam|kien-giang|mobile|Wintel|4431|2023-10-01|27.27|82.95|51.49|21.06|58.82
vietnam|kien-giang|mobile|mobifone|3249|2023-10-01|24.69|106.2|46.25|21.68|59.99
vietnam|kien-giang|mobile|vietnamobile|4098|2023-10-01|6.72|34.47|18.08|5.6|57.79
vietnam|lang-son|mobile|Viettel|3251|2023-10-01|35.78|95.44|60.01|18.36|38.26
vietnam|lang-son|mobile|Vinaphone|3252|2023-10-01|25.32|63.3|39.46|18.95|36.78
vietnam|lang-son|mobile|Wintel|4431|2023-10-01|21.69|61.64|42.45|18.0|41.2
vietnam|lang-son|mobile|mobifone|3249|2023-10-01|30.83|63.26|43.14|12.11|37.26
vietnam|lao-cai|mobile|Viettel|3251|2023-10-01|26.23|99.64|48.53|17.95|41.93
vietnam|lao-cai|mobile|Vinaphone|3252|2023-10-01|19.88|74.31|39.7|20.93|38.29
vietnam|lao-cai|mobile|Wintel|4431|2023-10-01|22.22|70.63|39.15|15.06|40.59
vietnam|lao-cai|mobile|mobifone|3249|2023-10-01|20.39|65.13|38.12|12.87|38.16
vietnam|long-an-province|mobile|I-Tel|4594|2023-10-01|39.57|94.91|62.14|18.56|32.5
vietnam|long-an-province|mobile|Viettel|3251|2023-10-01|28.85|92.62|57.36|20.54|50.96
vietnam|long-an-province|mobile|Vinaphone|3252|2023-10-01|28.65|96.55|63.39|24.24|31.1
vietnam|long-an-province|mobile|Wintel|4431|2023-10-01|34.78|100.13|64.61|22.63|31.71
vietnam|long-an-province|mobile|mobifone|3249|2023-10-01|10.63|52.01|28.12|16.31|34.66
vietnam|lam-djong|mobile|Viettel|3251|2023-10-01|26.12|94.05|50.73|20.19|47.76
vietnam|lam-djong|mobile|Vinaphone|3252|2023-10-01|38.0|91.41|61.73|25.06|48.14
vietnam|lam-djong|mobile|Wintel|4431|2023-10-01|33.35|92.81|60.56|18.8|40.12
vietnam|lam-djong|mobile|mobifone|3249|2023-10-01|16.26|57.58|33.92|20.25|40.4
vietnam|nam-dinh|mobile|I-Tel|4594|2023-10-01|23.3|50.85|34.71|20.65|38.0
vietnam|nam-dinh|mobile|Viettel|3251|2023-10-01|42.1|98.63|68.69|21.65|34.68
vietnam|nam-dinh|mobile|Vinaphone|3252|2023-10-01|17.73|59.32|36.09|20.9|39.62
vietnam|nam-dinh|mobile|Wintel|4431|2023-10-01|14.83|57.54|30.25|16.06|44.37
vietnam|nam-dinh|mobile|mobifone|3249|2023-10-01|17.28|52.31|31.5|14.89|38.38
vietnam|nghe-an|mobile|I-Tel|4594|2023-10-01|23.72|80.03|52.06|17.35|32.68
vietnam|nghe-an|mobile|Viettel|3251|2023-10-01|31.67|81.48|53.89|17.89|39.83
vietnam|nghe-an|mobile|Vinaphone|3252|2023-10-01|37.73|85.5|56.45|30.9|31.46
vietnam|nghe-an|mobile|Wintel|4431|2023-10-01|26.61|76.33|48.93|21.22|34.01
vietnam|nghe-an|mobile|mobifone|3249|2023-10-01|11.82|45.51|28.66|16.06|41.79
vietnam|ninh-binh|mobile|I-Tel|4594|2023-10-01|21.87|64.41|38.76|24.35|35.64
vietnam|ninh-binh|mobile|Viettel|3251|2023-10-01|38.11|88.48|62.87|20.08|37.23
vietnam|ninh-binh|mobile|Vinaphone|3252|2023-10-01|24.1|62.85|42.34|22.8|33.17
vietnam|ninh-binh|mobile|Wintel|4431|2023-10-01|17.9|61.78|39.5|19.07|35.55
vietnam|ninh-binh|mobile|mobifone|3249|2023-10-01|13.89|42.75|26.94|13.75|37.66
vietnam|phu-tho|mobile|I-Tel|4594|2023-10-01|23.12|57.93|37.5|12.31|34.59
vietnam|phu-tho|mobile|Viettel|3251|2023-10-01|38.47|102.43|63.56|16.15|40.11
vietnam|phu-tho|mobile|Vinaphone|3252|2023-10-01|27.69|70.48|46.03|25.19|31.2
vietnam|phu-tho|mobile|Wintel|4431|2023-10-01|25.92|73.17|44.08|15.39|35.62
vietnam|phu-tho|mobile|mobifone|3249|2023-10-01|17.93|71.3|41.36|17.72|35.08
vietnam|phu-yen|mobile|Viettel|3251|2023-10-01|42.58|99.97|64.67|21.33|43.13
vietnam|phu-yen|mobile|Vinaphone|3252|2023-10-01|35.33|79.22|56.48|22.85|44.47
vietnam|phu-yen|mobile|Wintel|4431|2023-10-01|25.22|70.82|45.74|13.52|45.38
vietnam|phu-yen|mobile|mobifone|3249|2023-10-01|16.01|68.23|33.8|17.77|45.42
vietnam|quang-binh|mobile|Viettel|3251|2023-10-01|41.58|99.33|62.35|19.73|44.95
vietnam|quang-binh|mobile|Vinaphone|3252|2023-10-01|30.96|77.78|50.55|22.51|44.45
vietnam|quang-binh|mobile|Wintel|4431|2023-10-01|37.65|83.08|60.28|19.46|44.95
vietnam|quang-binh|mobile|mobifone|3249|2023-10-01|16.75|46.57|29.14|14.13|53.29
vietnam|quang-nam|mobile|Viettel|3251|2023-10-01|38.44|91.56|62.66|25.21|41.08
vietnam|quang-nam|mobile|Vinaphone|3252|2023-10-01|40.47|84.22|62.89|24.62|39.87
vietnam|quang-nam|mobile|Wintel|4431|2023-10-01|28.48|62.64|43.0|17.82|41.43
vietnam|quang-nam|mobile|mobifone|3249|2023-10-01|20.09|61.49|37.38|18.56|40.38
vietnam|quang-ngai|mobile|Viettel|3251|2023-10-01|36.31|88.87|59.54|24.4|42.25
vietnam|quang-ngai|mobile|Vinaphone|3252|2023-10-01|31.56|73.07|48.9|24.28|39.98
vietnam|quang-ngai|mobile|Wintel|4431|2023-10-01|23.78|57.77|35.99|16.19|44.84
vietnam|quang-ngai|mobile|mobifone|3249|2023-10-01|27.33|62.22|41.99|22.73|41.91
vietnam|quang-ninh|mobile|I-Tel|4594|2023-10-01|43.89|99.37|70.25|18.01|31.81
vietnam|quang-ninh|mobile|Viettel|3251|2023-10-01|30.05|80.39|49.54|16.69|36.64
vietnam|quang-ninh|mobile|Vinaphone|3252|2023-10-01|35.6|92.01|56.45|20.83|32.29
vietnam|quang-ninh|mobile|Wintel|4431|2023-10-01|27.83|90.35|53.17|17.55|33.11
vietnam|quang-ninh|mobile|mobifone|3249|2023-10-01|15.57|53.01|31.13|16.23|37.58
vietnam|quang-tri|mobile|Viettel|3251|2023-10-01|45.76|89.42|66.6|29.29|36.32
vietnam|quang-tri|mobile|Vinaphone|3252|2023-10-01|37.51|103.58|66.76|29.73|40.2
vietnam|quang-tri|mobile|Wintel|4431|2023-10-01|23.07|53.66|38.37|14.65|43.52
vietnam|quang-tri|mobile|mobifone|3249|2023-10-01|41.8|78.78|59.78|29.67|38.95
vietnam|soc-trang|mobile|Viettel|3251|2023-10-01|43.7|130.04|73.02|29.14|66.7
vietnam|soc-trang|mobile|Vinaphone|3252|2023-10-01|40.24|87.38|65.97|28.72|39.75
vietnam|soc-trang|mobile|Wintel|4431|2023-10-01|26.34|85.65|53.59|19.35|36.81
vietnam|soc-trang|mobile|mobifone|3249|2023-10-01|19.93|45.39|32.56|25.34|39.16
vietnam|son-la|mobile|Viettel|3251|2023-10-01|36.19|97.48|66.25|15.68|38.92
vietnam|son-la|mobile|Vinaphone|3252|2023-10-01|28.25|64.42|45.59|22.61|36.68
vietnam|son-la|mobile|Wintel|4431|2023-10-01|21.19|58.2|42.76|17.69|39.73
vietnam|son-la|mobile|mobifone|3249|2023-10-01|11.5|50.79|40.76|11.26|39.62
vietnam|thai-binh|mobile|I-Tel|4594|2023-10-01|24.62|59.3|37.58|18.92|37.15
vietnam|thai-binh|mobile|Viettel|3251|2023-10-01|37.76|95.84|64.78|17.07|34.94
vietnam|thai-binh|mobile|Vinaphone|3252|2023-10-01|24.49|69.75|46.1|23.75|33.39
vietnam|thai-binh|mobile|Wintel|4431|2023-10-01|13.9|53.0|34.21|14.27|36.38
vietnam|thai-binh|mobile|mobifone|3249|2023-10-01|8.63|46.91|26.61|12.6|39.14
vietnam|thai-binh|mobile|vietnamobile|4098|2023-10-01|2.52|7.97|4.79|3.43|38.89
vietnam|thai-nguyen|mobile|I-Tel|4594|2023-10-01|20.95|58.6|40.2|21.52|37.74
vietnam|thai-nguyen|mobile|Viettel|3251|2023-10-01|31.58|79.79|52.38|14.55|37.26
vietnam|thai-nguyen|mobile|Vinaphone|3252|2023-10-01|24.34|69.18|43.4|24.0|36.73
vietnam|thai-nguyen|mobile|Wintel|4431|2023-10-01|14.45|55.38|32.07|18.74|40.32
vietnam|thai-nguyen|mobile|mobifone|3249|2023-10-01|11.86|49.37|25.41|17.63|36.03
vietnam|thanh-hoa|mobile|Viettel|3251|2023-10-01|39.64|98.73|66.03|20.78|36.73
vietnam|thanh-hoa|mobile|Vinaphone|3252|2023-10-01|26.08|66.25|43.27|26.39|35.43
vietnam|thanh-hoa|mobile|Wintel|4431|2023-10-01|20.51|61.55|38.26|18.33|37.99
vietnam|thanh-hoa|mobile|mobifone|3249|2023-10-01|13.5|52.53|31.32|14.82|39.24
vietnam|thua-thien-hue|mobile|Viettel|3251|2023-10-01|39.21|96.88|63.34|23.01|41.81
vietnam|thua-thien-hue|mobile|Vinaphone|3252|2023-10-01|28.52|71.47|48.3|24.77|40.7
vietnam|thua-thien-hue|mobile|Wintel|4431|2023-10-01|20.02|66.74|41.39|18.82|43.61
vietnam|thua-thien-hue|mobile|mobifone|3249|2023-10-01|14.29|57.85|34.23|19.03|38.89
vietnam|tien-giang|mobile|Viettel|3251|2023-10-01|37.05|106.62|69.28|27.01|55.14
vietnam|tien-giang|mobile|Vinaphone|3252|2023-10-01|36.96|82.69|57.67|24.49|34.7
vietnam|tien-giang|mobile|Wintel|4431|2023-10-01|29.74|81.99|54.06|23.75|34.47
vietnam|tien-giang|mobile|mobifone|3249|2023-10-01|19.34|57.81|35.95|20.14|32.95
vietnam|tien-giang|mobile|vietnamobile|4098|2023-10-01|5.07|30.05|13.97|4.16|39.23
vietnam|tra-vinh|mobile|Viettel|3251|2023-10-01|40.3|97.69|61.65|22.3|33.73
vietnam|tra-vinh|mobile|Vinaphone|3252|2023-10-01|32.61|72.72|54.15|24.95|35.21
vietnam|tra-vinh|mobile|Wintel|4431|2023-10-01|41.8|83.88|58.24|20.67|31.38
vietnam|tra-vinh|mobile|mobifone|3249|2023-10-01|22.11|48.78|34.73|21.64|37.37
vietnam|tay-ninh|mobile|I-Tel|4594|2023-10-01|35.11|83.27|46.65|22.27|33.42
vietnam|tay-ninh|mobile|Viettel|3251|2023-10-01|31.79|93.81|60.9|25.51|48.99
vietnam|tay-ninh|mobile|Vinaphone|3252|2023-10-01|38.14|80.1|56.29|26.9|35.43
vietnam|tay-ninh|mobile|Wintel|4431|2023-10-01|27.37|73.33|51.54|23.15|35.4
vietnam|tay-ninh|mobile|mobifone|3249|2023-10-01|22.64|67.4|43.03|21.2|33.08
vietnam|tay-ninh|mobile|vietnamobile|4098|2023-10-01|15.94|36.42|26.4|5.58|40.35
vietnam|vinh-long|mobile|I-Tel|4594|2023-10-01|32.85|76.29|49.15|24.41|36.63
vietnam|vinh-long|mobile|Viettel|3251|2023-10-01|46.0|111.28|77.62|29.13|61.38
vietnam|vinh-long|mobile|Vinaphone|3252|2023-10-01|34.82|79.2|54.49|25.33|40.81
vietnam|vinh-long|mobile|Wintel|4431|2023-10-01|32.9|83.74|56.41|23.82|35.45
vietnam|vinh-long|mobile|mobifone|3249|2023-10-01|15.64|42.24|28.73|23.14|37.68
vietnam|vinh-phuc|mobile|I-Tel|4594|2023-10-01|21.36|57.14|35.76|18.02|38.02
vietnam|vinh-phuc|mobile|Viettel|3251|2023-10-01|28.58|86.53|50.6|12.96|40.6
vietnam|vinh-phuc|mobile|Vinaphone|3252|2023-10-01|14.61|55.96|31.98|16.47|33.99
vietnam|vinh-phuc|mobile|Wintel|4431|2023-10-01|12.9|52.51|30.79|15.41|35.34
vietnam|vinh-phuc|mobile|mobifone|3249|2023-10-01|12.41|54.97|28.98|13.42|36.08
vietnam|yen-bai|mobile|Viettel|3251|2023-10-01|30.11|87.12|52.66|18.01|43.68
vietnam|yen-bai|mobile|Vinaphone|3252|2023-10-01|15.84|55.22|32.31|19.5|34.09
vietnam|yen-bai|mobile|Wintel|4431|2023-10-01|10.47|55.85|25.58|13.11|39.64
vietnam|yen-bai|mobile|mobifone|3249|2023-10-01|25.65|69.8|42.08|16.81|36.26
vietnam|djak-lak|mobile|I-Tel|4594|2023-10-01|25.21|80.75|46.15|21.04|51.88
vietnam|djak-lak|mobile|Viettel|3251|2023-10-01|30.74|95.56|56.59|19.36|45.38
vietnam|djak-lak|mobile|Vinaphone|3252|2023-10-01|36.5|102.0|67.26|24.82|52.15
vietnam|djak-lak|mobile|Wintel|4431|2023-10-01|24.18|78.69|46.96|19.25|61.14
vietnam|djak-lak|mobile|mobifone|3249|2023-10-01|29.71|70.1|45.58|21.6|50.51
vietnam|djong-thap-province|mobile|I-Tel|4594|2023-10-01|50.54|109.18|75.36|28.14|35.21
vietnam|djong-thap-province|mobile|Viettel|3251|2023-10-01|41.38|98.25|68.57|26.42|59.46
vietnam|djong-thap-province|mobile|Vinaphone|3252|2023-10-01|41.44|90.89|64.49|26.73|41.8
vietnam|djong-thap-province|mobile|Wintel|4431|2023-10-01|35.84|89.21|59.14|22.42|36.45
vietnam|djong-thap-province|mobile|mobifone|3249|2023-10-01|12.71|41.16|26.18|20.76|38.64
vietnam|djong-thap-province|mobile|vietnamobile|4098|2023-10-01|6.25|19.86|12.85|4.18|41.36
vietnam|tp.-vung-tau|mobile|Viettel|3251|2023-10-01|33.83|87.71|68.44|29.2|63.93
vietnam|tp.-vung-tau|mobile|Vinaphone|3252|2023-10-01|42.93|104.83|68.06|29.43|29.94
vietnam|tp.-vung-tau|mobile|Wintel|4431|2023-10-01|35.17|89.89|61.01|23.58|28.96
vietnam|tp.-vung-tau|mobile|mobifone|3249|2023-10-01|20.3|73.48|41.67|18.31|34.05
vietnam|tp.-vung-tau|mobile|vietnamobile|4098|2023-10-01|5.34|23.48|11.42|5.36|39.68
vietnam|tp.-bac-ninh|mobile|I-Tel|4594|2023-10-01|16.52|50.33|32.78|17.18|37.33
vietnam|tp.-bac-ninh|mobile|Viettel|3251|2023-10-01|34.28|108.19|58.81|17.46|39.06
vietnam|tp.-bac-ninh|mobile|Vinaphone|3252|2023-10-01|27.29|89.02|52.09|21.95|29.69
vietnam|tp.-bac-ninh|mobile|Wintel|4431|2023-10-01|17.35|68.25|39.97|17.71|32.65
vietnam|tp.-bac-ninh|mobile|mobifone|3249|2023-10-01|13.53|38.1|21.44|11.78|36.71
vietnam|tp.-quy-nhon|mobile|Viettel|3251|2023-10-01|29.33|87.63|54.58|22.91|38.64
vietnam|tp.-quy-nhon|mobile|Vinaphone|3252|2023-10-01|41.97|78.28|61.27|30.84|42.63
vietnam|tp.-quy-nhon|mobile|Wintel|4431|2023-10-01|22.17|58.09|34.95|19.39|48.5
vietnam|tp.-quy-nhon|mobile|mobifone|3249|2023-10-01|20.24|63.91|42.3|19.57|42.88
vietnam|di-an|mobile|I-Tel|4594|2023-10-01|13.33|66.29|34.11|16.39|28.8
vietnam|di-an|mobile|Viettel|3251|2023-10-01|12.85|68.83|35.6|16.46|32.49
vietnam|di-an|mobile|Vinaphone|3252|2023-10-01|11.14|66.19|30.61|15.63|33.43
vietnam|di-an|mobile|Wintel|4431|2023-10-01|9.79|64.88|29.02|14.48|30.73
vietnam|di-an|mobile|mobifone|3249|2023-10-01|5.1|39.24|18.4|13.4|35.15
vietnam|tp.-thu-dau-mot|mobile|I-Tel|4594|2023-10-01|22.68|84.07|52.25|19.77|28.72
vietnam|tp.-thu-dau-mot|mobile|Viettel|3251|2023-10-01|22.02|84.51|53.03|19.44|38.92
vietnam|tp.-thu-dau-mot|mobile|Vinaphone|3252|2023-10-01|33.13|88.98|59.54|24.84|30.94
vietnam|tp.-thu-dau-mot|mobile|Wintel|4431|2023-10-01|30.73|87.61|56.47|23.79|28.33
vietnam|tp.-thu-dau-mot|mobile|mobifone|3249|2023-10-01|17.22|60.72|35.95|19.26|32.66
vietnam|tp.-thu-dau-mot|mobile|vietnamobile|4098|2023-10-01|3.48|20.5|13.14|5.69|37.37
vietnam|tx.-ben-cat|mobile|I-Tel|4594|2023-10-01|39.54|112.93|70.8|22.81|28.0
vietnam|tx.-ben-cat|mobile|Viettel|3251|2023-10-01|23.09|77.03|55.12|22.9|32.29
vietnam|tx.-ben-cat|mobile|Vinaphone|3252|2023-10-01|38.6|106.67|59.48|25.87|30.87
vietnam|tx.-ben-cat|mobile|Wintel|4431|2023-10-01|25.96|107.48|65.25|21.75|28.34
vietnam|tx.-ben-cat|mobile|mobifone|3249|2023-10-01|16.15|58.74|32.6|14.32|33.31
vietnam|tx.-ben-cat|mobile|vietnamobile|4098|2023-10-01|3.18|16.82|9.95|2.52|37.07
vietnam|tx.-thuan-an|mobile|I-Tel|4594|2023-10-01|20.85|103.62|48.89|17.16|29.05
vietnam|tx.-thuan-an|mobile|Viettel|3251|2023-10-01|19.98|79.65|45.28|22.97|32.08
vietnam|tx.-thuan-an|mobile|Vinaphone|3252|2023-10-01|34.65|99.34|60.06|23.07|31.24
vietnam|tx.-thuan-an|mobile|Wintel|4431|2023-10-01|26.23|97.36|51.85|18.99|28.98
vietnam|tx.-thuan-an|mobile|mobifone|3249|2023-10-01|8.45|46.13|22.68|14.19|33.69
vietnam|tx.-thuan-an|mobile|vietnamobile|4098|2023-10-01|4.18|19.41|9.19|6.03|39.57
vietnam|tx.-tan-uyen|mobile|I-Tel|4594|2023-10-01|28.97|66.91|45.06|18.0|28.49
vietnam|tx.-tan-uyen|mobile|Viettel|3251|2023-10-01|22.71|80.0|41.75|18.79|33.26
vietnam|tx.-tan-uyen|mobile|Vinaphone|3252|2023-10-01|31.2|122.41|64.11|25.13|30.54
vietnam|tx.-tan-uyen|mobile|Wintel|4431|2023-10-01|39.74|101.68|62.54|19.35|29.04
vietnam|tx.-tan-uyen|mobile|mobifone|3249|2023-10-01|11.72|57.04|27.1|19.94|34.54
vietnam|phan-thiet|mobile|Viettel|3251|2023-10-01|31.05|115.83|64.84|24.32|48.74
vietnam|phan-thiet|mobile|Vinaphone|3252|2023-10-01|28.09|84.01|57.79|27.34|44.7
vietnam|phan-thiet|mobile|Wintel|4431|2023-10-01|30.4|82.29|48.83|28.63|37.06
vietnam|phan-thiet|mobile|mobifone|3249|2023-10-01|22.35|67.19|43.5|27.83|35.26
vietnam|phan-thiet|mobile|vietnamobile|4098|2023-10-01|7.69|24.98|13.16|5.6|42.95
vietnam|can-tho|mobile|I-Tel|4594|2023-10-01|27.09|77.75|48.8|26.19|31.08
vietnam|can-tho|mobile|Viettel|3251|2023-10-01|42.26|99.9|60.13|32.63|67.59
vietnam|can-tho|mobile|Vinaphone|3252|2023-10-01|29.07|77.6|54.39|27.38|34.72
vietnam|can-tho|mobile|Wintel|4431|2023-10-01|22.13|69.98|44.15|26.21|30.69
vietnam|can-tho|mobile|mobifone|3249|2023-10-01|15.83|64.67|38.98|25.07|37.37
vietnam|can-tho|mobile|vietnamobile|4098|2023-10-01|7.53|23.81|17.58|5.59|37.43
vietnam|da-nang|mobile|Viettel|3251|2023-10-01|42.79|128.1|74.14|34.56|45.31
vietnam|da-nang|mobile|Vinaphone|3252|2023-10-01|34.46|95.02|60.36|26.73|33.5
vietnam|da-nang|mobile|Wintel|4431|2023-10-01|28.59|69.55|47.4|23.55|36.24
vietnam|da-nang|mobile|mobifone|3249|2023-10-01|12.92|54.05|32.73|19.46|39.4
vietnam|da-nang|mobile|vietnamobile|4098|2023-10-01|1.37|5.88|3.21|1.65|62.67
vietnam|bien-hoa|mobile|I-Tel|4594|2023-10-01|42.74|107.21|71.91|25.65|30.31
vietnam|bien-hoa|mobile|Viettel|3251|2023-10-01|27.09|88.99|51.9|22.82|39.35
vietnam|bien-hoa|mobile|Vinaphone|3252|2023-10-01|39.94|134.19|79.68|23.92|32.14
vietnam|bien-hoa|mobile|Wintel|4431|2023-10-01|42.32|115.02|74.93|22.85|29.99
vietnam|bien-hoa|mobile|mobifone|3249|2023-10-01|15.62|58.83|31.39|18.57|33.31
vietnam|bien-hoa|mobile|vietnamobile|4098|2023-10-01|5.06|22.76|8.44|4.23|36.2
vietnam|tp.-hai-duong|mobile|I-Tel|4594|2023-10-01|24.24|53.8|36.2|24.14|37.81
vietnam|tp.-hai-duong|mobile|Viettel|3251|2023-10-01|24.91|91.09|46.35|14.91|37.39
vietnam|tp.-hai-duong|mobile|Vinaphone|3252|2023-10-01|14.91|50.98|26.49|19.86|42.3
vietnam|tp.-hai-duong|mobile|Wintel|4431|2023-10-01|14.29|49.93|29.89|17.67|42.31
vietnam|tp.-hai-duong|mobile|mobifone|3249|2023-10-01|10.2|37.31|23.98|6.54|39.36
vietnam|hai-phong|mobile|Viettel|3251|2023-10-01|28.25|91.1|54.85|19.27|35.97
vietnam|hai-phong|mobile|Vinaphone|3252|2023-10-01|37.32|102.29|65.45|24.1|29.27
vietnam|hai-phong|mobile|Wintel|4431|2023-10-01|30.71|105.89|60.51|22.59|31.4
vietnam|hai-phong|mobile|mobifone|3249|2023-10-01|11.91|39.26|23.94|5.93|42.11
vietnam|hanoi|mobile|I-Tel|4594|2023-10-01|22.1|70.64|42.63|18.73|36.33
vietnam|hanoi|mobile|Viettel|3251|2023-10-01|25.3|84.69|48.41|14.43|38.8
vietnam|hanoi|mobile|Vinaphone|3252|2023-10-01|24.74|74.97|46.68|19.88|34.84
vietnam|hanoi|mobile|Wintel|4431|2023-10-01|19.23|69.91|40.72|17.34|37.37
vietnam|hanoi|mobile|mobifone|3249|2023-10-01|14.98|51.63|30.98|15.13|35.13
vietnam|ho-chi-minh-city|mobile|I-Tel|4594|2023-10-01|33.59|89.44|59.39|24.58|28.48
vietnam|ho-chi-minh-city|mobile|Viettel|3251|2023-10-01|26.67|80.08|51.42|22.0|35.87
vietnam|ho-chi-minh-city|mobile|Vinaphone|3252|2023-10-01|33.16|93.33|58.98|24.3|30.48
vietnam|ho-chi-minh-city|mobile|Wintel|4431|2023-10-01|32.08|89.81|57.02|23.35|28.92
vietnam|ho-chi-minh-city|mobile|mobifone|3249|2023-10-01|19.24|70.9|40.04|21.62|31.84
vietnam|ho-chi-minh-city|mobile|vietnamobile|4098|2023-10-01|5.05|20.12|10.86|4.72|39.52
vietnam|natural-heritage-area-trang|mobile|Viettel|3251|2023-10-01|34.63|89.3|57.94|24.52|46.71
vietnam|natural-heritage-area-trang|mobile|Vinaphone|3252|2023-10-01|36.71|79.19|56.26|29.58|45.31
vietnam|natural-heritage-area-trang|mobile|Wintel|4431|2023-10-01|23.64|77.08|46.62|23.85|46.54
vietnam|natural-heritage-area-trang|mobile|mobifone|3249|2023-10-01|19.46|82.85|39.98|25.31|50.58
vietnam|natural-heritage-area-trang|mobile|vietnamobile|4098|2023-10-01|2.63|9.7|4.85|2.39|46.87
vietnam|phu-quoc|mobile|Viettel|3251|2023-10-01|36.94|102.53|67.41|23.99|76.02
vietnam|phu-quoc|mobile|Vinaphone|3252|2023-10-01|44.38|97.27|65.27|20.56|82.26
vietnam|phu-quoc|mobile|Wintel|4431|2023-10-01|42.56|90.23|63.04|21.87|79.0
vietnam|phu-quoc|mobile|mobifone|3249|2023-10-01|31.99|295.28|72.56|22.98|75.11
vietnam|phu-quoc|mobile|vietnamobile|4098|2023-10-01|12.81|48.7|32.62|6.47|74.96
vietnam|tp.-dja-lat|mobile|I-Tel|4594|2023-10-01|33.77|70.39|54.02|16.34|39.75
vietnam|tp.-dja-lat|mobile|Viettel|3251|2023-10-01|30.42|115.83|59.73|21.88|54.42
vietnam|tp.-dja-lat|mobile|Vinaphone|3252|2023-10-01|35.9|101.06|69.49|23.3|47.53
vietnam|tp.-dja-lat|mobile|Wintel|4431|2023-10-01|32.05|97.38|62.31|18.05|40.27
vietnam|tp.-dja-lat|mobile|mobifone|3249|2023-10-01|11.36|47.95|26.88|19.87|40.15
vietnam|tp.-dja-lat|mobile|vietnamobile|4098|2023-10-01|4.8|11.59|7.0|3.22|43.46
vietnam|tp.-vinh|mobile|I-Tel|4594|2023-10-01|19.84|100.42|49.9|19.92|32.49
vietnam|tp.-vinh|mobile|Viettel|3251|2023-10-01|26.32|78.41|47.75|17.1|39.83
vietnam|tp.-vinh|mobile|Vinaphone|3252|2023-10-01|34.73|93.57|56.45|32.2|25.78
vietnam|tp.-vinh|mobile|Wintel|4431|2023-10-01|24.96|84.49|50.01|24.03|28.43
vietnam|tp.-vinh|mobile|mobifone|3249|2023-10-01|7.3|38.47|19.13|16.7|41.96
vietnam|tp.-ha-long|mobile|I-Tel|4594|2023-10-01|44.14|102.92|78.94|17.73|31.72
vietnam|tp.-ha-long|mobile|Viettel|3251|2023-10-01|28.83|81.99|48.44|18.35|36.0
vietnam|tp.-ha-long|mobile|Vinaphone|3252|2023-10-01|36.65|97.39|63.22|20.67|30.99
vietnam|tp.-ha-long|mobile|Wintel|4431|2023-10-01|22.53|101.19|55.35|17.79|32.43
vietnam|tp.-ha-long|mobile|mobifone|3249|2023-10-01|11.57|49.42|25.86|17.93|36.82
vietnam|tp.-thai-nguyen|mobile|I-Tel|4594|2023-10-01|11.78|65.75|31.1|26.08|37.0
vietnam|tp.-thai-nguyen|mobile|Viettel|3251|2023-10-01|30.22|75.7|49.22|15.35|36.98
vietnam|tp.-thai-nguyen|mobile|Vinaphone|3252|2023-10-01|21.99|67.56|41.43|26.25|37.36
vietnam|tp.-thai-nguyen|mobile|Wintel|4431|2023-10-01|12.63|52.77|27.1|20.76|39.84
vietnam|tp.-thai-nguyen|mobile|mobifone|3249|2023-10-01|10.96|41.28|23.33|18.1|35.16
vietnam|tp.-thanh-hoa|mobile|Viettel|3251|2023-10-01|42.81|106.91|71.33|25.4|35.29
vietnam|tp.-thanh-hoa|mobile|Vinaphone|3252|2023-10-01|19.15|52.46|31.58|25.53|37.45
vietnam|tp.-thanh-hoa|mobile|Wintel|4431|2023-10-01|17.35|50.91|34.51|22.37|37.99
vietnam|tp.-thanh-hoa|mobile|mobifone|3249|2023-10-01|13.5|47.65|26.42|15.78|39.19
vietnam|tp.-hue|mobile|Viettel|3251|2023-10-01|38.92|107.52|67.13|26.64|49.14
vietnam|tp.-hue|mobile|Vinaphone|3252|2023-10-01|24.2|63.89|42.5|24.71|39.76
vietnam|tp.-hue|mobile|Wintel|4431|2023-10-01|16.25|53.25|35.18|19.13|43.82
vietnam|tp.-hue|mobile|mobifone|3249|2023-10-01|10.92|55.92|28.67|17.84|39.16
vietnam|buon-ma-thuot|mobile|Viettel|3251|2023-10-01|36.62|117.91|65.11|24.75|49.64
vietnam|buon-ma-thuot|mobile|Vinaphone|3252|2023-10-01|32.97|113.12|70.37|24.58|52.29
vietnam|buon-ma-thuot|mobile|Wintel|4431|2023-10-01|24.13|84.34|46.95|20.98|62.9
vietnam|buon-ma-thuot|mobile|mobifone|3249|2023-10-01|25.89|74.16|47.58|24.7|50.14
yemen|amanat-al-asimah|mobile|MTN|3257|2023-10-01|3.46|17.41|9.4|8.87|196.57
yemen|amanat-al-asimah|mobile|SabaFon|3258|2023-10-01|1.68|17.21|8.3|4.71|201.21
yemen|amanat-al-asimah|mobile|Yemen Mobile|4100|2023-10-01|1.35|19.75|6.97|6.91|201.82
yemen|ibb|mobile|MTN|3257|2023-10-01|1.51|10.28|5.8|4.36|215.82
yemen|ibb|mobile|SabaFon|3258|2023-10-01|1.29|8.29|3.29|4.53|206.94
yemen|ibb|mobile|Yemen Mobile|4100|2023-10-01|1.25|11.85|4.16|4.76|208.22
yemen|sana'a|mobile|MTN|3257|2023-10-01|3.46|17.41|9.4|8.92|196.57
yemen|sana'a|mobile|SabaFon|3258|2023-10-01|1.68|17.19|8.24|4.68|201.21
yemen|sana'a|mobile|Yemen Mobile|4100|2023-10-01|1.34|19.73|6.96|6.9|201.82
zambia|lusaka|mobile|Airtel|3274|2023-10-01|13.01|77.11|34.31|6.3|82.17
zambia|lusaka|mobile|MTN|3275|2023-10-01|6.82|56.28|21.75|12.54|113.91
zambia|lusaka|mobile|Zamtel|3276|2023-10-01|1.75|12.95|5.07|4.84|103.06
zambia|lusaka|mobile|Airtel|3274|2023-10-01|13.01|77.36|34.68|6.31|82.1
zambia|lusaka|mobile|MTN|3275|2023-10-01|7.52|56.87|21.98|12.89|114.75
zambia|lusaka|mobile|Zamtel|3276|2023-10-01|1.75|13.58|5.21|4.84|101.08
zimbabwe|harare|mobile|Econet Wireless|3277|2023-10-01|15.71|81.29|40.66|16.42|53.8
zimbabwe|harare|mobile|NetOne|3278|2023-10-01|3.77|18.4|8.9|5.17|88.24
zimbabwe|harare|mobile|Econet Wireless|3277|2023-10-01|15.87|82.84|41.54|16.52|53.53
zimbabwe|harare|mobile|NetOne|3278|2023-10-01|3.78|18.58|8.96|5.22|88.24
