taiwan|kaohsiung-city|2024-01-01|75.93|13.94|20|208.8|109.18|5
taiwan|new-taipei-city|2024-01-01|71.92|14.09|18|209.47|104.81|4
taiwan|taichung-city|2024-01-01|78.67|14.74|20|149.34|81.49|4
taiwan|tainan-city|2024-01-01|67.55|12.22|22|134.06|56.54|6
taiwan|taoyuan-city|2024-01-01|75.65|13.86|18|185.9|68.17|4
taiwan|kaohsiung|2024-01-01|77.71|14.31|20|203.36|100.49|5
taiwan|new-taipei|2024-01-01|71.38|14.04|18|210.91|105.18|4
taiwan|taichung|2024-01-01|80.79|15.48|20|151.23|83.77|4
taiwan|tainan|2024-01-01|68.84|12.52|22|138.69|57.46|6
taiwan|taoyuan|2024-01-01|77.2|14.32|18|184.68|68.34|4
tajikistan|districts-of-republican-subordination|2024-01-01|10.94|8.8|20|32.66|33.13|3
tajikistan|sughd-province|2024-01-01|7.07|4.72|33|7.7|9.11|14
tajikistan|dushanbe|2024-01-01|13.36|10.79|19|29.11|29.17|3
tajikistan|khujand|2024-01-01|10.14|7.12|30|7.18|9.44|11
tanzania|arusha-region|2024-01-01|0.0|0.0|0|17.25|10.11|18
tanzania|pwani|2024-01-01|36.2|14.41|19|19.52|13.94|20
tanzania|arusha|2024-01-01|0.0|0.0|0|18.4|11.88|16
tanzania|dar-es-salaam|2024-01-01|36.89|14.89|19|19.73|14.0|20
thailand|amnat-charoen|2024-01-01|31.35|10.1|30|179.24|159.41|18
thailand|ang-thong|2024-01-01|35.4|12.35|24|214.4|179.16|5
thailand|bangkok|2024-01-01|62.33|18.2|20|240.76|205.48|6
thailand|bueng-kan|2024-01-01|30.79|9.89|32|160.8|152.47|10
thailand|buri-ram|2024-01-01|35.47|10.54|26|183.06|155.6|8
thailand|chachoengsao|2024-01-01|38.35|12.55|23|192.89|170.23|5
thailand|chai-nat|2024-01-01|26.9|11.32|29|187.13|148.01|14
thailand|chaiyaphum|2024-01-01|37.12|10.94|27|188.42|158.08|7
thailand|chanthaburi|2024-01-01|42.32|11.76|27|201.28|181.95|7
thailand|chiang-mai|2024-01-01|39.24|14.59|33|205.96|171.16|5
thailand|chiang-rai|2024-01-01|33.25|11.95|38|161.93|136.34|7
thailand|chon-buri|2024-01-01|43.75|14.94|23|210.46|176.81|5
thailand|chumphon|2024-01-01|33.76|10.09|29|181.1|153.25|6
thailand|kalasin|2024-01-01|30.25|10.75|29|236.99|214.36|5
thailand|kamphaeng-phet|2024-01-01|28.63|9.93|29|190.21|183.28|12
thailand|kanchanaburi|2024-01-01|32.84|11.73|25|199.37|169.31|5
thailand|khon-kaen|2024-01-01|47.64|12.55|28|238.64|211.99|5
thailand|krabi|2024-01-01|40.12|11.45|31|94.66|93.76|8
thailand|lampang|2024-01-01|29.69|11.7|34|186.42|149.69|8
thailand|lamphun|2024-01-01|31.57|11.38|35|199.21|181.31|14
thailand|loei|2024-01-01|43.55|12.42|31|175.53|155.87|8
thailand|lopburi|2024-01-01|38.64|12.82|24|238.27|199.52|5
thailand|mae-hong-son|2024-01-01|28.8|12.64|36|103.17|87.46|23
thailand|maha-sarakham|2024-01-01|40.03|12.51|28|207.5|182.9|6
thailand|mukdahan|2024-01-01|42.36|12.12|31|149.94|138.91|9
thailand|nakhon-nayok|2024-01-01|33.21|10.28|27|179.98|153.68|8
thailand|nakhon-pathom|2024-01-01|42.22|14.38|22|234.77|202.79|4
thailand|nakhon-phanom|2024-01-01|34.01|10.98|31|157.76|137.08|9
thailand|nakhon-ratchasima|2024-01-01|47.91|12.83|23|216.44|188.6|5
thailand|nakhon-sawan|2024-01-01|29.75|12.84|28|205.17|200.28|8
thailand|nakhon-si-thammarat|2024-01-01|31.64|9.11|30|182.27|160.06|7
thailand|nan|2024-01-01|33.26|13.05|37|145.43|131.28|19
thailand|narathiwat|2024-01-01|28.86|10.13|39|176.69|140.4|17
thailand|nong-bua-lam-phu|2024-01-01|31.89|10.32|29|118.11|99.62|8
thailand|nong-khai|2024-01-01|44.25|11.62|29|165.77|151.12|8
thailand|nonthaburi|2024-01-01|56.61|16.87|20|276.14|224.13|5
thailand|pathum-thani|2024-01-01|45.56|14.96|21|257.4|215.17|5
thailand|pattani|2024-01-01|27.26|10.2|38|162.2|140.71|18
thailand|phang-nga|2024-01-01|40.81|11.21|30|96.0|93.71|8
thailand|phatthalung|2024-01-01|26.01|7.52|39|167.99|146.46|6
thailand|phayao|2024-01-01|30.45|12.37|36|184.85|181.16|14
thailand|phetchabun|2024-01-01|26.7|10.85|31|175.89|165.95|10
thailand|phetchaburi|2024-01-01|36.98|12.06|24|184.81|160.25|6
thailand|phichit|2024-01-01|27.79|9.43|29|232.22|222.11|6
thailand|phitsanulok|2024-01-01|32.18|13.34|28|204.16|182.56|6
thailand|phra-nakhon-si-ayutthaya|2024-01-01|43.59|14.06|22|237.57|206.7|4
thailand|phrae|2024-01-01|31.54|12.02|35|220.09|181.8|9
thailand|phuket|2024-01-01|52.78|14.12|32|164.8|135.76|7
thailand|prachin-buri|2024-01-01|39.59|11.93|27|204.54|183.16|6
thailand|prachuap-khiri-khan|2024-01-01|41.97|12.53|25|159.72|131.1|8
thailand|ranong|2024-01-01|36.6|12.66|31|178.88|143.12|7
thailand|ratchaburi|2024-01-01|32.61|11.69|24|232.92|207.94|4
thailand|rayong|2024-01-01|49.33|14.55|24|226.55|198.81|5
thailand|roi-et|2024-01-01|36.86|11.64|29|176.77|163.47|6
thailand|sa-kaeo|2024-01-01|31.7|10.12|28|65.89|67.26|9
thailand|sakon-nakhon|2024-01-01|34.54|10.29|31|156.45|132.04|8
thailand|samut-prakan|2024-01-01|51.79|16.48|21|231.69|189.46|6
thailand|samut-sakhon|2024-01-01|35.01|13.12|23|250.92|220.55|5
thailand|samut-songkhram|2024-01-01|46.55|12.91|24|280.89|224.59|4
thailand|saraburi|2024-01-01|37.32|12.38|24|233.29|204.34|5
thailand|satun|2024-01-01|30.09|9.01|39|98.71|84.51|8
thailand|si-sa-ket|2024-01-01|30.17|11.33|29|214.14|188.8|13
thailand|sing-buri|2024-01-01|30.36|10.64|25|230.33|178.74|6
thailand|songkhla|2024-01-01|38.67|13.53|37|214.1|186.25|5
thailand|sukhothai|2024-01-01|29.71|10.32|31|196.02|179.56|12
thailand|suphan-buri|2024-01-01|32.97|12.55|24|196.15|173.44|7
thailand|surat-thani|2024-01-01|39.05|10.25|29|165.56|144.1|6
thailand|surin|2024-01-01|34.24|11.33|27|190.89|164.21|11
thailand|tak|2024-01-01|31.04|11.46|32|99.54|93.27|14
thailand|trang|2024-01-01|38.97|11.02|39|141.75|123.18|7
thailand|trat|2024-01-01|39.94|11.14|27|89.94|72.6|9
thailand|ubon-ratchathani|2024-01-01|39.26|11.41|30|188.39|156.73|13
thailand|udon-thani|2024-01-01|46.18|12.47|28|213.71|187.33|7
thailand|uthai-thani|2024-01-01|28.27|10.69|29|205.35|188.98|13
thailand|uttaradit|2024-01-01|30.52|13.12|30|199.81|168.52|11
thailand|yala|2024-01-01|28.58|10.23|37|184.82|145.66|21
thailand|yasothon|2024-01-01|36.95|10.66|30|126.09|118.57|17
thailand|bang-kaeo|2024-01-01|0.0|0.0|0|420.44|323.63|5
thailand|bangkok|2024-01-01|62.33|18.2|20|240.76|205.49|6
thailand|bang-samak|2024-01-01|36.13|11.72|22|0.0|0.0|0
thailand|na-muang|2024-01-01|47.51|16.19|23|211.84|193.41|5
thailand|wang-takhian|2024-01-01|0.0|0.0|0|194.58|177.33|6
thailand|chanthaburi|2024-01-01|47.8|14.46|27|153.65|118.16|8
thailand|fa-ham|2024-01-01|50.35|18.6|31|0.0|0.0|0
thailand|huai-kaeo|2024-01-01|0.0|0.0|0|260.88|224.0|4
thailand|mae-pong|2024-01-01|0.0|0.0|0|229.41|172.87|5
thailand|nong-phueng|2024-01-01|0.0|0.0|0|266.33|213.82|4
thailand|pa-daet|2024-01-01|41.51|15.23|34|223.71|199.93|4
thailand|pa-miang|2024-01-01|0.0|0.0|0|233.04|208.3|5
thailand|san-kamphaeng|2024-01-01|0.0|0.0|0|305.15|234.89|4
thailand|thep-sadet|2024-01-01|0.0|0.0|0|233.52|217.09|4
thailand|1771669|2024-01-01|25.54|12.42|34|237.12|211.26|4
thailand|ban-du|2024-01-01|0.0|0.0|0|222.95|203.56|8
thailand|mae-chedi-mai|2024-01-01|0.0|0.0|0|243.74|221.18|5
thailand|mae-sai|2024-01-01|0.0|0.0|0|36.4|36.43|4
thailand|mueang-chiang-rai|2024-01-01|35.54|13.4|37|167.78|128.14|7
thailand|ban-bueng|2024-01-01|37.26|11.08|22|229.45|213.98|4
thailand|ban-kao|2024-01-01|35.65|12.97|23|0.0|0.0|0
thailand|ban-suan|2024-01-01|54.19|18.5|21|231.38|190.39|4
thailand|bang-phra|2024-01-01|37.65|13.97|22|220.99|192.64|4
thailand|bang-pla-soi|2024-01-01|0.0|0.0|0|279.76|227.76|4
thailand|bo-thong|2024-01-01|0.0|0.0|0|180.4|166.81|6
thailand|bo-win|2024-01-01|51.01|15.32|23|230.8|211.28|5
thailand|don-huaro|2024-01-01|39.7|16.78|23|174.1|156.6|4
thailand|huai-kapi|2024-01-01|0.0|0.0|0|296.18|230.25|4
thailand|khao-khan-song|2024-01-01|0.0|0.0|0|223.27|190.35|5
thailand|khao-sok|2024-01-01|0.0|0.0|0|200.31|203.74|6
thailand|khlong-tamru|2024-01-01|41.97|16.9|22|0.0|0.0|0
thailand|laem-chabang|2024-01-01|42.81|15.5|23|221.6|184.94|5
thailand|na-chom-thian|2024-01-01|42.05|14.92|23|151.69|141.59|6
thailand|na-pa|2024-01-01|39.31|14.14|22|298.34|225.41|4
thailand|na-phrathat|2024-01-01|0.0|0.0|0|335.01|245.71|4
thailand|nong-kakha|2024-01-01|0.0|0.0|0|240.14|192.41|4
thailand|nong-mai-daeng|2024-01-01|40.23|16.16|22|0.0|0.0|0
thailand|nong-yai|2024-01-01|0.0|0.0|0|176.62|116.02|6
thailand|pattaya|2024-01-01|42.17|14.78|23|112.2|95.13|6
thailand|phlu-ta-luang|2024-01-01|0.0|0.0|0|260.56|218.38|6
thailand|pong|2024-01-01|0.0|0.0|0|223.53|192.09|5
thailand|saen-suk|2024-01-01|51.58|17.32|22|198.2|166.51|4
thailand|samet|2024-01-01|68.86|16.92|20|241.5|213.03|4
thailand|sattahip|2024-01-01|48.23|17.39|23|246.93|211.81|5
thailand|si-racha|2024-01-01|58.59|20.5|22|137.05|125.4|5
thailand|kalasin|2024-01-01|0.0|0.0|0|211.33|174.36|6
thailand|nai-mueang|2024-01-01|0.0|0.0|0|189.27|184.51|8
thailand|pak-phraek|2024-01-01|43.65|15.33|24|193.73|156.66|5
thailand|kham-pom|2024-01-01|0.0|0.0|0|242.61|214.62|6
thailand|khon-kaen|2024-01-01|61.38|14.74|27|242.65|205.99|5
thailand|na-ngio|2024-01-01|0.0|0.0|0|188.84|213.91|6
thailand|non-som-bun|2024-01-01|0.0|0.0|0|100.41|69.44|6
thailand|ao-nang|2024-01-01|40.74|11.72|32|81.31|65.3|8
thailand|pak-nam|2024-01-01|0.0|0.0|0|100.08|94.56|7
thailand|chae-son|2024-01-01|0.0|0.0|0|223.21|208.75|6
thailand|phrabat|2024-01-01|39.1|14.76|34|0.0|0.0|0
thailand|ban-klang|2024-01-01|45.89|17.22|33|0.0|0.0|0
thailand|wiang-yong|2024-01-01|0.0|0.0|0|138.31|137.55|20
thailand|tha-le-chup-sorn|2024-01-01|0.0|0.0|0|239.08|187.1|5
thailand|talat|2024-01-01|53.14|17.88|28|188.79|185.56|6
thailand|bang-krathuk|2024-01-01|0.0|0.0|0|307.33|245.3|6
thailand|bang-toei|2024-01-01|72.69|20.81|21|0.0|0.0|0
thailand|krathum-lom|2024-01-01|0.0|0.0|0|282.37|227.29|5
thailand|nakhon-pathom|2024-01-01|50.91|18.37|22|283.47|230.64|3
thailand|rai-khing|2024-01-01|34.57|14.37|23|279.65|223.53|5
thailand|salaya|2024-01-01|41.3|15.85|22|164.35|161.2|6
thailand|sam-phran|2024-01-01|0.0|0.0|0|219.85|188.36|4
thailand|wat-lamut|2024-01-01|0.0|0.0|0|253.4|210.26|4
thailand|nai-mueang|2024-01-01|0.0|0.0|0|121.97|114.74|10
thailand|chang-thong|2024-01-01|0.0|0.0|0|326.57|277.16|3
thailand|cho-ho|2024-01-01|0.0|0.0|0|299.71|258.76|4
thailand|nakhon-ratchasima|2024-01-01|71.94|17.3|22|204.24|176.06|6
thailand|nong-ngu-lueam|2024-01-01|32.81|11.46|26|190.51|167.71|7
thailand|pak-chong|2024-01-01|52.46|16.55|24|216.37|175.42|6
thailand|tha-chang|2024-01-01|0.0|0.0|0|298.48|227.0|5
thailand|thong-lang|2024-01-01|0.0|0.0|0|327.32|318.01|4
thailand|nakhon-sawan|2024-01-01|43.41|17.72|28|223.21|198.61|6
thailand|nakhon-si-thammarat|2024-01-01|40.0|11.66|29|218.05|189.65|7
thailand|nai-wiang|2024-01-01|0.0|0.0|0|131.35|102.8|11
thailand|bang-bua-thong|2024-01-01|48.99|14.27|21|308.98|236.58|5
thailand|bang-khun-kong|2024-01-01|0.0|0.0|0|231.39|210.28|6
thailand|bang-krang|2024-01-01|49.06|12.18|21|271.6|233.16|6
thailand|bang-kruai|2024-01-01|58.24|17.32|20|289.97|237.16|6
thailand|bang-len|2024-01-01|0.0|0.0|0|300.98|240.17|6
thailand|bang-mae-nang|2024-01-01|57.48|16.65|20|293.82|242.12|6
thailand|bang-muang|2024-01-01|0.0|0.0|0|319.11|249.6|5
thailand|bang-phlap|2024-01-01|0.0|0.0|0|226.37|204.24|6
thailand|bang-rak-noi|2024-01-01|0.0|0.0|0|276.01|236.21|6
thailand|bang-rak-phatthana|2024-01-01|43.32|15.01|21|324.9|227.21|5
thailand|bang-rak-yai|2024-01-01|0.0|0.0|0|344.16|239.13|5
thailand|bang-si-thong|2024-01-01|0.0|0.0|0|304.3|247.7|6
thailand|bang-yai|2024-01-01|0.0|0.0|0|272.75|226.47|6
thailand|khlong-khoi|2024-01-01|0.0|0.0|0|290.97|251.81|7
thailand|maha-sawat|2024-01-01|72.3|17.28|21|277.55|237.13|6
thailand|nonthaburi|2024-01-01|59.44|19.66|19|286.78|230.78|5
thailand|pak-kret|2024-01-01|50.9|16.65|20|256.2|206.22|5
thailand|phimonrat|2024-01-01|51.7|17.18|20|327.31|261.31|6
thailand|sai-ma|2024-01-01|53.8|14.07|19|271.08|226.52|5
thailand|sai-noi|2024-01-01|0.0|0.0|0|318.01|264.1|6
thailand|sala-klang|2024-01-01|0.0|0.0|0|305.95|234.49|6
thailand|sano-loi|2024-01-01|0.0|0.0|0|327.39|251.74|5
thailand|sao-thong-hin|2024-01-01|109.66|24.06|20|240.74|202.09|5
thailand|tha-it|2024-01-01|0.0|0.0|0|321.2|250.99|5
thailand|wat-chalo|2024-01-01|0.0|0.0|0|271.21|204.99|6
thailand|ban-klang|2024-01-01|49.73|13.11|21|309.93|238.62|4
thailand|bang-dua|2024-01-01|0.0|0.0|0|236.14|200.79|5
thailand|bang-khu-wat|2024-01-01|54.6|12.94|20|305.02|245.82|6
thailand|bang-luang|2024-01-01|0.0|0.0|0|298.88|220.08|5
thailand|bang-phun|2024-01-01|71.87|17.06|19|261.63|228.65|5
thailand|bang-prok|2024-01-01|35.44|14.53|21|178.63|137.81|5
thailand|bang-yitho|2024-01-01|50.74|15.86|21|306.74|242.11|4
thailand|bung-kham-proi|2024-01-01|45.41|15.33|20|275.64|215.33|4
thailand|khlong-hok|2024-01-01|46.09|19.52|20|0.0|0.0|0
thailand|khlong-nung|2024-01-01|39.34|15.78|21|222.72|174.78|5
thailand|khlong-sam|2024-01-01|37.24|10.24|21|249.68|219.77|4
thailand|khlong-si|2024-01-01|0.0|0.0|0|306.98|224.11|4
thailand|khlong-song|2024-01-01|39.78|12.13|21|267.41|210.6|5
thailand|khu-khot|2024-01-01|54.86|17.7|20|307.42|225.89|4
thailand|lak-hok|2024-01-01|43.34|18.1|20|223.83|162.06|5
thailand|lam-luk-ka|2024-01-01|0.0|0.0|0|215.12|184.52|5
thailand|lam-phak-kut|2024-01-01|0.0|0.0|0|316.32|238.76|5
thailand|lat-sawai|2024-01-01|43.87|12.18|21|284.24|220.77|5
thailand|rangsit|2024-01-01|67.9|19.68|20|244.09|211.52|5
thailand|rangsit|2024-01-01|67.9|19.68|20|244.09|211.52|5
thailand|baraho|2024-01-01|0.0|0.0|0|118.26|81.48|18
thailand|cha-am|2024-01-01|54.54|13.77|24|150.68|121.18|6
thailand|ban-na|2024-01-01|0.0|0.0|0|331.02|274.34|5
thailand|noen-po|2024-01-01|0.0|0.0|0|234.19|222.17|5
thailand|nong-sano|2024-01-01|0.0|0.0|0|317.3|226.54|5
thailand|phai-rop|2024-01-01|0.0|0.0|0|317.13|252.48|5
thailand|ban-khlong|2024-01-01|30.34|14.48|27|285.17|245.46|6
thailand|phitsanulok|2024-01-01|42.54|18.08|27|213.36|154.54|5
thailand|tha-pho|2024-01-01|0.0|0.0|0|156.86|137.38|13
thailand|ban-len|2024-01-01|37.6|11.28|22|0.0|0.0|0
thailand|chiang-rak-noi|2024-01-01|40.14|14.24|22|0.0|0.0|0
thailand|khan-ham|2024-01-01|42.75|16.65|22|0.0|0.0|0
thailand|khlong-chik|2024-01-01|50.04|15.46|22|0.0|0.0|0
thailand|lam-sai|2024-01-01|45.18|13.03|22|0.0|0.0|0
thailand|phra-nakhon-si-ayutthaya|2024-01-01|55.83|15.34|21|269.01|220.5|4
thailand|phra-non|2024-01-01|0.0|0.0|0|331.35|292.51|3
thailand|suan-plik|2024-01-01|0.0|0.0|0|273.29|238.06|4
thailand|wang-daeng|2024-01-01|0.0|0.0|0|311.62|249.06|3
thailand|chalong|2024-01-01|68.52|18.85|31|182.63|152.16|7
thailand|choeng-thale|2024-01-01|0.0|0.0|0|208.17|186.26|7
thailand|karon|2024-01-01|34.82|12.4|34|85.72|70.83|8
thailand|kathu|2024-01-01|0.0|0.0|0|169.48|126.1|7
thailand|koh-keaw|2024-01-01|0.0|0.0|0|208.87|175.01|6
thailand|patong|2024-01-01|44.87|13.01|33|82.59|78.91|9
thailand|phuket|2024-01-01|58.17|15.82|31|145.35|107.76|8
thailand|ratsada|2024-01-01|61.56|13.92|30|181.5|172.8|8
thailand|rawai|2024-01-01|0.0|0.0|0|147.19|135.42|7
thailand|sa-khu|2024-01-01|88.92|18.99|31|0.0|0.0|0
thailand|si-sunthon|2024-01-01|0.0|0.0|0|172.9|141.05|7
thailand|wichit|2024-01-01|79.66|19.53|32|189.85|161.28|8
thailand|tha-tum|2024-01-01|40.24|13.68|27|254.6|209.04|7
thailand|hua-hin|2024-01-01|51.95|13.38|24|165.75|121.7|6
thailand|nong-kae|2024-01-01|42.07|13.79|24|102.26|91.66|8
thailand|ko-phlappla|2024-01-01|0.0|0.0|0|152.28|121.08|5
thailand|na-muang|2024-01-01|51.76|19.37|22|219.11|184.93|4
thailand|pho-hak|2024-01-01|0.0|0.0|0|334.67|242.82|3
thailand|ban-chang|2024-01-01|59.71|15.59|23|234.67|209.27|6
thailand|huai-pong|2024-01-01|53.06|14.09|23|0.0|0.0|0
thailand|makham-khu|2024-01-01|0.0|0.0|0|174.91|161.78|5
thailand|map-ta-phut|2024-01-01|49.5|13.74|23|0.0|0.0|0
thailand|mapkha|2024-01-01|0.0|0.0|0|276.97|225.48|4
thailand|mapyangphon|2024-01-01|43.43|14.23|24|206.22|171.99|5
thailand|nikhom-phatthana|2024-01-01|0.0|0.0|0|296.6|250.13|4
thailand|nong-rai|2024-01-01|0.0|0.0|0|117.96|106.39|5
thailand|pa-yup-nai|2024-01-01|0.0|0.0|0|160.58|128.43|5
thailand|pluak-daeng|2024-01-01|40.93|14.51|24|202.58|201.11|5
thailand|ta-sit|2024-01-01|35.01|12.76|24|0.0|0.0|0
thailand|thapma|2024-01-01|58.08|16.7|23|304.93|239.28|5
thailand|aranyaprathet|2024-01-01|36.71|11.18|29|35.84|34.11|9
thailand|pa-rai|2024-01-01|0.0|0.0|0|30.13|30.44|10
thailand|ban-khlong-suan|2024-01-01|0.0|0.0|0|260.9|220.44|6
thailand|bang-bo|2024-01-01|40.82|15.09|21|255.62|196.33|6
thailand|bang-chalong|2024-01-01|36.22|14.77|21|258.54|212.93|5
thailand|bang-kaeo|2024-01-01|75.78|20.8|20|234.56|193.85|5
thailand|bang-muang|2024-01-01|40.25|13.12|21|301.09|235.7|5
thailand|bang-muang-mai|2024-01-01|0.0|0.0|0|269.68|224.34|5
thailand|bang-phli-yai|2024-01-01|41.71|15.44|21|287.71|229.23|5
thailand|bang-phriang|2024-01-01|29.29|11.15|22|170.77|138.82|6
thailand|bang-pla|2024-01-01|36.06|13.3|21|227.31|200.09|6
thailand|bang-pu-mai|2024-01-01|36.49|15.71|21|0.0|0.0|0
thailand|bang-sao-thong|2024-01-01|42.41|14.72|21|193.72|164.78|7
thailand|lat-luang|2024-01-01|36.44|12.53|21|276.56|224.46|6
thailand|nai-khlong-bang-pla-kot|2024-01-01|45.54|14.27|21|284.64|237.78|6
thailand|nong-prue|2024-01-01|83.42|25.71|18|48.29|48.56|6
thailand|phraeksa|2024-01-01|32.57|13.56|22|300.85|231.36|5
thailand|phraeksa-mai|2024-01-01|37.68|12.97|21|307.87|252.52|5
thailand|rachathewa|2024-01-01|48.95|13.64|21|242.51|207.52|5
thailand|sam-rong-nua|2024-01-01|56.36|18.57|20|317.44|227.25|5
thailand|samrong|2024-01-01|80.93|25.95|18|222.05|172.36|5
thailand|samut-prakan|2024-01-01|56.16|15.56|21|299.25|223.82|5
thailand|srisa-chorakhe-noi|2024-01-01|0.0|0.0|0|111.03|74.72|6
thailand|thai-ban-mai|2024-01-01|44.72|16.99|21|281.37|214.63|5
thailand|thepharak|2024-01-01|66.02|18.11|20|327.28|243.64|6
thailand|bang-nam-chut|2024-01-01|30.57|13.89|23|0.0|0.0|0
thailand|khok-kham|2024-01-01|38.38|12.62|23|0.0|0.0|0
thailand|na-di|2024-01-01|40.14|12.88|22|0.0|0.0|0
thailand|phanthai-norasing|2024-01-01|48.1|11.41|23|317.28|248.39|5
thailand|samut-sakhon|2024-01-01|36.84|14.44|23|247.17|210.52|5
thailand|suan-luang|2024-01-01|0.0|0.0|0|273.53|222.62|5
thailand|tha-sai|2024-01-01|29.59|13.33|23|0.0|0.0|0
thailand|pak-prieo|2024-01-01|49.68|18.92|22|256.36|225.1|5
thailand|mueang-tai|2024-01-01|0.0|0.0|0|238.62|183.65|10
thailand|hat-yai|2024-01-01|47.73|16.89|35|174.31|142.32|5
thailand|khao-rup-chang|2024-01-01|39.66|14.78|39|214.37|180.93|4
thailand|khlong-hae|2024-01-01|0.0|0.0|0|285.12|228.88|4
thailand|kho-hong|2024-01-01|53.64|18.35|36|226.04|188.66|4
thailand|khuan-lang|2024-01-01|54.97|15.37|37|229.58|223.45|4
thailand|phichit|2024-01-01|0.0|0.0|0|311.38|252.33|3
thailand|songkhla|2024-01-01|29.79|12.82|38|214.49|191.13|5
thailand|thung-yai|2024-01-01|0.0|0.0|0|292.34|296.67|4
thailand|ko-pha-ngan|2024-01-01|0.0|0.0|0|146.73|113.21|6
thailand|ko-samui|2024-01-01|54.68|11.85|29|132.82|114.52|7
thailand|phuang-phromkhon|2024-01-01|0.0|0.0|0|232.19|204.34|6
thailand|surat-thani|2024-01-01|48.94|14.46|27|212.11|172.66|4
thailand|nai-mueang|2024-01-01|47.52|14.18|28|189.31|161.5|8
thailand|nong-trut|2024-01-01|0.0|0.0|0|82.62|76.0|6
thailand|trang|2024-01-01|47.57|15.17|39|124.2|108.85|7
thailand|kham-yai|2024-01-01|46.59|16.64|28|242.52|207.81|11
thailand|ban-lueam|2024-01-01|53.16|15.75|28|255.87|221.03|6
thailand|phan-don|2024-01-01|38.87|11.22|30|188.75|168.77|7
thailand|udon-thani|2024-01-01|58.42|16.42|28|208.26|176.58|6
thailand|yala|2024-01-01|31.59|9.68|38|212.5|175.52|16
togo|maritime|2024-01-01|56.16|13.08|16|31.85|8.11|7
togo|plateaux|2024-01-01|0.0|0.0|0|29.0|3.59|9
togo|lome|2024-01-01|0.0|0.0|0|33.48|9.08|7
trinidad-and-tobago|arima|2024-01-01|0.0|0.0|0|127.42|49.13|8
trinidad-and-tobago|chaguanas|2024-01-01|0.0|0.0|0|117.88|50.41|10
trinidad-and-tobago|couva-tabaquite-talparo|2024-01-01|0.0|0.0|0|116.68|75.28|7
trinidad-and-tobago|diego-martin|2024-01-01|0.0|0.0|0|137.03|39.07|10
trinidad-and-tobago|penal-debe|2024-01-01|0.0|0.0|0|113.18|43.21|10
trinidad-and-tobago|point-fortin|2024-01-01|0.0|0.0|0|107.44|25.19|12
trinidad-and-tobago|princes-town|2024-01-01|0.0|0.0|0|106.84|38.13|11
trinidad-and-tobago|rio-claro-mayaro|2024-01-01|0.0|0.0|0|106.19|36.72|11
trinidad-and-tobago|san-juan-laventille|2024-01-01|27.6|12.34|23|101.23|48.46|7
trinidad-and-tobago|sangre-grande|2024-01-01|0.0|0.0|0|105.92|41.08|11
trinidad-and-tobago|siparia|2024-01-01|0.0|0.0|0|108.64|25.2|11
trinidad-and-tobago|tunapuna-piarco|2024-01-01|0.0|0.0|0|117.13|49.05|9
trinidad-and-tobago|western-tobago|2024-01-01|0.0|0.0|0|95.88|84.3|7
trinidad-and-tobago|arima|2024-01-01|0.0|0.0|0|125.15|47.48|8
trinidad-and-tobago|chaguanas|2024-01-01|0.0|0.0|0|109.41|66.83|7
trinidad-and-tobago|endeavour|2024-01-01|0.0|0.0|0|132.74|39.3|10
trinidad-and-tobago|enterprise|2024-01-01|0.0|0.0|0|161.66|44.91|11
trinidad-and-tobago|couva|2024-01-01|0.0|0.0|0|139.79|49.33|11
trinidad-and-tobago|freeport|2024-01-01|0.0|0.0|0|157.31|50.81|9
trinidad-and-tobago|diego-martin|2024-01-01|0.0|0.0|0|126.01|48.68|9
trinidad-and-tobago|gasparillo|2024-01-01|0.0|0.0|0|152.23|43.92|11
trinidad-and-tobago|san-fernando|2024-01-01|0.0|0.0|0|114.41|43.1|11
trinidad-and-tobago|port-of-spain|2024-01-01|27.6|11.67|23|94.3|42.14|8
trinidad-and-tobago|san-juan|2024-01-01|0.0|0.0|0|116.99|45.61|9
trinidad-and-tobago|arouca|2024-01-01|0.0|0.0|0|131.83|49.82|8
trinidad-and-tobago|blanchisseuse|2024-01-01|0.0|0.0|0|124.48|99.79|5
trinidad-and-tobago|d%27abadie|2024-01-01|0.0|0.0|0|111.52|49.94|8
trinidad-and-tobago|trincity|2024-01-01|0.0|0.0|0|146.32|50.17|8
tunisia|ariana|2024-01-01|0.0|0.0|0|8.26|4.05|23
tunisia|beja|2024-01-01|0.0|0.0|0|8.39|1.82|28
tunisia|ben-arous|2024-01-01|19.03|12.51|19|9.43|2.36|25
tunisia|bizerte|2024-01-01|15.75|11.02|21|8.54|1.41|28
tunisia|gabes|2024-01-01|0.0|0.0|0|8.96|1.16|29
tunisia|gafsa|2024-01-01|0.0|0.0|0|8.2|0.83|32
tunisia|jendouba|2024-01-01|0.0|0.0|0|8.78|2.07|28
tunisia|kairouan|2024-01-01|0.0|0.0|0|8.48|1.78|30
tunisia|kasserine|2024-01-01|0.0|0.0|0|8.21|0.83|31
tunisia|kebili|2024-01-01|0.0|0.0|0|8.92|1.76|33
tunisia|kef|2024-01-01|0.0|0.0|0|10.3|5.35|24
tunisia|la-manouba|2024-01-01|0.0|0.0|0|8.32|0.91|25
tunisia|mahdia|2024-01-01|0.0|0.0|0|8.45|1.2|28
tunisia|medenine|2024-01-01|28.09|14.82|30|8.4|0.9|34
tunisia|monastir|2024-01-01|22.87|12.81|22|8.94|1.69|27
tunisia|nabeul|2024-01-01|28.05|11.3|21|8.59|1.85|28
tunisia|sfax|2024-01-01|25.73|17.43|22|8.8|2.09|28
tunisia|sidi-bou-zid|2024-01-01|0.0|0.0|0|7.81|0.78|31
tunisia|siliana|2024-01-01|0.0|0.0|0|9.31|4.38|27
tunisia|sousse|2024-01-01|22.75|13.58|20|8.81|2.01|27
tunisia|tataouine|2024-01-01|0.0|0.0|0|8.68|2.13|32
tunisia|tozeur|2024-01-01|0.0|0.0|0|9.76|3.07|28
tunisia|tunis|2024-01-01|24.98|14.84|18|9.21|3.28|25
tunisia|zaghouan|2024-01-01|0.0|0.0|0|10.02|2.75|24
tunisia|cebalat|2024-01-01|0.0|0.0|0|8.95|4.01|23
tunisia|beja|2024-01-01|0.0|0.0|0|8.22|1.26|28
tunisia|ben-arous|2024-01-01|0.0|0.0|0|8.79|1.91|26
tunisia|bou-mhel-el-bassatine|2024-01-01|0.0|0.0|0|9.26|2.03|25
tunisia|el-mourouj|2024-01-01|0.0|0.0|0|11.45|5.74|19
tunisia|ez-zahra|2024-01-01|0.0|0.0|0|8.95|4.04|23
tunisia|fouchana|2024-01-01|0.0|0.0|0|8.49|0.83|27
tunisia|hammam-lif|2024-01-01|0.0|0.0|0|9.44|2.8|24
tunisia|megrine|2024-01-01|0.0|0.0|0|12.74|5.35|20
tunisia|rades|2024-01-01|0.0|0.0|0|9.6|2.12|24
tunisia|bizerte|2024-01-01|0.0|0.0|0|8.4|1.41|29
tunisia|mateur|2024-01-01|0.0|0.0|0|10.16|1.77|24
tunisia|menzel-bourguiba|2024-01-01|0.0|0.0|0|7.89|0.87|33
tunisia|gabes|2024-01-01|0.0|0.0|0|9.25|0.86|29
tunisia|gafsa|2024-01-01|0.0|0.0|0|9.15|2.09|32
tunisia|jendouba|2024-01-01|0.0|0.0|0|8.65|2.04|29
tunisia|al-qayrawan|2024-01-01|0.0|0.0|0|8.53|1.84|29
tunisia|el-kef|2024-01-01|0.0|0.0|0|9.04|3.09|28
tunisia|mahdia|2024-01-01|0.0|0.0|0|8.41|0.9|27
tunisia|houmt-souk|2024-01-01|0.0|0.0|0|8.44|0.84|33
tunisia|ksar-hellal|2024-01-01|0.0|0.0|0|9.44|0.9|25
tunisia|monastir|2024-01-01|0.0|0.0|0|9.25|2.02|27
tunisia|tabulbah|2024-01-01|0.0|0.0|0|9.41|1.75|27
tunisia|hammamet|2024-01-01|0.0|0.0|0|8.6|2.25|31
tunisia|kelibia|2024-01-01|0.0|0.0|0|9.1|1.22|27
tunisia|nabeul|2024-01-01|0.0|0.0|0|8.59|2.01|27
tunisia|sulayman|2024-01-01|0.0|0.0|0|8.1|1.69|26
tunisia|sakiet-ezzit|2024-01-01|0.0|0.0|0|8.44|3.43|29
tunisia|sfax|2024-01-01|26.37|18.05|22|9.03|2.06|28
tunisia|sidi-bouzid|2024-01-01|0.0|0.0|0|7.76|0.78|30
tunisia|masakin|2024-01-01|0.0|0.0|0|8.86|0.86|29
tunisia|sousse|2024-01-01|22.81|14.63|20|8.88|2.07|27
tunisia|ariana|2024-01-01|30.73|14.03|19|8.8|2.08|25
tunisia|carthage|2024-01-01|0.0|0.0|0|10.11|2.77|23
tunisia|den-den|2024-01-01|0.0|0.0|0|7.76|2.65|24
tunisia|la-marsa|2024-01-01|0.0|0.0|0|9.44|1.98|25
tunisia|manouba|2024-01-01|0.0|0.0|0|8.6|1.88|26
tunisia|oued-ellil|2024-01-01|0.0|0.0|0|8.64|2.45|24
tunisia|tunis|2024-01-01|23.59|17.25|18|9.28|3.33|25
tunisia|el-fahs|2024-01-01|0.0|0.0|0|21.43|20.35|6
tunisia|zaghouan|2024-01-01|0.0|0.0|0|9.47|2.12|25
turkey|adana|2024-01-01|40.31|15.0|20|35.13|10.88|9
turkey|adiyaman-province|2024-01-01|0.0|0.0|0|27.4|11.46|13
turkey|afyonkarahisar-province|2024-01-01|32.84|12.31|32|28.89|11.46|11
turkey|aksaray|2024-01-01|0.0|0.0|0|36.24|12.58|17
turkey|amasya-province|2024-01-01|0.0|0.0|0|36.02|11.96|9
turkey|ankara|2024-01-01|42.02|14.55|20|47.39|13.14|8
turkey|antalya|2024-01-01|45.46|15.5|26|40.92|11.81|13
turkey|artvin|2024-01-01|0.0|0.0|0|30.41|10.94|14
turkey|aydin-province|2024-01-01|35.9|12.66|21|30.31|11.28|13
turkey|agri|2024-01-01|0.0|0.0|0|26.74|11.27|10
turkey|balikesir-province|2024-01-01|44.1|13.86|26|32.01|9.51|13
turkey|bartin-province|2024-01-01|0.0|0.0|0|30.25|11.26|11
turkey|batman|2024-01-01|0.0|0.0|0|44.74|13.82|9
turkey|bilecik|2024-01-01|0.0|0.0|0|30.55|11.46|8
turkey|bolu|2024-01-01|0.0|0.0|0|34.62|9.27|14
turkey|burdur-province|2024-01-01|0.0|0.0|0|29.03|10.99|10
turkey|bursa|2024-01-01|37.1|13.84|21|35.4|11.31|7
turkey|denizli|2024-01-01|32.16|11.41|23|32.72|7.44|11
turkey|diyarbakir|2024-01-01|31.97|10.79|22|30.54|11.4|12
turkey|duzce-province|2024-01-01|0.0|0.0|0|31.17|11.18|13
turkey|edirne|2024-01-01|34.85|11.32|23|34.69|8.74|12
turkey|elazig|2024-01-01|0.0|0.0|0|33.5|11.8|8
turkey|erzincan|2024-01-01|0.0|0.0|0|35.02|6.57|9
turkey|erzurum|2024-01-01|0.0|0.0|0|35.68|9.0|12
turkey|eskisehir-province|2024-01-01|33.65|11.76|27|36.35|8.17|8
turkey|gaziantep|2024-01-01|31.53|12.22|26|29.16|9.91|12
turkey|giresun|2024-01-01|0.0|0.0|0|29.26|11.46|22
turkey|hatay|2024-01-01|25.62|11.82|32|5.81|8.78|17
turkey|isparta-province|2024-01-01|40.65|14.96|28|30.86|11.4|9
turkey|istanbul|2024-01-01|47.13|16.27|21|50.13|14.19|6
turkey|izmir|2024-01-01|38.35|13.84|18|44.63|12.36|7
turkey|kahramanmaras-province|2024-01-01|26.13|11.31|38|26.54|11.41|14
turkey|karabuk|2024-01-01|0.0|0.0|0|36.13|13.02|8
turkey|karaman|2024-01-01|0.0|0.0|0|27.76|7.38|13
turkey|kars|2024-01-01|0.0|0.0|0|27.58|12.14|15
turkey|kastamonu|2024-01-01|0.0|0.0|0|31.44|11.55|14
turkey|kayseri-province|2024-01-01|33.47|13.89|30|40.03|11.96|12
turkey|kilis|2024-01-01|0.0|0.0|0|6.4|12.61|12
turkey|kocaeli|2024-01-01|31.13|12.2|21|33.41|11.36|8
turkey|konya|2024-01-01|35.31|13.16|35|32.58|7.33|9
turkey|kutahya|2024-01-01|34.08|11.72|31|29.47|11.39|10
turkey|kirklareli|2024-01-01|0.0|0.0|0|37.11|12.39|9
turkey|kirikkale|2024-01-01|0.0|0.0|0|45.31|12.23|8
turkey|kirsehir|2024-01-01|0.0|0.0|0|24.38|10.96|11
turkey|malatya|2024-01-01|0.0|0.0|0|32.14|14.11|17
turkey|manisa|2024-01-01|36.39|13.9|20|33.47|9.7|11
turkey|mardin|2024-01-01|0.0|0.0|0|23.43|10.91|13
turkey|mersin-province|2024-01-01|35.29|15.82|23|33.9|10.8|9
turkey|mugla-province|2024-01-01|44.82|12.51|26|26.26|9.61|21
turkey|nevsehir|2024-01-01|0.0|0.0|0|27.99|11.36|11
turkey|nigde|2024-01-01|0.0|0.0|0|23.97|12.13|12
turkey|ordu|2024-01-01|38.92|12.49|34|26.86|11.02|11
turkey|osmaniye|2024-01-01|0.0|0.0|0|33.3|11.43|10
turkey|rize|2024-01-01|0.0|0.0|0|24.7|11.18|12
turkey|sakarya|2024-01-01|28.29|9.86|25|33.57|11.6|11
turkey|samsun|2024-01-01|35.4|13.0|30|36.41|11.48|8
turkey|siirt-province|2024-01-01|0.0|0.0|0|32.29|11.79|10
turkey|sinop-province|2024-01-01|0.0|0.0|0|27.67|10.8|10
turkey|sivas|2024-01-01|0.0|0.0|0|33.42|11.58|12
turkey|tekirdag|2024-01-01|38.39|13.62|21|38.9|12.46|8
turkey|tokat|2024-01-01|0.0|0.0|0|26.97|11.3|15
turkey|trabzon|2024-01-01|39.31|15.87|33|34.55|12.27|23
turkey|usak|2024-01-01|0.0|0.0|0|33.88|12.62|9
turkey|van|2024-01-01|0.0|0.0|0|32.42|12.28|12
turkey|yalova-province|2024-01-01|49.59|11.85|22|30.27|11.06|9
turkey|yozgat|2024-01-01|0.0|0.0|0|29.49|11.46|11
turkey|zonguldak|2024-01-01|28.24|10.72|28|28.65|7.42|10
turkey|canakkale|2024-01-01|35.12|12.36|35|32.56|11.36|12
turkey|cankiri|2024-01-01|0.0|0.0|0|26.22|11.2|9
turkey|corum-province|2024-01-01|0.0|0.0|0|29.4|11.47|9
turkey|sanliurfa-province|2024-01-01|23.33|10.6|31|24.72|11.3|13
turkey|sirnak|2024-01-01|0.0|0.0|0|33.17|11.82|11
turkey|adana|2024-01-01|41.16|15.08|19|34.12|9.1|10
turkey|adiyaman|2024-01-01|0.0|0.0|0|22.37|10.47|13
turkey|afyonkarahisar|2024-01-01|0.0|0.0|0|38.58|14.13|11
turkey|aksaray|2024-01-01|0.0|0.0|0|34.0|11.82|12
turkey|ankara|2024-01-01|43.13|14.89|20|44.99|12.3|8
turkey|golbasi|2024-01-01|0.0|0.0|0|48.73|4.84|11
turkey|pursaklar|2024-01-01|0.0|0.0|0|33.82|13.0|6
turkey|akdamlar|2024-01-01|0.0|0.0|0|39.68|12.27|12
turkey|alanya|2024-01-01|53.14|18.92|27|35.25|11.55|9
turkey|antalya|2024-01-01|45.45|17.57|25|44.31|10.47|15
turkey|kargicak-belediyesi|2024-01-01|0.0|0.0|0|41.16|13.26|6
turkey|manavgat|2024-01-01|0.0|0.0|0|32.91|11.26|9
turkey|side-belediyesi|2024-01-01|0.0|0.0|0|21.5|8.38|9
turkey|aydin|2024-01-01|31.25|14.64|19|36.82|11.86|12
turkey|didim|2024-01-01|0.0|0.0|0|23.08|8.07|19
turkey|kusadasi|2024-01-01|0.0|0.0|0|35.28|11.92|11
turkey|nazilli|2024-01-01|0.0|0.0|0|22.96|9.25|13
turkey|balikesir|2024-01-01|0.0|0.0|0|36.42|4.8|9
turkey|bandirma|2024-01-01|0.0|0.0|0|41.74|9.92|14
turkey|bartin|2024-01-01|0.0|0.0|0|33.26|12.3|10
turkey|batman|2024-01-01|0.0|0.0|0|30.17|10.81|10
turkey|bolu|2024-01-01|0.0|0.0|0|38.09|4.81|15
turkey|alasarkoy-mahallesi|2024-01-01|0.0|0.0|0|41.05|13.92|6
turkey|bursa|2024-01-01|38.86|14.83|20|31.62|10.38|8
turkey|gorukle-sakarya-mahallesi|2024-01-01|0.0|0.0|0|59.54|16.92|5
turkey|gursu|2024-01-01|0.0|0.0|0|28.23|10.09|7
turkey|inegol|2024-01-01|0.0|0.0|0|29.28|10.76|8
turkey|kestel|2024-01-01|0.0|0.0|0|46.8|13.16|7
turkey|mudanya|2024-01-01|0.0|0.0|0|59.87|12.9|6
turkey|denizli|2024-01-01|35.04|12.17|22|38.96|4.85|9
turkey|diyarbakir|2024-01-01|40.84|14.91|19|34.15|11.45|14
turkey|duzce|2024-01-01|0.0|0.0|0|31.48|11.34|11
turkey|edirne|2024-01-01|0.0|0.0|0|43.11|4.8|17
turkey|elazig|2024-01-01|0.0|0.0|0|34.2|11.97|8
turkey|erzincan|2024-01-01|0.0|0.0|0|44.02|4.73|9
turkey|erzurum|2024-01-01|0.0|0.0|0|40.91|4.82|19
turkey|eskisehir|2024-01-01|33.65|11.61|27|38.59|8.27|8
turkey|gaziantep|2024-01-01|31.28|12.69|25|27.86|8.8|13
turkey|giresun|2024-01-01|0.0|0.0|0|36.66|13.54|16
turkey|hatay|2024-01-01|28.17|16.93|27|3.97|9.2|15
turkey|iskenderun|2024-01-01|0.0|0.0|0|23.72|9.86|12
turkey|reyhanli|2024-01-01|0.0|0.0|0|15.62|9.11|17
turkey|isparta|2024-01-01|0.0|0.0|0|34.53|12.99|9
turkey|alkent-2000-mahallesi|2024-01-01|0.0|0.0|0|53.26|14.6|6
turkey|arnavutkoy|2024-01-01|0.0|0.0|0|45.74|17.61|6
turkey|buyukcekmece|2024-01-01|42.84|13.81|20|35.28|11.17|7
turkey|gokturk-merkez-mahallesi|2024-01-01|0.0|0.0|0|54.97|15.85|6
turkey|istanbul|2024-01-01|44.48|15.57|21|50.7|14.22|6
turkey|maslak-mahallesi|2024-01-01|0.0|0.0|0|63.77|18.35|6
turkey|silivri|2024-01-01|0.0|0.0|0|30.42|8.17|9
turkey|sultanbeyli|2024-01-01|0.0|0.0|0|49.63|13.43|6
turkey|cayirova|2024-01-01|0.0|0.0|0|49.54|14.15|7
turkey|izmir|2024-01-01|38.67|14.49|17|43.93|12.16|7
turkey|kemalpasa|2024-01-01|0.0|0.0|0|32.53|14.16|10
turkey|menemen|2024-01-01|0.0|0.0|0|38.81|13.42|7
turkey|kahramanmaras|2024-01-01|0.0|0.0|0|35.86|12.39|16
turkey|karabuk|2024-01-01|0.0|0.0|0|36.62|13.14|8
turkey|karaman|2024-01-01|0.0|0.0|0|31.38|6.16|12
turkey|kayseri|2024-01-01|33.08|13.18|30|42.32|11.6|12
turkey|talas|2024-01-01|0.0|0.0|0|48.81|14.24|14
turkey|kilis|2024-01-01|0.0|0.0|0|5.57|12.45|12
turkey|darica|2024-01-01|0.0|0.0|0|30.24|9.46|9
turkey|derince|2024-01-01|0.0|0.0|0|34.68|11.66|7
turkey|dogantepe|2024-01-01|0.0|0.0|0|35.34|11.56|8
turkey|gebze|2024-01-01|30.97|12.34|20|35.15|9.19|9
turkey|golcuk|2024-01-01|0.0|0.0|0|30.06|10.93|8
turkey|izmit|2024-01-01|44.37|17.03|20|41.59|10.21|8
turkey|kartepe|2024-01-01|0.0|0.0|0|51.4|14.23|7
turkey|korfez|2024-01-01|0.0|0.0|0|33.8|11.42|7
turkey|konya|2024-01-01|35.52|13.98|34|35.14|4.89|9
turkey|sille-subasi-mahallesi|2024-01-01|0.0|0.0|0|33.76|11.08|10
turkey|kutahya|2024-01-01|0.0|0.0|0|30.82|11.43|10
turkey|kirklareli|2024-01-01|0.0|0.0|0|39.39|12.68|8
turkey|luleburgaz|2024-01-01|0.0|0.0|0|36.36|11.9|10
turkey|kirikkale|2024-01-01|0.0|0.0|0|27.56|11.41|7
turkey|kirsehir|2024-01-01|0.0|0.0|0|32.52|12.21|9
turkey|malatya|2024-01-01|0.0|0.0|0|35.14|14.14|16
turkey|akhisar|2024-01-01|0.0|0.0|0|34.73|12.6|16
turkey|manisa|2024-01-01|0.0|0.0|0|46.66|4.85|8
turkey|turgutlu|2024-01-01|0.0|0.0|0|32.96|11.38|13
turkey|mersin|2024-01-01|34.4|16.37|22|39.13|10.61|8
turkey|tarsus|2024-01-01|0.0|0.0|0|39.41|4.88|11
turkey|bodrum|2024-01-01|0.0|0.0|0|31.09|10.12|21
turkey|fethiye|2024-01-01|0.0|0.0|0|25.94|10.26|19
turkey|marmaris|2024-01-01|0.0|0.0|0|33.68|11.21|24
turkey|mugla|2024-01-01|0.0|0.0|0|27.39|10.52|19
turkey|nigde|2024-01-01|0.0|0.0|0|38.79|13.88|8
turkey|ordu|2024-01-01|0.0|0.0|0|37.09|12.59|11
turkey|osmaniye|2024-01-01|0.0|0.0|0|22.49|10.01|11
turkey|rize|2024-01-01|0.0|0.0|0|27.1|11.38|11
turkey|sakarya|2024-01-01|26.26|10.74|24|29.67|11.31|12
turkey|samsun|2024-01-01|30.95|12.75|29|39.33|9.87|10
turkey|siirt|2024-01-01|0.0|0.0|0|32.29|11.6|10
turkey|sinop|2024-01-01|0.0|0.0|0|25.38|10.96|9
turkey|savcun|2024-01-01|0.0|0.0|0|30.34|11.38|12
turkey|sivas|2024-01-01|0.0|0.0|0|35.68|11.47|12
turkey|tekirdag|2024-01-01|0.0|0.0|0|45.45|4.87|9
turkey|cerkezkoy|2024-01-01|0.0|0.0|0|52.85|18.34|7
turkey|corlu|2024-01-01|0.0|0.0|0|40.41|10.09|9
turkey|tokat|2024-01-01|0.0|0.0|0|26.08|11.38|14
turkey|trabzon|2024-01-01|0.0|0.0|0|37.55|13.16|24
turkey|usak|2024-01-01|0.0|0.0|0|35.69|12.67|9
turkey|van|2024-01-01|0.0|0.0|0|35.99|14.22|11
turkey|yalova|2024-01-01|0.0|0.0|0|29.87|7.46|8
turkey|ciftlikkoy|2024-01-01|0.0|0.0|0|35.37|9.63|6
turkey|yozgat|2024-01-01|0.0|0.0|0|30.62|11.45|10
turkey|eregli|2024-01-01|0.0|0.0|0|37.31|4.74|10
turkey|zonguldak|2024-01-01|0.0|0.0|0|38.63|4.77|10
turkey|canakkale|2024-01-01|0.0|0.0|0|35.87|13.33|12
turkey|corum|2024-01-01|0.0|0.0|0|30.78|12.55|9
turkey|sanliurfa|2024-01-01|31.46|13.68|30|23.77|11.0|14
turkmenistan|ashgabat|2024-01-01|0.0|0.0|0|9.33|6.51|95
turkmenistan|ashgabat|2024-01-01|0.0|0.0|0|9.2|6.69|95
uganda|central-region|2024-01-01|39.04|17.4|19|14.19|14.05|6
uganda|kampala|2024-01-01|42.01|19.11|19|14.13|14.08|6
ukraine|cherkas%27ka-oblast|2024-01-01|26.3|8.51|35|77.35|85.48|5
ukraine|chernihivs%27ka-oblast|2024-01-01|25.34|9.17|34|66.28|77.39|6
ukraine|chernivets%27ka-oblast|2024-01-01|37.17|13.36|35|81.21|87.84|3
ukraine|crimea|2024-01-01|0.0|0.0|0|68.98|72.77|3
ukraine|dnipropetrovsk-oblast|2024-01-01|29.85|12.34|36|75.65|82.17|6
ukraine|donetsk-oblast|2024-01-01|10.0|7.66|28|52.0|56.78|3
ukraine|ivano-frankivs%27ka-oblast|2024-01-01|28.75|14.69|38|63.21|67.86|4
ukraine|kharkiv-oblast|2024-01-01|32.92|12.22|38|81.57|89.98|3
ukraine|khersons%27ka-oblast|2024-01-01|24.48|11.63|36|50.66|53.74|12
ukraine|khmel%27nyts%27ka-oblast|2024-01-01|23.83|11.16|37|71.51|78.74|7
ukraine|kirovohrads%27ka-oblast|2024-01-01|25.57|10.11|35|58.9|58.55|11
ukraine|kyiv-city|2024-01-01|34.79|13.76|25|92.21|93.5|3
ukraine|kyivs%27ka-oblast|2024-01-01|32.6|10.23|27|86.06|88.65|3
ukraine|luhans%27ka-oblast|2024-01-01|0.0|0.0|0|35.76|47.38|4
ukraine|lviv-oblast|2024-01-01|28.33|13.32|33|81.22|79.76|3
ukraine|mykolaivs%27ka-oblast|2024-01-01|22.9|10.79|36|56.24|62.04|12
ukraine|odessa-oblast|2024-01-01|28.62|12.65|37|73.38|74.73|3
ukraine|poltavs%27ka-oblast|2024-01-01|26.71|12.02|35|75.58|80.44|7
ukraine|rivnens%27ka-oblast|2024-01-01|25.29|13.29|38|68.47|78.72|7
ukraine|sevastopol%27-city|2024-01-01|0.0|0.0|0|79.62|81.47|2
ukraine|sums%27ka-oblast|2024-01-01|26.56|13.26|39|58.6|67.13|9
ukraine|ternopil%27s%27ka-oblast|2024-01-01|29.45|12.88|37|78.66|84.5|3
ukraine|vinnyts%27ka-oblast|2024-01-01|26.23|9.8|33|70.12|66.82|9
ukraine|volyns%27ka-oblast|2024-01-01|28.91|15.25|35|75.61|80.16|6
ukraine|zakarpats%27ka-oblast|2024-01-01|35.72|10.43|41|51.58|52.18|7
ukraine|zaporiz%27ka-oblast|2024-01-01|27.88|12.49|36|58.81|60.25|9
ukraine|zhytomyrs%27ka-oblast|2024-01-01|27.07|13.53|34|71.36|78.6|5
ukraine|cherkasy|2024-01-01|25.72|11.3|35|77.24|86.34|4
ukraine|kaniv|2024-01-01|0.0|0.0|0|61.45|76.63|7
ukraine|korsun%27-shevchenkivs%27kyi|2024-01-01|0.0|0.0|0|63.53|77.5|5
ukraine|shpola|2024-01-01|0.0|0.0|0|57.88|58.05|8
ukraine|smila|2024-01-01|0.0|0.0|0|63.35|72.15|4
ukraine|uman%27|2024-01-01|0.0|0.0|0|88.46|91.78|8
ukraine|zolotonosha|2024-01-01|0.0|0.0|0|67.64|69.98|3
ukraine|chernihiv|2024-01-01|25.52|12.52|34|63.07|73.34|5
ukraine|nizhyn|2024-01-01|0.0|0.0|0|80.98|90.26|6
ukraine|novhorod-sivers%27kyi|2024-01-01|0.0|0.0|0|78.86|88.44|11
ukraine|pryluky|2024-01-01|0.0|0.0|0|58.74|65.89|6
ukraine|chernivtsi|2024-01-01|38.27|16.22|33|86.65|91.44|3
ukraine|alushta|2024-01-01|0.0|0.0|0|62.54|60.42|3
ukraine|bakhchysarai|2024-01-01|0.0|0.0|0|71.4|84.54|2
ukraine|feodosia|2024-01-01|0.0|0.0|0|32.42|32.56|5
ukraine|kerch|2024-01-01|0.0|0.0|0|60.04|57.35|7
ukraine|simferopol|2024-01-01|0.0|0.0|0|76.98|79.68|3
ukraine|yalta|2024-01-01|0.0|0.0|0|65.96|75.5|3
ukraine|yevpatoriya|2024-01-01|0.0|0.0|0|52.29|60.54|3
ukraine|dnepropetrovsk|2024-01-01|36.42|15.7|35|80.69|85.6|3
ukraine|dniprodzerzhyns%27k|2024-01-01|23.93|13.07|36|60.65|73.02|10
ukraine|kryvyi-rih|2024-01-01|23.66|10.21|35|76.39|82.11|8
ukraine|nikopol%27|2024-01-01|0.0|0.0|0|48.63|48.35|8
ukraine|novomoskovs%27k|2024-01-01|0.0|0.0|0|71.96|63.74|3
ukraine|pavlohrad|2024-01-01|0.0|0.0|0|58.96|60.31|12
ukraine|pidhorodne|2024-01-01|0.0|0.0|0|63.7|82.41|3
ukraine|synel%27nykove|2024-01-01|0.0|0.0|0|49.48|50.48|3
ukraine|ternivka|2024-01-01|0.0|0.0|0|58.13|82.63|14
ukraine|zhovti-vody|2024-01-01|0.0|0.0|0|77.35|81.12|6
ukraine|donetsk|2024-01-01|10.24|10.9|21|47.94|52.91|3
ukraine|druzhkivka|2024-01-01|0.0|0.0|0|48.97|58.14|3
ukraine|horlivka|2024-01-01|0.0|0.0|0|44.98|52.27|3
ukraine|kostyantynivka|2024-01-01|0.0|0.0|0|57.01|61.26|10
ukraine|kramatorsk|2024-01-01|0.0|0.0|0|62.1|73.32|2
ukraine|krasnoarmiis%27k|2024-01-01|0.0|0.0|0|54.57|60.83|2
ukraine|kurakhove|2024-01-01|0.0|0.0|0|48.51|43.29|3
ukraine|makiivka|2024-01-01|0.0|0.0|0|64.41|71.1|2
ukraine|shakhtars%27k|2024-01-01|0.0|0.0|0|59.12|62.82|2
ukraine|slovyansk|2024-01-01|0.0|0.0|0|64.46|81.09|2
ukraine|yasynuvata|2024-01-01|0.0|0.0|0|34.26|45.22|3
ukraine|yenakijeve|2024-01-01|0.0|0.0|0|76.64|70.46|3
ukraine|ivano-frankivsk|2024-01-01|29.28|19.38|35|73.36|77.83|4
ukraine|kalush|2024-01-01|0.0|0.0|0|60.74|67.05|4
ukraine|kolomyya|2024-01-01|0.0|0.0|0|70.79|75.92|3
ukraine|kosiv|2024-01-01|0.0|0.0|0|54.52|66.15|2
ukraine|nadvirna|2024-01-01|0.0|0.0|0|68.61|71.47|3
ukraine|chuhuiv|2024-01-01|0.0|0.0|0|65.82|74.75|3
ukraine|kharkiv|2024-01-01|34.98|14.88|37|83.82|91.69|3
ukraine|lozova|2024-01-01|0.0|0.0|0|63.87|73.5|16
ukraine|pervomais%27kyi|2024-01-01|0.0|0.0|0|59.42|77.78|4
ukraine|pisochyn|2024-01-01|0.0|0.0|0|82.95|88.35|3
ukraine|solonytsivka|2024-01-01|0.0|0.0|0|76.19|85.77|3
ukraine|kherson|2024-01-01|26.24|13.67|33|56.34|63.9|11
ukraine|kam%27yanets%27-podil%27s%27kyi|2024-01-01|0.0|0.0|0|78.12|84.61|15
ukraine|khmelnytskyi|2024-01-01|23.71|11.78|36|74.73|82.89|4
ukraine|krasyliv|2024-01-01|0.0|0.0|0|49.73|52.29|3
ukraine|netishyn|2024-01-01|0.0|0.0|0|61.24|71.92|10
ukraine|polonne|2024-01-01|0.0|0.0|0|53.72|60.96|11
ukraine|shepetivka|2024-01-01|0.0|0.0|0|75.62|77.74|9
ukraine|slavuta|2024-01-01|0.0|0.0|0|59.41|79.57|10
ukraine|starokostyantyniv|2024-01-01|0.0|0.0|0|59.96|69.67|8
ukraine|kirovohrad|2024-01-01|29.09|16.64|32|62.08|60.56|11
ukraine|oleksandriya|2024-01-01|0.0|0.0|0|51.56|53.82|7
ukraine|svitlovods%27k|2024-01-01|0.0|0.0|0|63.51|60.2|11
ukraine|kiev|2024-01-01|34.79|13.76|25|92.21|93.51|3
ukraine|berezan%27|2024-01-01|0.0|0.0|0|84.41|91.11|3
ukraine|bila-tserkva|2024-01-01|0.0|0.0|0|89.49|92.78|3
ukraine|bilohorodka|2024-01-01|0.0|0.0|0|87.78|90.62|3
ukraine|boryspil%27|2024-01-01|0.0|0.0|0|58.32|61.08|3
ukraine|boyarka|2024-01-01|0.0|0.0|0|84.67|88.35|3
ukraine|brovary|2024-01-01|30.53|10.5|25|80.34|86.0|3
ukraine|bucha|2024-01-01|0.0|0.0|0|93.89|94.36|3
ukraine|fastiv|2024-01-01|0.0|0.0|0|92.32|91.3|3
ukraine|hatne|2024-01-01|0.0|0.0|0|79.51|80.09|3
ukraine|irpin%27|2024-01-01|32.37|11.02|28|92.93|94.06|3
ukraine|kriukivshchyna|2024-01-01|0.0|0.0|0|92.0|94.03|3
ukraine|obukhiv|2024-01-01|0.0|0.0|0|74.97|80.47|3
ukraine|pereyaslav-khmel%27nyts%27kyi|2024-01-01|0.0|0.0|0|79.0|71.59|3
ukraine|petropavlivs%27ka-borshchahivka|2024-01-01|0.0|0.0|0|90.95|94.0|2
ukraine|petrushky|2024-01-01|0.0|0.0|0|67.28|66.11|3
ukraine|sofiivska-borshchahivka|2024-01-01|29.87|11.18|26|89.94|93.18|3
ukraine|ukrainka|2024-01-01|0.0|0.0|0|91.28|93.88|3
ukraine|vasylkiv|2024-01-01|0.0|0.0|0|82.1|75.07|4
ukraine|vyshhorod|2024-01-01|0.0|0.0|0|87.96|91.74|3
ukraine|vyshneve|2024-01-01|0.0|0.0|0|89.88|93.33|3
ukraine|krasnodon|2024-01-01|0.0|0.0|0|48.14|51.6|4
ukraine|luhansk|2024-01-01|0.0|0.0|0|65.78|74.43|3
ukraine|stakhanov|2024-01-01|0.0|0.0|0|24.16|32.2|6
ukraine|starobil%27s%27k|2024-01-01|0.0|0.0|0|25.42|31.03|7
ukraine|sverdlovs%27k|2024-01-01|0.0|0.0|0|20.91|21.35|6
ukraine|boryslav|2024-01-01|0.0|0.0|0|50.65|54.37|5
ukraine|brody|2024-01-01|0.0|0.0|0|59.07|62.71|4
ukraine|chervonohrad|2024-01-01|0.0|0.0|0|53.86|57.28|5
ukraine|drohobych|2024-01-01|0.0|0.0|0|72.54|73.73|3
ukraine|lviv|2024-01-01|27.9|15.38|33|90.4|89.49|3
ukraine|sambir|2024-01-01|0.0|0.0|0|47.75|49.36|5
ukraine|sokilnyky|2024-01-01|0.0|0.0|0|55.55|55.78|3
ukraine|stryi|2024-01-01|0.0|0.0|0|45.75|50.64|2
ukraine|truskavets|2024-01-01|0.0|0.0|0|67.73|67.19|4
ukraine|vynnyky|2024-01-01|0.0|0.0|0|92.47|93.76|3
ukraine|zolochiv|2024-01-01|0.0|0.0|0|91.25|92.5|2
ukraine|zymna-voda|2024-01-01|0.0|0.0|0|68.25|70.47|3
ukraine|sofiyivka|2024-01-01|0.0|0.0|0|92.9|93.72|2
ukraine|mykolaiv|2024-01-01|26.72|13.73|33|59.0|65.42|12
ukraine|pervomais%27k|2024-01-01|0.0|0.0|0|64.68|81.2|4
ukraine|voznesens%27k|2024-01-01|0.0|0.0|0|57.4|59.96|15
ukraine|yuzhnoukrains%27k|2024-01-01|0.0|0.0|0|49.83|52.26|20
ukraine|balta|2024-01-01|0.0|0.0|0|38.98|45.25|10
ukraine|bilhorod-dnistrovs%27kyi|2024-01-01|0.0|0.0|0|71.56|83.15|3
ukraine|chornomorsk|2024-01-01|0.0|0.0|0|76.5|85.42|3
ukraine|izmail|2024-01-01|0.0|0.0|0|64.18|76.26|7
ukraine|kryzhanivka|2024-01-01|0.0|0.0|0|70.43|73.07|3
ukraine|odessa|2024-01-01|28.89|13.75|36|74.29|74.78|3
ukraine|reni|2024-01-01|0.0|0.0|0|49.79|53.82|26
ukraine|hadyach|2024-01-01|0.0|0.0|0|49.28|49.52|2
ukraine|khorol|2024-01-01|0.0|0.0|0|74.78|81.38|13
ukraine|komsomol%27s%27k|2024-01-01|0.0|0.0|0|83.33|64.32|11
ukraine|kremenchuk|2024-01-01|23.23|11.61|43|80.74|80.87|9
ukraine|lubny|2024-01-01|0.0|0.0|0|44.26|46.33|11
ukraine|myrhorod|2024-01-01|0.0|0.0|0|77.65|86.34|10
ukraine|poltava|2024-01-01|28.51|16.56|33|77.23|84.59|3
ukraine|rivne|2024-01-01|26.41|16.43|38|75.49|85.26|6
ukraine|sarny|2024-01-01|0.0|0.0|0|44.94|49.17|12
ukraine|sevastopol|2024-01-01|0.0|0.0|0|79.63|81.61|2
ukraine|konotop|2024-01-01|0.0|0.0|0|46.63|48.68|9
ukraine|lebedyn|2024-01-01|0.0|0.0|0|89.07|87.98|14
ukraine|okhtyrka|2024-01-01|0.0|0.0|0|65.8|75.81|2
ukraine|romny|2024-01-01|0.0|0.0|0|50.88|56.92|10
ukraine|shostka|2024-01-01|0.0|0.0|0|46.61|49.22|19
ukraine|sumy|2024-01-01|28.87|16.51|38|60.16|70.01|6
ukraine|chortkiv|2024-01-01|0.0|0.0|0|59.75|72.2|3
ukraine|ternopil|2024-01-01|31.04|15.67|36|80.76|87.51|4
ukraine|mohyliv-podil%27s%27kyi|2024-01-01|0.0|0.0|0|76.03|78.96|20
ukraine|tul%27chyn|2024-01-01|0.0|0.0|0|60.98|71.71|9
ukraine|vinnytsia|2024-01-01|26.0|10.94|32|73.54|57.25|7
ukraine|kovel%27|2024-01-01|0.0|0.0|0|62.72|64.8|6
ukraine|lutsk|2024-01-01|31.11|18.91|34|90.21|93.37|5
ukraine|novovolynsk|2024-01-01|0.0|0.0|0|68.8|70.66|12
ukraine|volodymyr-volynsky|2024-01-01|0.0|0.0|0|70.75|78.25|3
ukraine|khust|2024-01-01|0.0|0.0|0|29.57|34.49|5
ukraine|mukacheve|2024-01-01|0.0|0.0|0|50.75|50.77|9
ukraine|uzhhorod|2024-01-01|40.8|13.67|39|76.09|79.63|7
ukraine|vynohradiv|2024-01-01|0.0|0.0|0|52.75|54.17|6
ukraine|berdyans%27k|2024-01-01|0.0|0.0|0|46.85|49.37|2
ukraine|enerhodar|2024-01-01|0.0|0.0|0|44.64|48.42|87
ukraine|melitopol%27|2024-01-01|0.0|0.0|0|27.49|30.69|11
ukraine|zaporizhia|2024-01-01|30.67|14.16|36|71.64|75.56|4
ukraine|berdychiv|2024-01-01|0.0|0.0|0|69.54|68.36|9
ukraine|korosten%27|2024-01-01|0.0|0.0|0|56.99|67.51|5
ukraine|korostyshiv|2024-01-01|0.0|0.0|0|88.1|92.58|5
ukraine|malyn|2024-01-01|0.0|0.0|0|94.89|94.57|5
ukraine|novohrad-volyns%27kyi|2024-01-01|0.0|0.0|0|48.76|56.77|10
ukraine|zhytomyr|2024-01-01|24.47|17.35|33|75.81|81.92|5
united-arab-emirates|abu-dhabi|2024-01-01|321.89|26.98|21|293.71|151.02|5
united-arab-emirates|ajman|2024-01-01|458.76|34.02|20|297.62|151.82|4
united-arab-emirates|dubai|2024-01-01|347.18|30.41|18|198.52|94.04|6
united-arab-emirates|fujairah|2024-01-01|316.37|25.86|21|272.92|123.78|5
united-arab-emirates|ras-al-khaimah|2024-01-01|229.72|26.45|22|298.97|160.94|6
united-arab-emirates|sharjah|2024-01-01|330.86|28.58|20|258.53|124.31|5
united-arab-emirates|umm-al-quwain|2024-01-01|0.0|0.0|0|286.96|123.81|7
united-arab-emirates|abu-dhabi|2024-01-01|336.22|27.11|20|291.3|154.29|5
united-arab-emirates|al-ain|2024-01-01|477.41|35.64|20|298.72|146.32|5
united-arab-emirates|al-samha|2024-01-01|0.0|0.0|0|234.78|95.87|7
united-arab-emirates|al-yahar|2024-01-01|0.0|0.0|0|269.03|136.95|6
united-arab-emirates|madinat-zayed|2024-01-01|0.0|0.0|0|263.05|130.92|8
united-arab-emirates|ruwais|2024-01-01|0.0|0.0|0|457.08|210.66|9
united-arab-emirates|ajman|2024-01-01|459.45|34.33|20|298.0|151.87|4
united-arab-emirates|al-awir|2024-01-01|0.0|0.0|0|373.06|189.25|6
united-arab-emirates|dubai|2024-01-01|355.18|30.73|18|196.7|94.0|5
united-arab-emirates|dibba-al-fujairah|2024-01-01|0.0|0.0|0|209.53|94.5|5
united-arab-emirates|fujairah|2024-01-01|0.0|0.0|0|246.07|118.02|4
united-arab-emirates|al-jazirah-al-hamra|2024-01-01|0.0|0.0|0|335.59|190.88|7
united-arab-emirates|al-riffa|2024-01-01|0.0|0.0|0|263.66|116.8|6
united-arab-emirates|ras-al-khaimah|2024-01-01|305.71|28.06|22|301.97|166.97|6
united-arab-emirates|al-dhaid|2024-01-01|0.0|0.0|0|174.02|59.96|9
united-arab-emirates|almadam|2024-01-01|0.0|0.0|0|271.72|117.64|7
united-arab-emirates|sharjah|2024-01-01|362.1|29.87|20|256.03|126.03|4
united-arab-emirates|al-salamah|2024-01-01|0.0|0.0|0|315.27|208.22|7
united-arab-emirates|umm-al-quwain|2024-01-01|0.0|0.0|0|175.18|80.63|5
united-kingdom|england|2024-01-01|55.45|7.59|33|98.07|26.19|12
united-kingdom|northern-ireland|2024-01-01|33.69|6.96|51|124.76|31.06|26
united-kingdom|scotland|2024-01-01|43.64|7.84|42|91.05|25.67|23
united-kingdom|wales|2024-01-01|43.65|6.74|35|72.76|20.57|16
united-states|alabama|2024-01-01|100.38|8.47|30|242.23|33.97|17
united-states|alaska|2024-01-01|51.68|9.24|52|118.29|20.88|11
united-states|arizona|2024-01-01|122.08|8.76|27|226.54|33.65|12
united-states|arkansas|2024-01-01|85.01|9.03|40|187.12|40.14|14
united-states|california|2024-01-01|127.42|10.88|26|239.91|23.23|13
united-states|colorado|2024-01-01|115.93|9.9|29|217.76|23.47|12
united-states|connecticut|2024-01-01|121.49|11.28|30|274.5|39.67|12
united-states|delaware|2024-01-01|110.13|9.98|27|266.25|40.37|12
united-states|district-of-columbia|2024-01-01|160.96|16.59|26|216.78|41.25|10
united-states|florida|2024-01-01|123.87|8.82|29|258.7|24.69|13
united-states|georgia|2024-01-01|116.22|9.32|29|214.7|31.53|12
united-states|hawaii|2024-01-01|79.94|13.85|24|239.72|22.54|12
united-states|idaho|2024-01-01|96.87|8.44|44|160.9|30.73|14
united-states|illinois|2024-01-01|168.98|12.45|25|214.2|23.59|13
united-states|indiana|2024-01-01|132.76|9.82|28|231.03|36.16|17
united-states|iowa|2024-01-01|102.7|11.04|35|191.1|57.2|19
united-states|kansas|2024-01-01|122.2|9.38|32|238.98|57.06|10
united-states|kentucky|2024-01-01|102.25|9.17|39|240.1|26.7|19
united-states|louisiana|2024-01-01|92.87|9.18|32|231.08|25.1|13
united-states|maine|2024-01-01|57.01|7.93|39|236.5|21.06|19
united-states|maryland|2024-01-01|113.38|11.05|28|244.06|52.86|12
united-states|massachusetts|2024-01-01|133.22|15.06|27|245.41|28.44|12
united-states|michigan|2024-01-01|136.08|8.82|29|224.44|22.63|15
united-states|minnesota|2024-01-01|155.83|10.67|27|207.42|23.87|12
united-states|mississippi|2024-01-01|52.34|5.73|40|207.34|52.7|13
united-states|missouri|2024-01-01|127.02|9.31|32|232.82|31.41|11
united-states|montana|2024-01-01|67.1|9.41|65|120.46|12.5|19
united-states|nebraska|2024-01-01|98.78|11.85|28|226.06|46.01|9
united-states|nevada|2024-01-01|154.35|12.5|25|258.88|39.78|11
united-states|new-hampshire|2024-01-01|71.24|9.32|34|253.76|38.9|15
united-states|new-jersey|2024-01-01|148.11|13.49|27|258.08|41.81|11
united-states|new-mexico|2024-01-01|58.28|8.54|41|145.4|17.65|15
united-states|new-york|2024-01-01|133.65|15.15|27|252.85|30.97|11
united-states|north-carolina|2024-01-01|102.17|8.55|31|261.65|23.23|15
united-states|north-dakota|2024-01-01|135.86|13.22|34|236.37|91.81|8
united-states|ohio|2024-01-01|128.85|10.3|31|248.45|22.03|17
united-states|oklahoma|2024-01-01|111.1|10.83|31|213.36|44.35|11
united-states|oregon|2024-01-01|85.92|6.7|29|217.8|23.34|12
united-states|pennsylvania|2024-01-01|124.93|10.88|28|230.82|25.25|14
united-states|rhode-island|2024-01-01|145.64|13.14|28|283.02|68.92|9
united-states|south-carolina|2024-01-01|123.86|9.03|31|250.17|23.83|18
united-states|south-dakota|2024-01-01|105.52|11.92|32|213.1|36.19|10
united-states|tennessee|2024-01-01|130.29|10.19|32|259.0|50.15|13
united-states|texas|2024-01-01|123.67|9.55|28|248.35|36.35|12
united-states|utah|2024-01-01|137.47|11.23|26|234.94|59.89|9
united-states|vermont|2024-01-01|55.58|5.0|40|159.33|23.54|17
united-states|virginia|2024-01-01|93.6|9.92|31|237.58|45.44|11
united-states|washington|2024-01-01|120.74|9.39|27|206.43|22.74|13
united-states|west-virginia|2024-01-01|70.86|8.71|44|204.62|23.33|13
united-states|wisconsin|2024-01-01|98.68|8.7|32|233.89|19.45|16
united-states|wyoming|2024-01-01|58.78|7.86|53|124.03|20.73|14
uruguay|canelones|2024-01-01|47.5|11.22|25|149.76|32.96|5
uruguay|colonia|2024-01-01|0.0|0.0|0|65.58|31.7|10
uruguay|florida|2024-01-01|0.0|0.0|0|166.83|32.77|7
uruguay|lavalleja|2024-01-01|0.0|0.0|0|86.87|31.95|10
uruguay|maldonado|2024-01-01|0.0|0.0|0|89.59|31.97|8
uruguay|montevideo-department|2024-01-01|121.66|20.2|19|167.56|32.92|4
uruguay|paysandu|2024-01-01|0.0|0.0|0|147.27|33.02|10
uruguay|san-jose|2024-01-01|0.0|0.0|0|171.84|32.05|6
uruguay|ciudad-de-la-costa|2024-01-01|0.0|0.0|0|163.84|33.55|4
uruguay|maldonado|2024-01-01|0.0|0.0|0|93.9|32.24|8
uruguay|punta-del-este|2024-01-01|0.0|0.0|0|74.16|32.55|8
uruguay|montevideo|2024-01-01|121.19|20.23|19|167.53|32.91|4
uzbekistan|andijan-region|2024-01-01|18.04|6.25|25|41.31|43.26|11
uzbekistan|bukhara-province|2024-01-01|28.16|11.29|28|47.52|44.45|18
uzbekistan|ferghana-province|2024-01-01|18.33|5.23|26|44.0|42.14|10
uzbekistan|jizzakh-province|2024-01-01|0.0|0.0|0|51.82|47.22|15
uzbekistan|kashkadarya-province|2024-01-01|22.72|11.03|30|39.72|33.24|16
uzbekistan|khorezm-province|2024-01-01|0.0|0.0|0|32.91|31.14|22
uzbekistan|namangan-province|2024-01-01|24.51|11.02|24|38.85|40.11|12
uzbekistan|navoiy-province|2024-01-01|0.0|0.0|0|42.47|37.47|22
uzbekistan|republic-of-karakalpakstan|2024-01-01|0.0|0.0|0|28.56|24.24|26
uzbekistan|samarkand-province|2024-01-01|32.84|12.85|26|48.33|47.11|17
uzbekistan|sirdarya-province|2024-01-01|0.0|0.0|0|48.3|49.68|18
uzbekistan|surxondaryo-region|2024-01-01|0.0|0.0|0|42.65|33.82|21
uzbekistan|tashkent-province|2024-01-01|25.21|9.71|19|75.98|67.19|7
uzbekistan|andijan|2024-01-01|0.0|0.0|0|42.98|47.02|10
uzbekistan|bukhara|2024-01-01|0.0|0.0|0|48.82|45.9|18
uzbekistan|fergana|2024-01-01|0.0|0.0|0|45.15|41.22|8
uzbekistan|kokand|2024-01-01|0.0|0.0|0|51.73|50.07|10
uzbekistan|navoi|2024-01-01|0.0|0.0|0|48.43|38.42|16
uzbekistan|samarkand|2024-01-01|38.46|14.07|25|48.13|47.46|17
venezuela|anzoategui|2024-01-01|12.37|7.83|37|43.1|36.85|14
venezuela|apure|2024-01-01|0.0|0.0|0|28.27|21.75|46
venezuela|aragua|2024-01-01|8.56|5.53|32|44.91|43.02|7
venezuela|barinas|2024-01-01|0.0|0.0|0|55.26|54.02|8
venezuela|bolivar|2024-01-01|8.53|5.28|49|26.67|27.05|26
venezuela|capital-district|2024-01-01|15.88|8.64|27|29.83|21.3|19
venezuela|carabobo|2024-01-01|10.62|5.65|32|40.33|38.94|10
venezuela|cojedes|2024-01-01|0.0|0.0|0|24.6|27.12|11
venezuela|falcon|2024-01-01|0.0|0.0|0|65.79|55.24|7
venezuela|guarico|2024-01-01|0.0|0.0|0|26.22|27.82|15
venezuela|lara|2024-01-01|8.81|4.77|35|46.47|45.58|6
venezuela|miranda|2024-01-01|5.46|4.55|32|34.17|30.96|8
venezuela|monagas|2024-01-01|0.0|0.0|0|34.89|36.6|10
venezuela|merida|2024-01-01|0.0|0.0|0|26.0|23.86|12
venezuela|nueva-esparta|2024-01-01|0.0|0.0|0|50.6|49.65|4
venezuela|portuguesa|2024-01-01|0.0|0.0|0|48.62|49.68|4
venezuela|sucre|2024-01-01|0.0|0.0|0|33.33|34.9|19
venezuela|trujillo|2024-01-01|0.0|0.0|0|19.3|17.75|18
venezuela|tachira|2024-01-01|11.3|4.82|71|22.22|14.22|9
venezuela|vargas|2024-01-01|0.0|0.0|0|70.74|72.25|4
venezuela|yaracuy|2024-01-01|0.0|0.0|0|30.47|32.77|12
venezuela|zulia|2024-01-01|17.75|7.47|45|75.56|85.92|4
venezuela|anaco|2024-01-01|0.0|0.0|0|52.05|53.96|7
venezuela|barcelona|2024-01-01|0.0|0.0|0|44.25|40.09|11
venezuela|el-tigre|2024-01-01|0.0|0.0|0|42.38|47.01|17
venezuela|lecheria|2024-01-01|0.0|0.0|0|47.88|30.51|6
venezuela|puerto-la-cruz|2024-01-01|0.0|0.0|0|37.72|21.65|12
venezuela|san-jose-de-guanipa|2024-01-01|0.0|0.0|0|41.66|42.21|18
venezuela|san-fernando-de-apure|2024-01-01|0.0|0.0|0|66.69|70.77|6
venezuela|cagua|2024-01-01|0.0|0.0|0|61.27|56.66|3
venezuela|la-victoria|2024-01-01|0.0|0.0|0|53.55|45.1|7
venezuela|maracay|2024-01-01|12.91|7.18|30|45.44|39.76|7
venezuela|palo-negro|2024-01-01|0.0|0.0|0|33.99|39.72|8
venezuela|turmero|2024-01-01|0.0|0.0|0|44.83|48.52|4
venezuela|barinas|2024-01-01|0.0|0.0|0|71.52|73.48|5
venezuela|ciudad-bolivar|2024-01-01|0.0|0.0|0|40.98|40.81|19
venezuela|guayana-city|2024-01-01|0.0|0.0|0|25.38|26.87|29
venezuela|caracas|2024-01-01|15.85|8.64|27|29.88|21.4|19
venezuela|bejuma|2024-01-01|0.0|0.0|0|19.8|22.22|14
venezuela|el-limon|2024-01-01|0.0|0.0|0|58.09|65.68|4
venezuela|guacara|2024-01-01|0.0|0.0|0|37.06|37.68|8
venezuela|los-guayos|2024-01-01|0.0|0.0|0|33.59|31.47|8
venezuela|naguanagua|2024-01-01|0.0|0.0|0|46.53|42.76|8
venezuela|puerto-cabello|2024-01-01|0.0|0.0|0|31.31|35.44|11
venezuela|san-diego|2024-01-01|0.0|0.0|0|63.79|56.3|5
venezuela|san-joaquin|2024-01-01|0.0|0.0|0|30.1|27.16|9
venezuela|santa-rita|2024-01-01|0.0|0.0|0|47.77|46.18|5
venezuela|tocuyito|2024-01-01|0.0|0.0|0|45.25|48.61|9
venezuela|valencia|2024-01-01|11.37|5.74|31|34.0|29.19|10
venezuela|san-carlos|2024-01-01|0.0|0.0|0|26.51|27.01|12
venezuela|tinaquillo|2024-01-01|0.0|0.0|0|26.08|29.16|9
venezuela|coro|2024-01-01|0.0|0.0|0|54.25|50.59|9
venezuela|punta-cardon|2024-01-01|0.0|0.0|0|65.54|67.36|4
venezuela|punto-fijo|2024-01-01|0.0|0.0|0|67.27|68.0|4
venezuela|san-juan-de-los-morros|2024-01-01|0.0|0.0|0|24.87|36.98|12
venezuela|barquisimeto|2024-01-01|10.68|6.35|35|40.57|39.32|5
venezuela|cabudare|2024-01-01|0.0|0.0|0|53.6|49.65|4
venezuela|carora|2024-01-01|0.0|0.0|0|35.78|37.95|16
venezuela|el-manzano|2024-01-01|0.0|0.0|0|82.98|86.51|3
venezuela|carrizal-municipality|2024-01-01|0.0|0.0|0|65.05|55.74|4
venezuela|charallave|2024-01-01|0.0|0.0|0|45.48|44.79|7
venezuela|cua|2024-01-01|0.0|0.0|0|42.38|35.13|12
venezuela|guarenas|2024-01-01|0.0|0.0|0|52.5|47.3|5
venezuela|guatire|2024-01-01|0.0|0.0|0|36.33|29.74|8
venezuela|los-teques|2024-01-01|0.0|0.0|0|59.08|63.48|4
venezuela|san-antonio-de-los-altos|2024-01-01|0.0|0.0|0|48.18|47.89|5
venezuela|santa-lucia|2024-01-01|0.0|0.0|0|5.67|0.8|39
venezuela|santa-teresa-del-tuy|2024-01-01|0.0|0.0|0|10.86|13.38|32
venezuela|maturin|2024-01-01|0.0|0.0|0|38.1|40.45|9
venezuela|merida|2024-01-01|0.0|0.0|0|28.56|26.06|11
venezuela|la-asuncion|2024-01-01|0.0|0.0|0|55.45|51.98|4
venezuela|pampatar|2024-01-01|0.0|0.0|0|53.85|47.58|4
venezuela|porlamar|2024-01-01|0.0|0.0|0|56.12|53.11|5
venezuela|acarigua|2024-01-01|0.0|0.0|0|62.73|66.52|3
venezuela|araure|2024-01-01|0.0|0.0|0|54.6|56.41|4
venezuela|guanare|2024-01-01|0.0|0.0|0|68.68|71.41|2
venezuela|carupano|2024-01-01|0.0|0.0|0|5.64|0.8|94
venezuela|cumana|2024-01-01|0.0|0.0|0|44.42|48.59|18
venezuela|valera|2024-01-01|0.0|0.0|0|37.58|36.49|12
venezuela|san-cristobal|2024-01-01|0.0|0.0|0|23.91|14.4|7
venezuela|tariba|2024-01-01|0.0|0.0|0|22.48|13.48|6
venezuela|caraballeda|2024-01-01|0.0|0.0|0|79.41|82.72|4
venezuela|catia-la-mar|2024-01-01|0.0|0.0|0|85.63|89.3|3
venezuela|la-guaira|2024-01-01|0.0|0.0|0|85.29|91.26|3
venezuela|macuto|2024-01-01|0.0|0.0|0|55.23|57.05|4
venezuela|maiquetia|2024-01-01|0.0|0.0|0|62.34|67.66|4
venezuela|san-felipe|2024-01-01|0.0|0.0|0|39.18|43.45|7
venezuela|cabimas|2024-01-01|0.0|0.0|0|77.23|80.76|3
venezuela|ciudad-ojeda|2024-01-01|0.0|0.0|0|80.7|85.6|5
venezuela|los-puertos-de-altagracia|2024-01-01|0.0|0.0|0|88.78|93.48|4
venezuela|maracaibo|2024-01-01|18.63|8.12|42|75.94|87.64|4
vietnam|ba-ria-vung-tau|2024-01-01|54.58|24.55|21|92.42|90.37|5
vietnam|bac-giang|2024-01-01|42.14|12.91|27|83.94|83.76|6
vietnam|bac-lieu|2024-01-01|61.04|28.24|23|140.02|126.73|8
vietnam|bac-ninh|2024-01-01|49.08|16.56|26|114.43|102.16|5
vietnam|ben-tre|2024-01-01|52.82|23.28|27|94.32|92.78|6
vietnam|binh-dinh|2024-01-01|52.84|20.35|27|92.27|89.39|8
vietnam|binh-duong|2024-01-01|43.37|19.49|19|114.23|96.7|4
vietnam|binh-phuoc|2024-01-01|50.54|21.3|23|122.81|99.0|5
vietnam|binh-thuan|2024-01-01|51.45|23.29|27|87.51|84.75|11
vietnam|bac-kan|2024-01-01|0.0|0.0|0|80.47|77.14|6
vietnam|ca-mau|2024-01-01|57.83|25.05|25|92.83|92.45|8
vietnam|can-tho|2024-01-01|54.15|27.68|22|116.64|97.26|6
vietnam|cao-bang|2024-01-01|47.9|20.68|27|134.3|85.28|8
vietnam|da-nang|2024-01-01|59.16|27.25|22|107.37|100.94|0
vietnam|dak-nong|2024-01-01|50.34|21.87|31|79.38|81.47|14
vietnam|dien-bien|2024-01-01|0.0|0.0|0|84.58|83.62|9
vietnam|dong-nai|2024-01-01|50.38|21.38|19|95.93|94.35|5
vietnam|gia-lai|2024-01-01|57.4|26.28|26|92.56|87.03|9
vietnam|an-giang|2024-01-01|54.46|25.38|23|110.27|99.69|6
vietnam|ha-giang|2024-01-01|0.0|0.0|0|381.44|192.45|7
vietnam|ha-tinh|2024-01-01|50.99|24.27|28|66.59|67.46|9
vietnam|hai-duong|2024-01-01|36.39|14.46|24|90.56|91.1|5
vietnam|haiphong|2024-01-01|39.75|15.09|21|90.82|88.46|4
vietnam|hanoi|2024-01-01|41.09|14.77|21|94.13|94.19|4
vietnam|hau-giang|2024-01-01|0.0|0.0|0|135.8|132.61|7
vietnam|ho-chi-minh|2024-01-01|50.24|22.62|18|138.43|119.88|3
vietnam|hoa-binh|2024-01-01|46.63|17.2|23|72.71|73.33|6
vietnam|hung-yen|2024-01-01|39.45|12.45|24|94.02|91.43|4
vietnam|ha-nam|2024-01-01|57.14|21.77|22|83.12|85.35|4
vietnam|khanh-hoa|2024-01-01|51.75|22.58|29|88.4|89.5|11
vietnam|kien-giang|2024-01-01|56.36|22.5|26|82.4|79.85|9
vietnam|kon-tum|2024-01-01|0.0|0.0|0|91.15|86.34|8
vietnam|lai-chau|2024-01-01|0.0|0.0|0|82.39|79.73|9
vietnam|lang-son|2024-01-01|48.18|15.1|27|84.09|82.19|7
vietnam|lao-cai|2024-01-01|46.04|19.61|27|83.8|84.38|8
vietnam|long-an-province|2024-01-01|51.39|21.02|20|93.85|93.88|5
vietnam|lam-djong|2024-01-01|53.64|23.4|27|93.23|92.84|10
vietnam|nam-dinh|2024-01-01|46.26|21.47|25|80.52|79.6|6
vietnam|nghe-an|2024-01-01|52.02|23.23|25|80.5|76.44|8
vietnam|ninh-binh|2024-01-01|45.5|22.52|24|148.23|160.52|3
vietnam|ninh-thuan|2024-01-01|0.0|0.0|0|104.42|97.92|10
vietnam|phu-tho|2024-01-01|51.85|17.74|25|93.38|93.06|5
vietnam|phu-yen|2024-01-01|53.44|22.94|29|85.19|85.37|9
vietnam|quang-binh|2024-01-01|59.77|22.98|29|77.52|70.14|8
vietnam|quang-nam|2024-01-01|57.97|24.09|26|87.28|86.26|5
vietnam|quang-ngai|2024-01-01|50.41|22.21|27|89.0|84.2|7
vietnam|quang-ninh|2024-01-01|45.32|18.29|23|86.7|83.22|7
vietnam|quang-tri|2024-01-01|74.0|30.12|25|86.64|80.44|6
vietnam|soc-trang|2024-01-01|62.26|26.77|25|98.0|94.63|7
vietnam|son-la|2024-01-01|43.64|18.25|25|79.6|77.84|8
vietnam|thai-binh|2024-01-01|47.96|16.74|22|107.18|104.06|0
vietnam|thai-nguyen|2024-01-01|38.65|16.93|25|87.48|85.74|5
vietnam|thanh-hoa|2024-01-01|49.79|22.84|24|80.49|78.82|7
vietnam|thua-thien-hue|2024-01-01|49.36|23.78|25|88.28|84.15|5
vietnam|tien-giang|2024-01-01|59.47|24.11|23|91.24|88.91|5
vietnam|tra-vinh|2024-01-01|44.14|20.65|21|94.34|93.31|6
vietnam|tuyen-quang|2024-01-01|55.61|23.73|23|101.94|94.26|6
vietnam|tay-ninh|2024-01-01|53.26|23.28|22|119.76|103.33|6
vietnam|vinh-long|2024-01-01|51.27|25.98|23|110.77|97.19|5
vietnam|vinh-phuc|2024-01-01|41.87|14.71|27|92.68|84.56|5
vietnam|yen-bai|2024-01-01|44.25|17.7|27|82.61|82.63|6
vietnam|djak-lak|2024-01-01|60.39|22.6|32|91.44|87.76|12
vietnam|djong-thap-province|2024-01-01|53.19|23.68|25|103.33|94.78|7
vietnam|tp.-ba-ria|2024-01-01|0.0|0.0|0|91.75|88.52|5
vietnam|tp.-vung-tau|2024-01-01|53.63|23.8|21|93.03|92.79|5
vietnam|tp.-bac-giang|2024-01-01|0.0|0.0|0|81.56|79.87|6
vietnam|tp.-bac-lieu|2024-01-01|0.0|0.0|0|92.9|92.78|7
vietnam|tp.-bac-ninh|2024-01-01|55.36|18.72|23|87.28|90.76|5
vietnam|tx.-tu-son|2024-01-01|0.0|0.0|0|83.99|88.75|4
vietnam|tp.-ben-tre|2024-01-01|0.0|0.0|0|94.7|92.98|6
vietnam|tp.-quy-nhon|2024-01-01|54.49|23.43|26|94.82|90.28|8
vietnam|tx.-an-nhon|2024-01-01|0.0|0.0|0|88.76|85.0|8
vietnam|di-an|2024-01-01|32.49|16.41|19|93.89|93.66|4
vietnam|tp.-thu-dau-mot|2024-01-01|50.8|20.79|19|108.71|94.84|4
vietnam|tx.-ben-cat|2024-01-01|49.71|22.31|18|93.29|93.54|4
vietnam|tx.-thuan-an|2024-01-01|42.55|19.98|19|136.46|118.46|4
vietnam|tx.-tan-uyen|2024-01-01|37.94|19.57|19|129.59|104.56|4
vietnam|tx.-djong-xoai|2024-01-01|0.0|0.0|0|124.97|105.05|5
vietnam|phan-thiet|2024-01-01|54.11|23.88|27|83.48|76.71|9
vietnam|tp.-bac-kan|2024-01-01|0.0|0.0|0|78.34|72.37|6
vietnam|tp.-ca-mau|2024-01-01|0.0|0.0|0|91.26|92.1|8
vietnam|can-tho|2024-01-01|51.99|27.61|22|112.6|94.9|6
vietnam|tp.-cao-bang|2024-01-01|0.0|0.0|0|81.74|74.26|7
vietnam|da-nang|2024-01-01|51.84|25.25|22|107.39|100.94|0
vietnam|tx.-gia-nghia|2024-01-01|0.0|0.0|0|77.47|80.52|14
vietnam|tp.-djien-bien-phu|2024-01-01|0.0|0.0|0|74.97|70.02|9
vietnam|bien-hoa|2024-01-01|49.65|21.83|19|94.04|93.68|5
vietnam|long-khanh|2024-01-01|0.0|0.0|0|92.7|92.61|5
vietnam|tp.-pleiku|2024-01-01|0.0|0.0|0|92.02|85.61|9
vietnam|tp.-chau-djoc|2024-01-01|0.0|0.0|0|106.38|110.32|7
vietnam|tp.-long-xuyen|2024-01-01|0.0|0.0|0|94.86|91.7|6
vietnam|tp.-ha-giang|2024-01-01|0.0|0.0|0|91.01|88.71|8
vietnam|tp.-ha-tinh|2024-01-01|0.0|0.0|0|67.26|69.82|9
vietnam|tp.-hai-duong|2024-01-01|29.99|13.91|26|84.5|79.83|5
vietnam|tx.-chi-linh|2024-01-01|0.0|0.0|0|73.58|69.56|6
vietnam|hai-phong|2024-01-01|41.07|16.73|20|88.87|84.14|4
vietnam|hanoi|2024-01-01|44.63|17.56|20|91.58|92.58|5
vietnam|tx.-son-tay|2024-01-01|0.0|0.0|0|81.84|80.84|4
vietnam|tp.-vi-thanh|2024-01-01|0.0|0.0|0|84.35|85.91|7
vietnam|ho-chi-minh-city|2024-01-01|50.2|22.6|18|138.44|119.92|3
vietnam|tp.-hoa-binh|2024-01-01|0.0|0.0|0|79.63|77.21|5
vietnam|tp.-hung-yen|2024-01-01|0.0|0.0|0|72.78|75.41|6
vietnam|tp.-phu-ly|2024-01-01|0.0|0.0|0|84.89|85.3|4
vietnam|cam-ranh|2024-01-01|0.0|0.0|0|87.09|87.86|11
vietnam|natural-heritage-area-trang|2024-01-01|46.57|21.96|29|87.34|88.89|11
vietnam|ninh-hoa|2024-01-01|0.0|0.0|0|90.2|86.4|10
vietnam|phu-quoc|2024-01-01|56.52|19.4|28|50.18|47.91|11
vietnam|tp.-rach-gia|2024-01-01|0.0|0.0|0|92.78|92.82|7
vietnam|tp.-kon-tum|2024-01-01|0.0|0.0|0|92.5|86.4|8
vietnam|tp.-lang-son|2024-01-01|0.0|0.0|0|86.72|83.3|7
vietnam|tp.-lao-cai|2024-01-01|0.0|0.0|0|88.26|87.82|8
vietnam|tan-an|2024-01-01|0.0|0.0|0|92.95|90.13|5
vietnam|tp.-bao-loc|2024-01-01|0.0|0.0|0|114.5|94.96|10
vietnam|tp.-dja-lat|2024-01-01|47.46|22.82|28|92.08|88.86|10
vietnam|tp.-nam-djinh|2024-01-01|0.0|0.0|0|76.18|72.76|6
vietnam|tp.-vinh|2024-01-01|48.41|24.25|20|78.07|70.64|8
vietnam|tp.-ninh-binh|2024-01-01|0.0|0.0|0|151.82|160.99|3
vietnam|tp.-phan-rang-thap-cham|2024-01-01|0.0|0.0|0|144.96|136.94|11
vietnam|tp.-viet-tri|2024-01-01|0.0|0.0|0|70.49|67.37|6
vietnam|tx.-phu-tho|2024-01-01|0.0|0.0|0|88.68|90.72|5
vietnam|tp.-tuy-hoa|2024-01-01|0.0|0.0|0|89.09|87.0|9
vietnam|tp.-djong-hoi|2024-01-01|0.0|0.0|0|79.66|70.98|8
vietnam|tp.-hoi-an|2024-01-01|0.0|0.0|0|65.54|63.83|5
vietnam|tp.-tam-ky|2024-01-01|0.0|0.0|0|85.26|84.13|6
vietnam|tp.-quang-ngai|2024-01-01|0.0|0.0|0|90.5|85.01|7
vietnam|tp.-cam-pha|2024-01-01|0.0|0.0|0|82.94|79.16|7
vietnam|tp.-ha-long|2024-01-01|43.32|19.63|22|80.41|77.1|7
vietnam|tp.-mong-cai|2024-01-01|0.0|0.0|0|91.32|81.23|8
vietnam|tp.-uong-bi|2024-01-01|0.0|0.0|0|78.41|75.52|7
vietnam|tx.-quang-yen|2024-01-01|0.0|0.0|0|71.25|76.74|7
vietnam|tp.-djong-ha|2024-01-01|0.0|0.0|0|80.78|76.75|6
vietnam|tp.-soc-trang|2024-01-01|0.0|0.0|0|122.6|115.17|7
vietnam|tp.-son-la|2024-01-01|0.0|0.0|0|66.1|59.8|8
vietnam|tp.-thai-binh|2024-01-01|0.0|0.0|0|81.4|84.03|6
vietnam|tp.-song-cong|2024-01-01|0.0|0.0|0|90.38|86.39|5
vietnam|tp.-thai-nguyen|2024-01-01|34.77|17.77|24|90.08|88.96|5
vietnam|tp.-thanh-hoa|2024-01-01|50.71|25.9|24|73.79|72.12|7
vietnam|tp.-hue|2024-01-01|45.25|24.46|26|89.03|85.25|5
vietnam|tx.-huong-thuy|2024-01-01|0.0|0.0|0|92.07|85.4|5
vietnam|tx.-huong-tra|2024-01-01|0.0|0.0|0|84.62|80.86|5
vietnam|tp.-my-tho|2024-01-01|0.0|0.0|0|92.52|90.77|4
vietnam|tp.-tra-vinh|2024-01-01|0.0|0.0|0|88.64|85.72|6
vietnam|tp.-tuyen-quang|2024-01-01|0.0|0.0|0|83.57|81.5|6
vietnam|tay-ninh|2024-01-01|0.0|0.0|0|110.18|95.27|6
vietnam|tp.-vinh-long|2024-01-01|0.0|0.0|0|96.04|94.0|6
vietnam|tp.-vinh-yen|2024-01-01|0.0|0.0|0|82.19|83.59|5
vietnam|tx.-phuc-yen|2024-01-01|0.0|0.0|0|73.33|73.2|5
vietnam|tp.-yen-bai|2024-01-01|0.0|0.0|0|69.23|67.48|6
vietnam|buon-ma-thuot|2024-01-01|63.19|25.56|33|97.19|93.53|12
vietnam|tx.-buon-ho|2024-01-01|0.0|0.0|0|85.92|85.44|12
vietnam|tp.-cao-lanh|2024-01-01|0.0|0.0|0|87.6|85.22|6
vietnam|tp.-sa-djec|2024-01-01|0.0|0.0|0|126.28|122.58|6
western-sahara|laayoune-boujdour-sakia-el-hamra|2024-01-01|0.0|0.0|0|19.17|18.2|32
western-sahara|oued-ed-dahab-lagouira|2024-01-01|0.0|0.0|0|21.53|23.23|40
western-sahara|el-aaiun|2024-01-01|0.0|0.0|0|19.55|19.41|31
western-sahara|dakhla|2024-01-01|0.0|0.0|0|21.53|23.23|40
yemen|aden|2024-01-01|0.0|0.0|0|5.58|0.98|47
yemen|amanat-al-asimah|2024-01-01|16.9|12.2|17|6.04|1.17|32
yemen|dhamar|2024-01-01|0.0|0.0|0|6.07|0.83|39
yemen|hadramaut|2024-01-01|3.83|6.08|45|5.87|1.54|155
yemen|ibb|2024-01-01|6.83|5.21|22|6.17|1.85|32
yemen|lahij|2024-01-01|0.0|0.0|0|19.5|7.01|21
yemen|sana%27a|2024-01-01|0.0|0.0|0|7.94|2.65|29
yemen|ta%27izz|2024-01-01|0.0|0.0|0|5.26|0.91|40
yemen|aden|2024-01-01|0.0|0.0|0|5.34|0.93|45
yemen|shaykh-uthman|2024-01-01|0.0|0.0|0|5.92|2.45|46
yemen|sana%27a|2024-01-01|16.88|12.1|17|6.04|1.17|32
yemen|dhamar|2024-01-01|0.0|0.0|0|4.97|0.72|42
yemen|al-mukalla|2024-01-01|0.0|0.0|0|5.01|0.79|60
yemen|ibb|2024-01-01|0.0|0.0|0|6.39|2.93|30
yemen|taizz|2024-01-01|0.0|0.0|0|5.08|0.89|39
zambia|lusaka|2024-01-01|21.5|7.51|53|19.91|6.22|326
zambia|lusaka|2024-01-01|22.53|7.66|53|19.88|6.21|325
zimbabwe|harare|2024-01-01|39.26|14.99|23|11.54|7.55|21
zimbabwe|mashonaland-east|2024-01-01|0.0|0.0|0|18.03|13.2|15
zimbabwe|mashonaland-west|2024-01-01|0.0|0.0|0|31.37|16.71|8
zimbabwe|harare|2024-01-01|41.08|15.25|22|11.4|7.38|21
