united-kingdom|england-abbots-langley|2023-10-01|0.0|0.0|0|147.07|29.36|11
united-kingdom|england-abingdon|2023-10-01|0.0|0.0|0|89.7|26.15|12
united-kingdom|england-abram|2023-10-01|0.0|0.0|0|136.63|26.3|13
united-kingdom|england-accrington|2023-10-01|0.0|0.0|0|78.9|22.09|16
united-kingdom|england-addlestone|2023-10-01|0.0|0.0|0|133.25|26.19|11
united-kingdom|england-adlington|2023-10-01|0.0|0.0|0|56.93|18.61|15
united-kingdom|england-aldbourne|2023-10-01|0.0|0.0|0|54.07|18.26|10
united-kingdom|england-alderley-edge|2023-10-01|0.0|0.0|0|67.61|18.47|16
united-kingdom|england-aldershot|2023-10-01|0.0|0.0|0|124.42|26.29|10
united-kingdom|england-all-cannings|2023-10-01|0.0|0.0|0|55.49|17.5|11
united-kingdom|england-allerton|2023-10-01|0.0|0.0|0|187.96|39.6|11
united-kingdom|england-allerton-bywater|2023-10-01|0.0|0.0|0|102.45|29.31|10
united-kingdom|england-allesley|2023-10-01|0.0|0.0|0|68.86|22.85|12
united-kingdom|england-alsager|2023-10-01|0.0|0.0|0|75.54|21.1|16
united-kingdom|england-alton|2023-10-01|0.0|0.0|0|75.49|27.87|7
united-kingdom|england-altrincham|2023-10-01|0.0|0.0|0|81.94|22.12|14
united-kingdom|england-alvechurch|2023-10-01|0.0|0.0|0|52.89|17.72|15
united-kingdom|england-amersham|2023-10-01|0.0|0.0|0|73.12|20.93|11
united-kingdom|england-amesbury|2023-10-01|0.0|0.0|0|133.54|26.07|16
united-kingdom|england-andover|2023-10-01|0.0|0.0|0|91.8|24.52|15
united-kingdom|england-angmering|2023-10-01|0.0|0.0|0|49.16|17.9|10
united-kingdom|england-appleton|2023-10-01|0.0|0.0|0|75.97|20.8|15
united-kingdom|england-appley-bridge|2023-10-01|0.0|0.0|0|54.25|17.06|18
united-kingdom|england-armthorpe|2023-10-01|0.0|0.0|0|97.16|25.85|15
united-kingdom|england-arnold|2023-10-01|0.0|0.0|0|109.84|25.8|19
united-kingdom|england-ascot|2023-10-01|0.0|0.0|0|70.56|18.54|8
united-kingdom|england-ash|2023-10-01|0.0|0.0|0|97.27|22.34|12
united-kingdom|england-ashby-de-la-zouch|2023-10-01|0.0|0.0|0|119.79|26.19|20
united-kingdom|england-ashford|2023-10-01|0.0|0.0|0|147.65|30.88|9
united-kingdom|england-ashford|2023-10-01|0.0|0.0|0|147.65|30.88|9
united-kingdom|england-ashington|2023-10-01|0.0|0.0|0|59.11|18.25|14
united-kingdom|england-ashtead|2023-10-01|0.0|0.0|0|71.02|18.73|12
united-kingdom|england-ashton-in-makerfield|2023-10-01|0.0|0.0|0|72.83|20.55|17
united-kingdom|england-ashton-under-lyne|2023-10-01|93.25|8.73|32|61.58|18.42|16
united-kingdom|england-aston|2023-10-01|0.0|0.0|0|58.81|18.43|14
united-kingdom|england-aston-tirrold|2023-10-01|0.0|0.0|0|62.57|18.4|9
united-kingdom|england-atherton|2023-10-01|0.0|0.0|0|89.44|22.58|15
united-kingdom|england-attleborough|2023-10-01|0.0|0.0|0|73.77|21.93|10
united-kingdom|england-audenshaw|2023-10-01|0.0|0.0|0|116.36|25.69|13
united-kingdom|england-aughton|2023-10-01|0.0|0.0|0|72.97|28.04|17
united-kingdom|england-aveley|2023-10-01|0.0|0.0|0|129.96|29.38|7
united-kingdom|england-aylesbury|2023-10-01|55.55|7.55|28|127.93|26.4|11
united-kingdom|england-bacup|2023-10-01|0.0|0.0|0|57.08|18.23|16
united-kingdom|england-baildon|2023-10-01|0.0|0.0|0|93.84|26.98|11
united-kingdom|england-bamber-bridge|2023-10-01|0.0|0.0|0|127.8|28.01|13
united-kingdom|england-banbury|2023-10-01|0.0|0.0|0|73.67|24.56|10
united-kingdom|england-banstead|2023-10-01|0.0|0.0|0|97.83|26.22|8
united-kingdom|england-barking|2023-10-01|68.5|9.37|26|95.66|26.17|6
united-kingdom|england-barnet|2023-10-01|0.0|0.0|0|59.3|17.43|9
united-kingdom|england-barnsley|2023-10-01|50.24|7.79|36|121.62|26.16|12
united-kingdom|england-barnstaple|2023-10-01|0.0|0.0|0|66.24|19.35|14
united-kingdom|england-barnwood|2023-10-01|0.0|0.0|0|114.22|25.56|15
united-kingdom|england-barrow-in-furness|2023-10-01|0.0|0.0|0|72.89|21.01|13
united-kingdom|england-barrowford|2023-10-01|0.0|0.0|0|70.61|19.51|12
united-kingdom|england-barton-seagrave|2023-10-01|0.0|0.0|0|135.92|26.42|14
united-kingdom|england-barton-upon-humber|2023-10-01|0.0|0.0|0|91.28|44.86|15
united-kingdom|england-barwell|2023-10-01|0.0|0.0|0|71.49|19.17|20
united-kingdom|england-basildon|2023-10-01|68.86|8.11|28|148.57|27.86|11
united-kingdom|england-basingstoke|2023-10-01|52.84|6.56|29|101.01|25.89|10
united-kingdom|england-bath|2023-10-01|67.96|7.65|33|80.12|22.36|13
united-kingdom|england-bathampton|2023-10-01|0.0|0.0|0|59.97|18.13|13
united-kingdom|england-batley|2023-10-01|0.0|0.0|0|113.42|25.37|12
united-kingdom|england-beaconsfield|2023-10-01|0.0|0.0|0|90.68|61.26|7
united-kingdom|england-bearsted|2023-10-01|0.0|0.0|0|61.22|17.81|10
united-kingdom|england-bebington|2023-10-01|0.0|0.0|0|108.84|27.78|16
united-kingdom|england-beckenham|2023-10-01|0.0|0.0|0|86.16|20.87|10
united-kingdom|england-bedford|2023-10-01|49.69|7.72|30|105.99|26.15|12
united-kingdom|england-bedlington|2023-10-01|0.0|0.0|0|80.5|20.98|22
united-kingdom|england-bedworth|2023-10-01|0.0|0.0|0|110.04|25.11|17
united-kingdom|england-beeston|2023-10-01|0.0|0.0|0|140.9|26.1|19
united-kingdom|england-belper|2023-10-01|0.0|0.0|0|52.35|15.8|15
united-kingdom|england-belvedere|2023-10-01|0.0|0.0|0|75.57|22.82|7
united-kingdom|england-berkhamsted|2023-10-01|0.0|0.0|0|63.97|17.82|11
united-kingdom|england-bexhill|2023-10-01|0.0|0.0|0|68.78|19.33|8
united-kingdom|england-bexley|2023-10-01|0.0|0.0|0|147.79|28.49|11
united-kingdom|england-bexleyheath|2023-10-01|0.0|0.0|0|148.41|27.64|11
united-kingdom|england-bicester|2023-10-01|0.0|0.0|0|93.45|26.62|11
united-kingdom|england-bickershaw|2023-10-01|0.0|0.0|0|195.21|36.63|13
united-kingdom|england-bideford|2023-10-01|0.0|0.0|0|60.38|18.53|14
united-kingdom|england-biggin-hill|2023-10-01|0.0|0.0|0|137.39|29.48|7
united-kingdom|england-biggleswade|2023-10-01|0.0|0.0|0|137.35|30.71|10
united-kingdom|england-billericay|2023-10-01|0.0|0.0|0|74.93|23.45|7
united-kingdom|england-billinge|2023-10-01|0.0|0.0|0|74.39|20.86|18
united-kingdom|england-bilston|2023-10-01|0.0|0.0|0|119.26|25.77|17
united-kingdom|england-binfield|2023-10-01|0.0|0.0|0|108.15|28.39|9
united-kingdom|england-bingley|2023-10-01|0.0|0.0|0|119.77|31.65|12
united-kingdom|england-birchwood|2023-10-01|0.0|0.0|0|110.77|22.57|14
united-kingdom|england-birkenhead|2023-10-01|59.65|7.82|36|118.36|28.43|16
united-kingdom|england-birkenshaw|2023-10-01|0.0|0.0|0|53.84|18.62|11
united-kingdom|england-birmingham|2023-10-01|66.06|7.83|31|127.31|26.05|18
united-kingdom|england-birstall|2023-10-01|0.0|0.0|0|137.84|26.02|21
united-kingdom|england-birstall|2023-10-01|0.0|0.0|0|137.84|26.02|21
united-kingdom|england-birtley|2023-10-01|0.0|0.0|0|65.68|18.5|15
united-kingdom|england-bisham|2023-10-01|0.0|0.0|0|96.28|70.4|8
united-kingdom|england-bishop-auckland|2023-10-01|0.0|0.0|0|55.02|17.91|17
united-kingdom|england-bishops-cleeve|2023-10-01|0.0|0.0|0|146.73|26.07|15
united-kingdom|england-blackburn|2023-10-01|82.66|9.26|36|126.38|25.73|13
united-kingdom|england-blackpool|2023-10-01|62.28|9.18|37|91.75|22.53|16
united-kingdom|england-blackwater|2023-10-01|0.0|0.0|0|137.12|28.71|11
united-kingdom|england-bletchingley|2023-10-01|0.0|0.0|0|74.19|20.77|11
united-kingdom|england-bletchley|2023-10-01|0.0|0.0|0|99.26|43.78|8
united-kingdom|england-blunsdon-saint-andrew|2023-10-01|0.0|0.0|0|170.13|41.36|12
united-kingdom|england-blyth|2023-10-01|0.0|0.0|0|129.8|28.05|13
united-kingdom|england-boars-hill|2023-10-01|0.0|0.0|0|95.29|26.21|13
united-kingdom|england-bodmin|2023-10-01|0.0|0.0|0|45.99|15.09|17
united-kingdom|england-bognor-regis|2023-10-01|44.54|8.69|28|53.51|17.58|10
united-kingdom|england-bold-heath|2023-10-01|0.0|0.0|0|60.22|18.49|17
united-kingdom|england-bolton|2023-10-01|52.24|7.64|36|105.25|25.65|13
united-kingdom|england-bolton-upon-dearne|2023-10-01|0.0|0.0|0|45.48|14.81|12
united-kingdom|england-bootle|2023-10-01|0.0|0.0|0|139.4|26.45|15
united-kingdom|england-borehamwood|2023-10-01|0.0|0.0|0|94.71|24.68|10
united-kingdom|england-boston|2023-10-01|0.0|0.0|0|71.97|30.22|12
united-kingdom|england-bourne|2023-10-01|0.0|0.0|0|108.53|28.3|12
united-kingdom|england-bournemouth|2023-10-01|61.75|7.28|33|128.4|26.13|15
united-kingdom|england-bournmoor|2023-10-01|0.0|0.0|0|86.8|28.5|14
united-kingdom|england-brackley|2023-10-01|0.0|0.0|0|103.72|30.28|10
united-kingdom|england-bracknell|2023-10-01|0.0|0.0|0|134.98|28.77|10
united-kingdom|england-bradford|2023-10-01|70.59|9.24|33|118.71|26.19|11
united-kingdom|england-bradley-stoke|2023-10-01|0.0|0.0|0|198.68|35.55|12
united-kingdom|england-braintree|2023-10-01|0.0|0.0|0|74.98|28.41|7
united-kingdom|england-bramcote|2023-10-01|0.0|0.0|0|136.51|25.35|20
united-kingdom|england-bramhall|2023-10-01|0.0|0.0|0|72.6|19.75|15
united-kingdom|england-bramley|2023-10-01|0.0|0.0|0|91.71|22.65|12
united-kingdom|england-braunstone-town|2023-10-01|0.0|0.0|0|137.94|24.84|20
united-kingdom|england-bray|2023-10-01|0.0|0.0|0|58.56|17.68|9
united-kingdom|england-bredbury|2023-10-01|0.0|0.0|0|135.96|26.32|13
united-kingdom|england-brentford|2023-10-01|0.0|0.0|0|77.64|25.05|8
united-kingdom|england-brentwood|2023-10-01|0.0|0.0|0|68.27|18.58|7
united-kingdom|england-bridgwater|2023-10-01|0.0|0.0|0|74.96|21.56|13
united-kingdom|england-bridlington|2023-10-01|0.0|0.0|0|74.53|26.64|16
united-kingdom|england-brierfield|2023-10-01|0.0|0.0|0|122.92|26.18|12
united-kingdom|england-brierley-hill|2023-10-01|0.0|0.0|0|140.5|26.53|19
united-kingdom|england-brighouse|2023-10-01|0.0|0.0|0|68.53|20.3|12
united-kingdom|england-brinsworth|2023-10-01|0.0|0.0|0|94.78|25.28|13
united-kingdom|england-bristol|2023-10-01|64.18|7.33|31|107.54|25.84|12
united-kingdom|england-brixham|2023-10-01|0.0|0.0|0|101.33|24.86|15
united-kingdom|england-brixworth|2023-10-01|0.0|0.0|0|110.05|53.5|9
united-kingdom|england-broadbridge-heath|2023-10-01|0.0|0.0|0|72.01|22.0|8
united-kingdom|england-broadstairs|2023-10-01|0.0|0.0|0|95.18|25.35|10
united-kingdom|england-brockenhurst|2023-10-01|0.0|0.0|0|39.12|12.37|14
united-kingdom|england-brockworth|2023-10-01|0.0|0.0|0|117.64|30.27|15
united-kingdom|england-bromley|2023-10-01|76.55|8.59|25|128.65|26.08|10
united-kingdom|england-bromsgrove|2023-10-01|0.0|0.0|0|123.64|28.42|12
united-kingdom|england-brookmans-park|2023-10-01|0.0|0.0|0|61.69|17.97|8
united-kingdom|england-broomfield|2023-10-01|0.0|0.0|0|72.18|24.06|8
united-kingdom|england-broxbourne|2023-10-01|0.0|0.0|0|119.13|25.74|10
united-kingdom|england-buckhurst-hill|2023-10-01|0.0|0.0|0|137.19|25.85|11
united-kingdom|england-buckingham|2023-10-01|0.0|0.0|0|104.0|41.15|9
united-kingdom|england-buckshaw-village|2023-10-01|0.0|0.0|0|128.61|30.89|15
united-kingdom|england-burbage|2023-10-01|0.0|0.0|0|122.06|26.03|18
united-kingdom|england-burgess-hill|2023-10-01|0.0|0.0|0|69.4|18.69|11
united-kingdom|england-burley|2023-10-01|0.0|0.0|0|38.09|13.57|13
united-kingdom|england-burnham|2023-10-01|0.0|0.0|0|109.33|26.16|10
united-kingdom|england-burnham-on-sea|2023-10-01|0.0|0.0|0|58.66|18.01|13
united-kingdom|england-burnley|2023-10-01|0.0|0.0|0|131.8|26.27|12
united-kingdom|england-burntwood|2023-10-01|0.0|0.0|0|139.86|28.44|14
united-kingdom|england-burscough|2023-10-01|0.0|0.0|0|70.06|27.78|17
united-kingdom|england-burton|2023-10-01|0.0|0.0|0|71.48|20.92|15
united-kingdom|england-burton-latimer|2023-10-01|0.0|0.0|0|136.06|26.24|14
united-kingdom|england-burton-upon-trent|2023-10-01|40.13|6.19|36|68.83|18.48|17
united-kingdom|england-burtonwood|2023-10-01|0.0|0.0|0|52.01|18.73|15
united-kingdom|england-bury|2023-10-01|71.62|9.21|33|97.1|27.76|15
united-kingdom|england-bury-saint-edmunds|2023-10-01|0.0|0.0|0|80.25|28.03|8
united-kingdom|england-bushey|2023-10-01|0.0|0.0|0|85.62|21.34|10
united-kingdom|england-buxton|2023-10-01|0.0|0.0|0|45.58|15.5|18
united-kingdom|england-caddington|2023-10-01|0.0|0.0|0|70.25|19.91|11
united-kingdom|england-calne|2023-10-01|0.0|0.0|0|115.12|26.51|10
united-kingdom|england-calverley|2023-10-01|0.0|0.0|0|74.26|21.8|10
united-kingdom|england-camberley|2023-10-01|0.0|0.0|0|115.84|26.14|11
united-kingdom|england-camborne|2023-10-01|0.0|0.0|0|61.72|18.9|16
united-kingdom|england-cambourne|2023-10-01|0.0|0.0|0|147.94|31.41|8
united-kingdom|england-cambridge|2023-10-01|42.64|6.06|33|121.55|26.2|15
united-kingdom|england-cannock|2023-10-01|0.0|0.0|0|88.14|28.65|11
united-kingdom|england-canterbury|2023-10-01|0.0|0.0|0|50.22|15.66|9
united-kingdom|england-canvey-island|2023-10-01|0.0|0.0|0|61.03|17.89|11
united-kingdom|england-carlisle|2023-10-01|69.71|8.56|43|71.74|19.82|19
united-kingdom|england-carlton|2023-10-01|0.0|0.0|0|116.0|26.19|19
united-kingdom|england-carlton-colville|2023-10-01|0.0|0.0|0|80.15|30.61|9
united-kingdom|england-carshalton|2023-10-01|0.0|0.0|0|161.5|36.4|7
united-kingdom|england-carterton|2023-10-01|0.0|0.0|0|151.74|41.32|12
united-kingdom|england-castleford|2023-10-01|0.0|0.0|0|122.04|28.56|12
united-kingdom|england-caterham|2023-10-01|0.0|0.0|0|73.9|21.05|11
united-kingdom|england-cawthorne|2023-10-01|0.0|0.0|0|56.2|18.41|12
united-kingdom|england-chadderton|2023-10-01|0.0|0.0|0|146.62|37.79|14
united-kingdom|england-chafford-hundred|2023-10-01|0.0|0.0|0|180.46|37.95|7
united-kingdom|england-chalfont-saint-peter|2023-10-01|0.0|0.0|0|86.78|26.61|8
united-kingdom|england-chandler's-ford|2023-10-01|0.0|0.0|0|71.77|19.93|13
united-kingdom|england-chard|2023-10-01|0.0|0.0|0|49.53|14.18|15
united-kingdom|england-charnock-richard|2023-10-01|0.0|0.0|0|70.46|20.83|16
united-kingdom|england-chatham|2023-10-01|51.41|7.39|28|134.98|26.06|13
united-kingdom|england-chatteris|2023-10-01|0.0|0.0|0|62.87|18.46|12
united-kingdom|england-cheadle|2023-10-01|0.0|0.0|0|99.9|24.31|12
united-kingdom|england-cheadle|2023-10-01|0.0|0.0|0|99.9|24.31|12
united-kingdom|england-cheadle-hulme|2023-10-01|0.0|0.0|0|103.29|26.69|14
united-kingdom|england-chelmsford|2023-10-01|63.29|7.8|27|137.95|28.36|11
united-kingdom|england-chelsfield|2023-10-01|0.0|0.0|0|83.03|25.03|9
united-kingdom|england-cheltenham|2023-10-01|43.21|7.64|32|120.76|27.06|13
united-kingdom|england-chertsey|2023-10-01|0.0|0.0|0|103.23|28.41|11
united-kingdom|england-chesham|2023-10-01|0.0|0.0|0|73.15|20.72|10
united-kingdom|england-cheshunt|2023-10-01|0.0|0.0|0|139.15|26.1|11
united-kingdom|england-chessington|2023-10-01|0.0|0.0|0|110.29|28.08|8
united-kingdom|england-chester|2023-10-01|38.75|6.51|35|58.81|18.34|18
united-kingdom|england-chesterfield|2023-10-01|64.34|9.79|37|71.7|18.7|15
united-kingdom|england-chestfield|2023-10-01|0.0|0.0|0|58.34|17.87|7
united-kingdom|england-chichester|2023-10-01|0.0|0.0|0|59.68|18.48|11
united-kingdom|england-chigwell|2023-10-01|0.0|0.0|0|90.27|24.35|10
united-kingdom|england-chineham|2023-10-01|0.0|0.0|0|131.24|28.75|11
united-kingdom|england-chinnor|2023-10-01|0.0|0.0|0|71.28|18.52|9
united-kingdom|england-chippenham|2023-10-01|0.0|0.0|0|101.38|28.63|10
united-kingdom|england-chipping-sodbury|2023-10-01|0.0|0.0|0|76.47|21.86|12
united-kingdom|england-chislehurst|2023-10-01|0.0|0.0|0|87.64|25.64|8
united-kingdom|england-chorley|2023-10-01|0.0|0.0|0|116.57|28.7|15
united-kingdom|england-christchurch|2023-10-01|0.0|0.0|0|126.73|25.48|15
united-kingdom|england-church-crookham|2023-10-01|0.0|0.0|0|79.96|21.23|13
united-kingdom|england-church-end|2023-10-01|0.0|0.0|0|70.64|18.71|14
united-kingdom|england-churchdown|2023-10-01|0.0|0.0|0|143.12|26.41|14
united-kingdom|england-churwell|2023-10-01|0.0|0.0|0|110.69|28.95|10
united-kingdom|england-cirencester|2023-10-01|0.0|0.0|0|64.14|18.71|12
united-kingdom|england-clacton-on-sea|2023-10-01|0.0|0.0|0|61.76|18.38|10
united-kingdom|england-claygate|2023-10-01|0.0|0.0|0|86.8|23.25|11
united-kingdom|england-clayton-le-woods|2023-10-01|0.0|0.0|0|135.79|28.68|14
united-kingdom|england-cleckheaton|2023-10-01|0.0|0.0|0|88.79|24.93|11
united-kingdom|england-cleethorpes|2023-10-01|0.0|0.0|0|139.78|25.66|21
united-kingdom|england-clevedon|2023-10-01|0.0|0.0|0|171.57|26.17|12
united-kingdom|england-clifton|2023-10-01|0.0|0.0|0|194.05|34.49|19
united-kingdom|england-clitheroe|2023-10-01|0.0|0.0|0|109.16|30.46|10
united-kingdom|england-clock-face|2023-10-01|0.0|0.0|0|144.33|29.07|15
united-kingdom|england-coalville|2023-10-01|0.0|0.0|0|137.25|26.08|17
united-kingdom|england-cobham|2023-10-01|0.0|0.0|0|73.08|19.21|9
united-kingdom|england-codsall|2023-10-01|0.0|0.0|0|55.12|15.21|13
united-kingdom|england-colchester|2023-10-01|65.7|8.5|28|94.25|25.72|15
united-kingdom|england-coleshill|2023-10-01|0.0|0.0|0|78.51|26.28|12
united-kingdom|england-colne|2023-10-01|0.0|0.0|0|72.7|19.42|12
united-kingdom|england-congleton|2023-10-01|0.0|0.0|0|100.5|28.63|15
united-kingdom|england-conisbrough|2023-10-01|0.0|0.0|0|64.74|18.66|13
united-kingdom|england-consett|2023-10-01|0.0|0.0|0|97.86|24.96|17
united-kingdom|england-cookham|2023-10-01|0.0|0.0|0|65.86|18.21|8
united-kingdom|england-copthorne|2023-10-01|0.0|0.0|0|70.45|19.16|10
united-kingdom|england-corby|2023-10-01|0.0|0.0|0|136.13|27.6|14
united-kingdom|england-corringham|2023-10-01|0.0|0.0|0|105.55|24.26|8
united-kingdom|england-corsham|2023-10-01|0.0|0.0|0|59.76|18.31|11
united-kingdom|england-costessey|2023-10-01|0.0|0.0|0|86.16|25.21|12
united-kingdom|england-cottenham|2023-10-01|0.0|0.0|0|73.11|19.59|16
united-kingdom|england-coulsdon|2023-10-01|0.0|0.0|0|114.37|25.9|10
united-kingdom|england-coventry|2023-10-01|67.47|8.3|33|128.34|28.84|15
united-kingdom|england-cradley-heath|2023-10-01|0.0|0.0|0|110.27|24.23|19
united-kingdom|england-cramlington|2023-10-01|0.0|0.0|0|66.99|18.59|17
united-kingdom|england-crawley|2023-10-01|64.64|8.38|26|134.54|26.03|11
united-kingdom|england-crewe|2023-10-01|43.81|7.92|37|88.39|27.66|14
united-kingdom|england-croft|2023-10-01|0.0|0.0|0|65.05|18.89|16
united-kingdom|england-crowborough|2023-10-01|0.0|0.0|0|105.41|28.95|7
united-kingdom|england-crowthorne|2023-10-01|0.0|0.0|0|71.39|18.56|9
united-kingdom|england-croxley-green|2023-10-01|0.0|0.0|0|133.25|26.2|9
united-kingdom|england-croydon|2023-10-01|52.66|6.67|27|107.14|25.69|10
united-kingdom|england-cudworth|2023-10-01|0.0|0.0|0|82.84|22.99|12
united-kingdom|england-culcheth|2023-10-01|0.0|0.0|0|91.96|28.4|15
united-kingdom|england-cumnor|2023-10-01|0.0|0.0|0|101.52|29.98|12
united-kingdom|england-dagenham|2023-10-01|86.53|8.97|25|142.84|28.62|10
united-kingdom|england-darlington|2023-10-01|47.58|6.68|37|149.4|30.02|19
united-kingdom|england-dartford|2023-10-01|83.54|10.12|26|81.68|20.97|11
united-kingdom|england-darwen|2023-10-01|0.0|0.0|0|68.58|20.24|14
united-kingdom|england-datchet|2023-10-01|0.0|0.0|0|137.9|28.88|9
united-kingdom|england-daventry|2023-10-01|0.0|0.0|0|132.53|30.31|10
united-kingdom|england-deal|2023-10-01|0.0|0.0|0|75.58|27.5|7
united-kingdom|england-deepcut|2023-10-01|0.0|0.0|0|61.23|18.0|8
united-kingdom|england-denham|2023-10-01|0.0|0.0|0|66.86|18.58|9
united-kingdom|england-denmead|2023-10-01|0.0|0.0|0|60.28|16.99|17
united-kingdom|england-denton|2023-10-01|0.0|0.0|0|95.19|24.82|14
united-kingdom|england-derby|2023-10-01|75.39|9.21|36|129.14|26.18|19
united-kingdom|england-dereham|2023-10-01|0.0|0.0|0|73.96|23.15|10
united-kingdom|england-devizes|2023-10-01|0.0|0.0|0|51.52|17.22|13
united-kingdom|england-dewsbury|2023-10-01|0.0|0.0|0|120.54|26.17|12
united-kingdom|england-didcot|2023-10-01|0.0|0.0|0|74.32|20.51|13
united-kingdom|england-dinnington|2023-10-01|0.0|0.0|0|73.57|19.3|13
united-kingdom|england-doddinghurst|2023-10-01|0.0|0.0|0|74.63|26.36|7
united-kingdom|england-doncaster|2023-10-01|66.49|8.01|37|116.92|28.7|13
united-kingdom|england-dorchester|2023-10-01|0.0|0.0|0|67.44|19.12|13
united-kingdom|england-dorking|2023-10-01|0.0|0.0|0|67.68|18.42|8
united-kingdom|england-dover|2023-10-01|0.0|0.0|0|73.1|20.32|14
united-kingdom|england-downley|2023-10-01|0.0|0.0|0|52.27|16.94|10
united-kingdom|england-drighlington|2023-10-01|0.0|0.0|0|65.32|18.7|11
united-kingdom|england-droitwich-spa|2023-10-01|0.0|0.0|0|56.95|17.61|12
united-kingdom|england-dronfield|2023-10-01|0.0|0.0|0|73.18|18.68|15
united-kingdom|england-droylsden|2023-10-01|0.0|0.0|0|94.42|23.89|14
united-kingdom|england-dudley|2023-10-01|89.82|7.04|29|130.41|25.85|19
united-kingdom|england-dukinfield|2023-10-01|0.0|0.0|0|72.2|19.08|15
united-kingdom|england-dunstable|2023-10-01|0.0|0.0|0|132.78|25.9|12
united-kingdom|england-durham|2023-10-01|55.34|8.85|35|65.98|18.55|13
united-kingdom|england-earley|2023-10-01|0.0|0.0|0|138.06|28.41|11
united-kingdom|england-east-ayton|2023-10-01|0.0|0.0|0|64.5|19.24|16
united-kingdom|england-east-grinstead|2023-10-01|0.0|0.0|0|72.58|20.68|9
united-kingdom|england-east-horsley|2023-10-01|0.0|0.0|0|91.01|29.78|6
united-kingdom|england-east-molesey|2023-10-01|0.0|0.0|0|74.77|24.58|9
united-kingdom|england-eastbourne|2023-10-01|56.79|8.39|31|97.17|70.52|7
united-kingdom|england-eastchurch|2023-10-01|0.0|0.0|0|65.55|18.86|8
united-kingdom|england-eastleigh|2023-10-01|0.0|0.0|0|105.94|25.44|14
united-kingdom|england-eastwood|2023-10-01|0.0|0.0|0|139.56|26.07|18
united-kingdom|england-eccles|2023-10-01|0.0|0.0|0|139.12|29.36|12
united-kingdom|england-eccleshall|2023-10-01|0.0|0.0|0|48.29|16.78|15
united-kingdom|england-eccleston|2023-10-01|0.0|0.0|0|141.15|26.09|16
united-kingdom|england-edgware|2023-10-01|69.89|7.67|27|99.68|25.76|9
united-kingdom|england-egham|2023-10-01|0.0|0.0|0|135.6|28.09|8
united-kingdom|england-ellesmere-port|2023-10-01|0.0|0.0|0|134.71|28.0|16
united-kingdom|england-elstow|2023-10-01|0.0|0.0|0|74.12|20.64|11
united-kingdom|england-ely|2023-10-01|0.0|0.0|0|105.42|28.39|12
united-kingdom|england-emerson-valley|2023-10-01|0.0|0.0|0|113.76|46.65|7
united-kingdom|england-emersons-green|2023-10-01|0.0|0.0|0|144.38|29.26|11
united-kingdom|england-emsworth|2023-10-01|0.0|0.0|0|58.67|17.45|13
united-kingdom|england-enfield|2023-10-01|62.34|9.3|27|94.21|21.5|12
united-kingdom|england-englefield-green|2023-10-01|0.0|0.0|0|75.49|23.64|8
united-kingdom|england-epsom|2023-10-01|53.52|6.63|28|133.06|28.08|10
united-kingdom|england-erith|2023-10-01|0.0|0.0|0|82.17|22.78|8
united-kingdom|england-esher|2023-10-01|0.0|0.0|0|97.04|25.68|11
united-kingdom|england-essington|2023-10-01|0.0|0.0|0|43.95|15.61|18
united-kingdom|england-euxton|2023-10-01|0.0|0.0|0|121.9|27.83|15
united-kingdom|england-evesham|2023-10-01|0.0|0.0|0|73.61|19.98|13
united-kingdom|england-ewell|2023-10-01|0.0|0.0|0|153.75|29.89|11
united-kingdom|england-exeter|2023-10-01|53.26|9.1|35|95.77|27.38|14
united-kingdom|england-exmouth|2023-10-01|0.0|0.0|0|77.66|27.24|14
united-kingdom|england-failsworth|2023-10-01|0.0|0.0|0|102.52|36.62|15
united-kingdom|england-fakenham|2023-10-01|0.0|0.0|0|40.66|14.12|12
united-kingdom|england-falmouth|2023-10-01|0.0|0.0|0|67.76|20.17|16
united-kingdom|england-fareham|2023-10-01|0.0|0.0|0|107.56|26.17|13
united-kingdom|england-farnborough|2023-10-01|0.0|0.0|0|135.91|26.2|12
united-kingdom|england-farnham|2023-10-01|0.0|0.0|0|62.16|18.21|9
united-kingdom|england-farnworth|2023-10-01|0.0|0.0|0|133.97|31.42|12
united-kingdom|england-faversham|2023-10-01|0.0|0.0|0|70.53|19.59|7
united-kingdom|england-featherstone|2023-10-01|0.0|0.0|0|73.81|19.01|12
united-kingdom|england-felixstowe|2023-10-01|0.0|0.0|0|59.53|18.2|14
united-kingdom|england-feltham|2023-10-01|97.78|10.79|28|122.1|27.92|9
united-kingdom|england-ferndown|2023-10-01|0.0|0.0|0|40.93|13.13|13
united-kingdom|england-fetcham|2023-10-01|0.0|0.0|0|99.85|25.48|12
united-kingdom|england-filton|2023-10-01|0.0|0.0|0|116.08|26.17|12
united-kingdom|england-finchampstead|2023-10-01|0.0|0.0|0|66.4|18.29|8
united-kingdom|england-fleet|2023-10-01|0.0|0.0|0|93.28|24.2|12
united-kingdom|england-fleetwood|2023-10-01|0.0|0.0|0|88.02|27.6|18
united-kingdom|england-flitwick|2023-10-01|0.0|0.0|0|137.47|25.84|12
united-kingdom|england-folkestone|2023-10-01|0.0|0.0|0|118.95|26.2|13
united-kingdom|england-forest-town|2023-10-01|0.0|0.0|0|146.13|26.48|17
united-kingdom|england-formby|2023-10-01|0.0|0.0|0|78.92|26.18|17
united-kingdom|england-frampton-cotterell|2023-10-01|0.0|0.0|0|116.17|26.15|13
united-kingdom|england-friday-bridge|2023-10-01|0.0|0.0|0|64.25|18.37|12
united-kingdom|england-frimley|2023-10-01|0.0|0.0|0|94.21|23.41|12
united-kingdom|england-frome|2023-10-01|0.0|0.0|0|137.55|25.75|13
united-kingdom|england-fulwood|2023-10-01|0.0|0.0|0|92.43|19.78|16
united-kingdom|england-gainsborough|2023-10-01|0.0|0.0|0|96.36|20.94|16
united-kingdom|england-garforth|2023-10-01|0.0|0.0|0|74.76|21.03|11
united-kingdom|england-gateshead|2023-10-01|50.47|7.24|34|97.4|23.1|18
united-kingdom|england-gerrards-cross|2023-10-01|0.0|0.0|0|111.41|56.13|7
united-kingdom|england-gildersome|2023-10-01|0.0|0.0|0|75.76|22.18|11
united-kingdom|england-gillingham|2023-10-01|50.97|8.53|27|146.39|29.16|12
united-kingdom|england-glossop|2023-10-01|0.0|0.0|0|44.44|13.33|18
united-kingdom|england-gloucester|2023-10-01|94.77|8.68|31|100.88|25.4|14
united-kingdom|england-godalming|2023-10-01|0.0|0.0|0|70.19|21.43|7
united-kingdom|england-godmanchester|2023-10-01|0.0|0.0|0|126.35|26.18|15
united-kingdom|england-goff's-oak|2023-10-01|0.0|0.0|0|71.29|20.62|9
united-kingdom|england-gomersal|2023-10-01|0.0|0.0|0|104.37|26.05|11
united-kingdom|england-gorleston-on-sea|2023-10-01|0.0|0.0|0|145.76|26.24|16
united-kingdom|england-gosport|2023-10-01|53.19|9.85|28|136.51|26.1|16
united-kingdom|england-grantham|2023-10-01|0.0|0.0|0|136.75|26.24|19
united-kingdom|england-gravesend|2023-10-01|75.52|7.68|28|142.26|38.44|9
united-kingdom|england-grays|2023-10-01|66.05|9.01|27|163.42|36.24|11
united-kingdom|england-greasby|2023-10-01|0.0|0.0|0|81.65|28.2|17
united-kingdom|england-great-baddow|2023-10-01|0.0|0.0|0|115.01|28.26|8
united-kingdom|england-great-bookham|2023-10-01|0.0|0.0|0|73.73|18.46|11
united-kingdom|england-great-chart|2023-10-01|0.0|0.0|0|98.13|26.1|9
united-kingdom|england-great-sankey|2023-10-01|0.0|0.0|0|132.52|26.0|15
united-kingdom|england-great-yarmouth|2023-10-01|0.0|0.0|0|72.58|20.43|16
united-kingdom|england-greenford|2023-10-01|0.0|0.0|0|71.7|19.05|8
united-kingdom|england-greenmount|2023-10-01|0.0|0.0|0|54.64|18.27|17
united-kingdom|england-grimsby|2023-10-01|73.47|8.17|44|157.36|26.2|21
united-kingdom|england-guildford|2023-10-01|35.78|6.45|27|124.83|25.41|11
united-kingdom|england-guisborough|2023-10-01|0.0|0.0|0|123.33|22.57|21
united-kingdom|england-guiseley|2023-10-01|0.0|0.0|0|94.39|26.89|11
united-kingdom|england-hagley|2023-10-01|0.0|0.0|0|67.47|18.59|17
united-kingdom|england-hailsham|2023-10-01|0.0|0.0|0|145.08|69.47|7
united-kingdom|england-hale|2023-10-01|0.0|0.0|0|63.29|18.57|15
united-kingdom|england-halesowen|2023-10-01|0.0|0.0|0|122.55|25.39|18
united-kingdom|england-halifax|2023-10-01|59.89|8.52|33|71.41|19.31|12
united-kingdom|england-halsall|2023-10-01|0.0|0.0|0|74.68|21.58|18
united-kingdom|england-hamble-le-rice|2023-10-01|0.0|0.0|0|68.54|17.42|15
united-kingdom|england-hampton|2023-10-01|0.0|0.0|0|106.13|32.85|9
united-kingdom|england-hampton-wick|2023-10-01|0.0|0.0|0|91.33|25.41|11
united-kingdom|england-harefield|2023-10-01|0.0|0.0|0|73.25|18.11|9
united-kingdom|england-harlow|2023-10-01|40.18|5.76|28|162.43|26.39|16
united-kingdom|england-harpenden|2023-10-01|0.0|0.0|0|92.27|26.06|10
united-kingdom|england-harrogate|2023-10-01|44.32|6.26|37|130.0|28.36|13
united-kingdom|england-harrow|2023-10-01|55.03|6.78|28|118.77|25.82|10
united-kingdom|england-hartlepool|2023-10-01|0.0|0.0|0|149.06|29.59|19
united-kingdom|england-harwich|2023-10-01|0.0|0.0|0|63.08|18.52|9
united-kingdom|england-haslemere|2023-10-01|0.0|0.0|0|72.57|18.89|8
united-kingdom|england-haslington|2023-10-01|0.0|0.0|0|66.75|18.93|16
united-kingdom|england-hastings|2023-10-01|0.0|0.0|0|53.63|17.42|9
united-kingdom|england-hatfield|2023-10-01|0.0|0.0|0|97.9|23.94|11
united-kingdom|england-hatfield|2023-10-01|0.0|0.0|0|97.9|23.94|11
united-kingdom|england-havant|2023-10-01|0.0|0.0|0|121.98|26.16|14
united-kingdom|england-haverhill|2023-10-01|0.0|0.0|0|68.52|19.18|9
united-kingdom|england-hawkinge|2023-10-01|0.0|0.0|0|154.07|63.5|6
united-kingdom|england-hayes|2023-10-01|72.03|9.4|28|155.33|31.62|9
united-kingdom|england-haywards-heath|2023-10-01|0.0|0.0|0|63.63|18.15|9
united-kingdom|england-hazel-grove|2023-10-01|0.0|0.0|0|139.06|25.92|13
united-kingdom|england-hazlemere|2023-10-01|0.0|0.0|0|57.74|18.11|8
united-kingdom|england-heald-green|2023-10-01|0.0|0.0|0|109.9|26.02|13
united-kingdom|england-heanor|2023-10-01|0.0|0.0|0|126.44|28.3|13
united-kingdom|england-hebburn|2023-10-01|0.0|0.0|0|132.6|25.26|19
united-kingdom|england-heckmondwike|2023-10-01|0.0|0.0|0|181.9|36.07|11
united-kingdom|england-hedge-end|2023-10-01|0.0|0.0|0|120.67|24.99|14
united-kingdom|england-hednesford|2023-10-01|0.0|0.0|0|140.69|29.12|9
united-kingdom|england-hemel-hempstead|2023-10-01|62.92|9.78|28|138.18|28.42|10
united-kingdom|england-henley-on-thames|2023-10-01|0.0|0.0|0|74.43|45.43|8
united-kingdom|england-hereford|2023-10-01|0.0|0.0|0|73.25|21.87|12
united-kingdom|england-herne-bay|2023-10-01|0.0|0.0|0|104.62|44.19|6
united-kingdom|england-hersham|2023-10-01|0.0|0.0|0|122.25|30.54|10
united-kingdom|england-hertford|2023-10-01|0.0|0.0|0|122.95|25.47|12
united-kingdom|england-heywood|2023-10-01|0.0|0.0|0|91.8|25.84|14
united-kingdom|england-high-wycombe|2023-10-01|33.62|6.76|29|74.0|20.88|8
united-kingdom|england-higham-ferrers|2023-10-01|0.0|0.0|0|91.86|28.72|9
united-kingdom|england-hinckley|2023-10-01|0.0|0.0|0|141.15|27.83|20
united-kingdom|england-hindley|2023-10-01|0.0|0.0|0|97.81|23.87|15
united-kingdom|england-hitchin|2023-10-01|0.0|0.0|0|121.47|25.92|10
united-kingdom|england-hoddesdon|2023-10-01|0.0|0.0|0|94.92|20.94|11
united-kingdom|england-hook|2023-10-01|0.0|0.0|0|76.85|27.78|7
united-kingdom|england-horley|2023-10-01|62.64|8.59|30|78.36|22.13|11
united-kingdom|england-hornchurch|2023-10-01|0.0|0.0|0|105.35|25.31|10
united-kingdom|england-horsforth|2023-10-01|0.0|0.0|0|109.75|26.26|11
united-kingdom|england-horsham|2023-10-01|0.0|0.0|0|87.14|28.36|8
united-kingdom|england-horwich|2023-10-01|0.0|0.0|0|75.01|20.11|16
united-kingdom|england-houghton-le-spring|2023-10-01|0.0|0.0|0|137.78|28.8|16
united-kingdom|england-houghton-regis|2023-10-01|0.0|0.0|0|159.56|26.78|12
united-kingdom|england-hounslow|2023-10-01|54.88|7.32|27|136.01|25.84|10
united-kingdom|england-hoyland|2023-10-01|0.0|0.0|0|74.63|18.6|15
united-kingdom|england-hucknall|2023-10-01|0.0|0.0|0|132.13|26.1|19
united-kingdom|england-huddersfield|2023-10-01|52.32|7.75|34|128.19|26.48|11
united-kingdom|england-hull|2023-10-01|74.84|7.04|38|178.86|95.17|16
united-kingdom|england-huntingdon|2023-10-01|0.0|0.0|0|73.69|21.06|13
united-kingdom|england-hyde|2023-10-01|0.0|0.0|0|101.9|26.1|14
united-kingdom|england-hythe|2023-10-01|0.0|0.0|0|80.94|23.3|9
united-kingdom|england-hythe|2023-10-01|0.0|0.0|0|80.94|23.3|9
united-kingdom|england-ickenham|2023-10-01|0.0|0.0|0|140.01|26.32|10
united-kingdom|england-ilford|2023-10-01|59.26|6.45|27|140.49|30.67|8
united-kingdom|england-ilkeston|2023-10-01|0.0|0.0|0|85.1|21.03|18
united-kingdom|england-ilkley|2023-10-01|0.0|0.0|0|73.99|21.09|13
united-kingdom|england-impington|2023-10-01|0.0|0.0|0|108.92|24.13|18
united-kingdom|england-ince-in-makerfield|2023-10-01|0.0|0.0|0|137.6|26.23|14
united-kingdom|england-ipswich|2023-10-01|70.6|9.7|28|102.72|25.85|13
united-kingdom|england-irlam|2023-10-01|0.0|0.0|0|97.98|30.58|14
united-kingdom|england-irthlingborough|2023-10-01|0.0|0.0|0|93.63|23.56|11
united-kingdom|england-isleworth|2023-10-01|0.0|0.0|0|129.14|34.55|13
united-kingdom|england-iver|2023-10-01|0.0|0.0|0|69.89|20.52|9
united-kingdom|england-jarrow|2023-10-01|0.0|0.0|0|148.7|31.9|18
united-kingdom|england-keighley|2023-10-01|0.0|0.0|0|104.92|27.58|13
united-kingdom|england-kempston|2023-10-01|0.0|0.0|0|136.47|26.19|12
united-kingdom|england-kendal|2023-10-01|0.0|0.0|0|94.81|29.1|15
united-kingdom|england-kenilworth|2023-10-01|0.0|0.0|0|96.75|21.03|17
united-kingdom|england-kenley|2023-10-01|0.0|0.0|0|51.21|17.63|9
united-kingdom|england-kennington|2023-10-01|0.0|0.0|0|107.18|26.18|10
united-kingdom|england-kennington|2023-10-01|0.0|0.0|0|107.18|26.18|10
united-kingdom|england-kesgrave|2023-10-01|0.0|0.0|0|72.0|21.3|8
united-kingdom|england-kettering|2023-10-01|0.0|0.0|0|135.28|28.25|15
united-kingdom|england-keynsham|2023-10-01|0.0|0.0|0|126.25|28.71|12
united-kingdom|england-kidderminster|2023-10-01|0.0|0.0|0|87.69|20.79|17
united-kingdom|england-kidlington|2023-10-01|0.0|0.0|0|84.83|26.14|12
united-kingdom|england-kidsgrove|2023-10-01|0.0|0.0|0|95.42|23.51|15
united-kingdom|england-kimberley|2023-10-01|0.0|0.0|0|131.0|25.74|19
united-kingdom|england-kings-hill|2023-10-01|0.0|0.0|0|181.16|83.23|5
united-kingdom|england-kings-langley|2023-10-01|0.0|0.0|0|74.18|23.3|9
united-kingdom|england-kingsnorth|2023-10-01|0.0|0.0|0|147.23|35.89|7
united-kingdom|england-kingston-upon-thames|2023-10-01|73.0|7.6|27|132.66|26.29|11
united-kingdom|england-kingswinford|2023-10-01|0.0|0.0|0|85.26|20.74|20
united-kingdom|england-kirkby-in-ashfield|2023-10-01|0.0|0.0|0|130.82|24.46|18
united-kingdom|england-knaphill|2023-10-01|0.0|0.0|0|72.45|18.63|12
united-kingdom|england-knaresborough|2023-10-01|0.0|0.0|0|133.62|27.12|12
united-kingdom|england-knowle|2023-10-01|0.0|0.0|0|114.18|26.3|16
united-kingdom|england-knowsley|2023-10-01|0.0|0.0|0|88.42|25.9|16
united-kingdom|england-knutsford|2023-10-01|0.0|0.0|0|76.66|23.0|14
united-kingdom|england-lancaster|2023-10-01|0.0|0.0|0|78.62|24.84|14
united-kingdom|england-lancing|2023-10-01|0.0|0.0|0|104.15|26.02|12
united-kingdom|england-leatherhead|2023-10-01|0.0|0.0|0|96.32|25.7|11
united-kingdom|england-lee-on-the-solent|2023-10-01|0.0|0.0|0|81.58|19.24|16
united-kingdom|england-leeds|2023-10-01|65.18|8.69|34|115.48|27.24|11
united-kingdom|england-leek|2023-10-01|0.0|0.0|0|68.47|18.55|16
united-kingdom|england-leicester|2023-10-01|67.09|8.4|35|121.1|25.98|20
united-kingdom|england-leigh|2023-10-01|0.0|0.0|0|91.58|25.18|15
united-kingdom|england-leighton-buzzard|2023-10-01|0.0|0.0|0|92.89|23.44|10
united-kingdom|england-letchworth-garden-city|2023-10-01|0.0|0.0|0|124.0|25.42|11
united-kingdom|england-lewes|2023-10-01|0.0|0.0|0|51.88|16.69|13
united-kingdom|england-leyland|2023-10-01|0.0|0.0|0|125.51|26.82|15
united-kingdom|england-lichfield|2023-10-01|0.0|0.0|0|145.08|27.88|16
united-kingdom|england-lincoln|2023-10-01|61.47|8.12|40|123.24|26.0|20
united-kingdom|england-litherland|2023-10-01|0.0|0.0|0|175.59|28.58|15
united-kingdom|england-little-clacton|2023-10-01|0.0|0.0|0|66.25|18.81|8
united-kingdom|england-little-hulton|2023-10-01|0.0|0.0|0|93.93|26.99|15
united-kingdom|england-little-lever|2023-10-01|0.0|0.0|0|129.21|25.55|12
united-kingdom|england-little-neston|2023-10-01|0.0|0.0|0|71.21|25.7|18
united-kingdom|england-little-stoke|2023-10-01|0.0|0.0|0|182.02|36.82|11
united-kingdom|england-littleborough|2023-10-01|0.0|0.0|0|63.61|18.44|15
united-kingdom|england-littleport|2023-10-01|0.0|0.0|0|52.49|17.76|10
united-kingdom|england-liverpool|2023-10-01|68.56|8.51|36|97.73|26.02|16
united-kingdom|england-liversedge|2023-10-01|0.0|0.0|0|128.36|25.91|12
united-kingdom|england-london|2023-10-01|65.79|8.3|28|98.48|26.12|9
united-kingdom|england-long-eaton|2023-10-01|0.0|0.0|0|140.53|28.47|17
united-kingdom|england-lostock-hall|2023-10-01|0.0|0.0|0|138.63|27.92|14
united-kingdom|england-loughborough|2023-10-01|54.46|9.56|35|89.0|22.48|19
united-kingdom|england-loughton|2023-10-01|0.0|0.0|0|113.2|25.29|9
united-kingdom|england-louth|2023-10-01|0.0|0.0|0|58.36|18.01|19
united-kingdom|england-lowestoft|2023-10-01|0.0|0.0|0|74.02|28.06|10
united-kingdom|england-lowton|2023-10-01|0.0|0.0|0|99.74|23.29|16
united-kingdom|england-luton|2023-10-01|48.49|7.52|28|136.94|25.94|11
united-kingdom|england-lydiate|2023-10-01|0.0|0.0|0|147.0|37.04|17
united-kingdom|england-lymington|2023-10-01|0.0|0.0|0|40.4|11.3|13
united-kingdom|england-lymm|2023-10-01|0.0|0.0|0|73.18|27.63|15
united-kingdom|england-lytham-saint-annes|2023-10-01|0.0|0.0|0|96.44|28.66|18
united-kingdom|england-macclesfield|2023-10-01|0.0|0.0|0|137.59|26.38|13
united-kingdom|england-maidenhead|2023-10-01|42.41|7.0|27|72.26|18.59|10
united-kingdom|england-maidstone|2023-10-01|42.29|6.54|28|107.03|26.1|10
united-kingdom|england-maltby|2023-10-01|0.0|0.0|0|49.36|14.71|13
united-kingdom|england-manchester|2023-10-01|61.64|8.1|35|93.42|26.19|13
united-kingdom|england-mansfield|2023-10-01|0.0|0.0|0|132.82|25.99|16
united-kingdom|england-mansfield-woodhouse|2023-10-01|0.0|0.0|0|137.03|25.74|18
united-kingdom|england-march|2023-10-01|0.0|0.0|0|77.19|20.89|13
united-kingdom|england-margate|2023-10-01|0.0|0.0|0|67.43|18.64|13
united-kingdom|england-market-harborough|2023-10-01|0.0|0.0|0|109.01|26.02|14
united-kingdom|england-marlow|2023-10-01|0.0|0.0|0|100.5|42.3|7
united-kingdom|england-marple|2023-10-01|0.0|0.0|0|74.83|21.17|14
united-kingdom|england-marston-green|2023-10-01|0.0|0.0|0|49.35|18.35|14
united-kingdom|england-marton-in-cleveland|2023-10-01|0.0|0.0|0|149.1|30.73|20
united-kingdom|england-melksham|2023-10-01|0.0|0.0|0|95.25|25.57|13
united-kingdom|england-melton-mowbray|2023-10-01|0.0|0.0|0|90.5|23.9|18
united-kingdom|england-meopham|2023-10-01|0.0|0.0|0|58.27|17.62|8
united-kingdom|england-merstham|2023-10-01|0.0|0.0|0|137.82|26.28|12
united-kingdom|england-mexborough|2023-10-01|0.0|0.0|0|93.98|24.09|13
united-kingdom|england-middlesbrough|2023-10-01|61.72|7.51|39|144.68|26.44|20
united-kingdom|england-middleton|2023-10-01|0.0|0.0|0|103.74|23.17|13
united-kingdom|england-middlewich|2023-10-01|0.0|0.0|0|92.07|28.37|16
united-kingdom|england-midsomer-norton|2023-10-01|0.0|0.0|0|86.4|30.76|12
united-kingdom|england-milton|2023-10-01|0.0|0.0|0|137.05|26.14|16
united-kingdom|england-milton-keynes|2023-10-01|0.0|0.0|0|78.03|29.23|10
united-kingdom|england-minster-on-sea|2023-10-01|0.0|0.0|0|98.45|31.3|7
united-kingdom|england-mirfield|2023-10-01|0.0|0.0|0|86.0|22.68|12
united-kingdom|england-mitcham|2023-10-01|55.71|6.78|29|100.86|25.75|9
united-kingdom|england-morden|2023-10-01|0.0|0.0|0|133.94|30.72|8
united-kingdom|england-morecambe|2023-10-01|0.0|0.0|0|97.98|26.12|17
united-kingdom|england-morley|2023-10-01|0.0|0.0|0|117.4|28.85|10
united-kingdom|england-murton|2023-10-01|0.0|0.0|0|63.87|18.3|15
united-kingdom|england-nailsea|2023-10-01|0.0|0.0|0|164.27|29.3|12
united-kingdom|england-nantwich|2023-10-01|0.0|0.0|0|70.46|19.07|12
united-kingdom|england-nelson|2023-10-01|0.0|0.0|0|132.6|26.04|11
united-kingdom|england-new-addington|2023-10-01|0.0|0.0|0|193.78|93.58|7
united-kingdom|england-new-ash-green|2023-10-01|0.0|0.0|0|59.8|18.24|11
united-kingdom|england-new-balderton|2023-10-01|0.0|0.0|0|138.36|25.14|21
united-kingdom|england-new-malden|2023-10-01|0.0|0.0|0|130.74|26.35|11
united-kingdom|england-new-milton|2023-10-01|0.0|0.0|0|53.18|16.11|15
united-kingdom|england-new-waltham|2023-10-01|0.0|0.0|0|217.58|27.39|21
united-kingdom|england-newark-on-trent|2023-10-01|0.0|0.0|0|104.05|25.88|19
united-kingdom|england-newbury|2023-10-01|80.22|8.81|30|105.88|25.37|9
united-kingdom|england-newcastle-upon-tyne|2023-10-01|53.56|7.32|37|82.56|24.76|17
united-kingdom|england-newcastle-under-lyme|2023-10-01|0.0|0.0|0|125.54|26.05|13
united-kingdom|england-newhaven|2023-10-01|0.0|0.0|0|64.27|18.15|9
united-kingdom|england-newmarket|2023-10-01|0.0|0.0|0|114.35|25.64|16
united-kingdom|england-newport|2023-10-01|0.0|0.0|0|108.51|94.43|4
united-kingdom|england-newport-pagnell|2023-10-01|0.0|0.0|0|107.15|47.63|9
united-kingdom|england-newquay|2023-10-01|0.0|0.0|0|50.01|17.58|17
united-kingdom|england-newton-abbot|2023-10-01|0.0|0.0|0|78.01|20.77|17
united-kingdom|england-newton-aycliffe|2023-10-01|0.0|0.0|0|51.75|15.09|17
united-kingdom|england-newton-le-willows|2023-10-01|0.0|0.0|0|118.06|26.3|15
united-kingdom|england-normanton|2023-10-01|0.0|0.0|0|151.26|35.8|11
united-kingdom|england-north-hykeham|2023-10-01|0.0|0.0|0|142.8|29.02|16
united-kingdom|england-north-shields|2023-10-01|0.0|0.0|0|140.24|26.25|19
united-kingdom|england-northallerton|2023-10-01|0.0|0.0|0|71.66|25.7|18
united-kingdom|england-northampton|2023-10-01|71.57|8.22|31|138.16|33.9|13
united-kingdom|england-northfleet|2023-10-01|0.0|0.0|0|138.09|36.48|7
united-kingdom|england-northolt|2023-10-01|48.27|5.55|28|99.24|25.67|9
united-kingdom|england-northwich|2023-10-01|0.0|0.0|0|88.36|28.3|15
united-kingdom|england-northwood|2023-10-01|0.0|0.0|0|65.1|18.22|9
united-kingdom|england-norwich|2023-10-01|56.47|5.98|34|91.1|23.58|14
united-kingdom|england-nottingham|2023-10-01|65.19|8.54|36|108.23|26.03|19
united-kingdom|england-nuneaton|2023-10-01|32.5|6.52|36|94.44|22.94|17
united-kingdom|england-nuthall|2023-10-01|0.0|0.0|0|120.44|25.91|19
united-kingdom|england-oadby|2023-10-01|0.0|0.0|0|91.76|24.93|20
united-kingdom|england-oldbury|2023-10-01|0.0|0.0|0|117.98|25.64|18
united-kingdom|england-oldham|2023-10-01|73.02|8.88|32|121.97|28.57|13
united-kingdom|england-olney|2023-10-01|0.0|0.0|0|94.22|30.14|8
united-kingdom|england-ormesby|2023-10-01|0.0|0.0|0|175.08|36.67|19
united-kingdom|england-ormskirk|2023-10-01|0.0|0.0|0|81.98|27.06|17
united-kingdom|england-orpington|2023-10-01|65.4|8.56|25|145.37|29.51|9
united-kingdom|england-orrell|2023-10-01|0.0|0.0|0|106.03|24.22|16
united-kingdom|england-ossett|2023-10-01|0.0|0.0|0|131.02|26.31|11
united-kingdom|england-oswaldtwistle|2023-10-01|0.0|0.0|0|106.07|26.56|13
united-kingdom|england-oswestry|2023-10-01|0.0|0.0|0|51.2|17.55|14
united-kingdom|england-otley|2023-10-01|0.0|0.0|0|75.39|20.32|12
united-kingdom|england-oxford|2023-10-01|55.82|6.67|32|108.06|25.53|13
united-kingdom|england-oxshott|2023-10-01|0.0|0.0|0|83.47|25.14|11
united-kingdom|england-oxted|2023-10-01|0.0|0.0|0|61.47|18.67|11
united-kingdom|england-paignton|2023-10-01|0.0|0.0|0|80.76|23.15|16
united-kingdom|england-park-gate|2023-10-01|0.0|0.0|0|74.0|18.64|15
united-kingdom|england-parkgate|2023-10-01|0.0|0.0|0|136.4|29.44|12
united-kingdom|england-patchway|2023-10-01|107.54|8.28|30|147.24|29.75|13
united-kingdom|england-peacehaven|2023-10-01|0.0|0.0|0|60.35|18.15|12
united-kingdom|england-pelsall|2023-10-01|0.0|0.0|0|94.78|20.95|19
united-kingdom|england-pembury|2023-10-01|0.0|0.0|0|71.42|18.64|7
united-kingdom|england-pendlebury|2023-10-01|0.0|0.0|0|139.31|28.15|14
united-kingdom|england-penkridge|2023-10-01|0.0|0.0|0|54.03|16.28|13
united-kingdom|england-penwortham|2023-10-01|0.0|0.0|0|105.5|25.88|14
united-kingdom|england-penzance|2023-10-01|0.0|0.0|0|64.48|19.92|16
united-kingdom|england-perivale|2023-10-01|0.0|0.0|0|143.52|36.57|7
united-kingdom|england-peterborough|2023-10-01|53.53|7.45|36|129.01|30.38|12
united-kingdom|england-peterlee|2023-10-01|0.0|0.0|0|154.63|81.49|9
united-kingdom|england-petersfield|2023-10-01|0.0|0.0|0|118.25|24.73|14
united-kingdom|england-pinchbeck|2023-10-01|0.0|0.0|0|115.62|72.19|10
united-kingdom|england-pinner|2023-10-01|0.0|0.0|0|69.49|18.54|8
united-kingdom|england-pirbright|2023-10-01|0.0|0.0|0|51.83|17.79|8
united-kingdom|england-platt-bridge|2023-10-01|0.0|0.0|0|135.21|26.35|13
united-kingdom|england-plymouth|2023-10-01|47.82|7.2|36|136.86|25.84|18
united-kingdom|england-pontefract|2023-10-01|0.0|0.0|0|80.1|21.58|12
united-kingdom|england-poole|2023-10-01|54.16|8.3|33|108.76|25.25|15
united-kingdom|england-portchester|2023-10-01|0.0|0.0|0|129.56|25.36|16
united-kingdom|england-portishead|2023-10-01|0.0|0.0|0|105.14|28.42|11
united-kingdom|england-portsmouth|2023-10-01|44.86|7.23|30|139.03|26.48|15
united-kingdom|england-potters-bar|2023-10-01|0.0|0.0|0|93.27|23.06|10
united-kingdom|england-poulton-le-fylde|2023-10-01|0.0|0.0|0|79.21|27.72|19
united-kingdom|england-poynton|2023-10-01|0.0|0.0|0|70.04|18.76|15
united-kingdom|england-prescot|2023-10-01|0.0|0.0|0|126.04|29.42|16
united-kingdom|england-preston|2023-10-01|54.46|8.71|38|87.64|23.92|15
united-kingdom|england-prestwich|2023-10-01|0.0|0.0|0|79.29|25.74|14
united-kingdom|england-pudsey|2023-10-01|0.0|0.0|0|89.61|26.31|10
united-kingdom|england-purley|2023-10-01|0.0|0.0|0|100.47|25.8|10
united-kingdom|england-quedgeley|2023-10-01|0.0|0.0|0|188.62|36.22|14
united-kingdom|england-queensbury|2023-10-01|0.0|0.0|0|117.0|36.45|11
united-kingdom|england-quinton|2023-10-01|0.0|0.0|0|150.13|28.45|18
united-kingdom|england-radcliffe|2023-10-01|0.0|0.0|0|128.0|28.09|13
united-kingdom|england-radlett|2023-10-01|0.0|0.0|0|74.59|23.46|10
united-kingdom|england-rainham|2023-10-01|0.0|0.0|0|86.92|23.46|8
united-kingdom|england-rainham|2023-10-01|0.0|0.0|0|86.92|23.46|8
united-kingdom|england-rainhill|2023-10-01|0.0|0.0|0|133.62|28.87|16
united-kingdom|england-ramsbottom|2023-10-01|0.0|0.0|0|49.87|14.63|17
united-kingdom|england-ramsey|2023-10-01|0.0|0.0|0|64.66|17.87|11
united-kingdom|england-ramsgate|2023-10-01|0.0|0.0|0|82.62|26.9|8
united-kingdom|england-rawdon|2023-10-01|0.0|0.0|0|93.58|26.07|11
united-kingdom|england-rawmarsh|2023-10-01|0.0|0.0|0|130.58|25.85|13
united-kingdom|england-rawtenstall|2023-10-01|0.0|0.0|0|65.48|20.24|15
united-kingdom|england-rayleigh|2023-10-01|0.0|0.0|0|60.56|17.99|8
united-kingdom|england-reading|2023-10-01|88.77|12.02|25|113.68|28.09|10
united-kingdom|england-redcar|2023-10-01|0.0|0.0|0|137.94|26.09|19
united-kingdom|england-redditch|2023-10-01|58.72|7.4|31|135.55|26.19|16
united-kingdom|england-redhill|2023-10-01|0.0|0.0|0|139.8|26.2|11
united-kingdom|england-redruth|2023-10-01|0.0|0.0|0|72.6|20.02|17
united-kingdom|england-reigate|2023-10-01|0.0|0.0|0|70.89|20.48|11
united-kingdom|england-retford|2023-10-01|0.0|0.0|0|53.14|15.86|14
united-kingdom|england-richmond|2023-10-01|35.44|4.36|32|114.67|28.7|10
united-kingdom|england-rickmansworth|2023-10-01|0.0|0.0|0|98.3|28.28|8
united-kingdom|england-ringwood|2023-10-01|0.0|0.0|0|41.13|12.65|13
united-kingdom|england-ripley|2023-10-01|0.0|0.0|0|107.32|26.47|13
united-kingdom|england-ripponden|2023-10-01|0.0|0.0|0|69.93|18.98|13
united-kingdom|england-rochdale|2023-10-01|47.17|7.72|34|73.0|19.61|14
united-kingdom|england-rochester|2023-10-01|0.0|0.0|0|122.21|25.89|12
united-kingdom|england-rochford|2023-10-01|0.0|0.0|0|72.54|20.41|7
united-kingdom|england-romford|2023-10-01|65.36|8.09|26|135.72|26.13|11
united-kingdom|england-romiley|2023-10-01|0.0|0.0|0|138.13|26.5|12
united-kingdom|england-romsey|2023-10-01|0.0|0.0|0|74.57|19.85|17
united-kingdom|england-rotherham|2023-10-01|72.77|9.66|34|121.52|26.66|13
united-kingdom|england-rothwell|2023-10-01|0.0|0.0|0|70.47|18.84|11
united-kingdom|england-rothwell|2023-10-01|0.0|0.0|0|70.47|18.84|11
united-kingdom|england-rowley-regis|2023-10-01|0.0|0.0|0|108.36|24.48|19
united-kingdom|england-royal-leamington-spa|2023-10-01|0.0|0.0|0|110.1|24.27|17
united-kingdom|england-royal-tunbridge-wells|2023-10-01|0.0|0.0|0|106.67|26.62|8
united-kingdom|england-royal-wootton-bassett|2023-10-01|0.0|0.0|0|135.54|28.13|10
united-kingdom|england-royston|2023-10-01|0.0|0.0|0|138.02|25.96|15
united-kingdom|england-royton|2023-10-01|0.0|0.0|0|187.58|54.2|14
united-kingdom|england-rubery|2023-10-01|0.0|0.0|0|78.25|24.64|20
united-kingdom|england-ruddington|2023-10-01|0.0|0.0|0|118.58|26.11|20
united-kingdom|england-rugby|2023-10-01|0.0|0.0|0|114.74|25.93|13
united-kingdom|england-rugeley|2023-10-01|0.0|0.0|0|124.11|25.15|17
united-kingdom|england-ruislip|2023-10-01|52.43|7.42|26|73.77|20.96|10
united-kingdom|england-runcorn|2023-10-01|0.0|0.0|0|141.6|25.71|14
united-kingdom|england-rushden|2023-10-01|0.0|0.0|0|137.63|28.0|12
united-kingdom|england-ryde|2023-10-01|0.0|0.0|0|77.74|48.84|7
united-kingdom|england-ryton-on-dunsmore|2023-10-01|0.0|0.0|0|84.38|20.88|17
united-kingdom|england-saffron-walden|2023-10-01|0.0|0.0|0|118.37|20.94|16
united-kingdom|england-saint-albans|2023-10-01|49.1|6.6|28|128.76|27.14|10
united-kingdom|england-saint-austell|2023-10-01|0.0|0.0|0|57.8|17.95|17
united-kingdom|england-saint-helens|2023-10-01|60.65|6.79|35|134.6|26.18|16
united-kingdom|england-saint-ives|2023-10-01|0.0|0.0|0|120.23|23.31|17
united-kingdom|england-saint-leonards|2023-10-01|0.0|0.0|0|60.3|18.39|8
united-kingdom|england-sale|2023-10-01|0.0|0.0|0|120.64|26.09|13
united-kingdom|england-salford|2023-10-01|74.49|9.09|33|96.63|26.27|12
united-kingdom|england-salisbury|2023-10-01|0.0|0.0|0|105.89|28.14|12
united-kingdom|england-sandhurst|2023-10-01|0.0|0.0|0|96.74|51.68|7
united-kingdom|england-sandiacre|2023-10-01|0.0|0.0|0|131.6|26.25|19
united-kingdom|england-sandy|2023-10-01|0.0|0.0|0|104.63|25.92|11
united-kingdom|england-sawbridgeworth|2023-10-01|0.0|0.0|0|131.37|26.28|15
united-kingdom|england-scarborough|2023-10-01|0.0|0.0|0|55.85|18.03|18
united-kingdom|england-scunthorpe|2023-10-01|53.74|9.01|39|147.57|27.6|18
united-kingdom|england-seaford|2023-10-01|0.0|0.0|0|59.36|18.19|9
united-kingdom|england-seaham|2023-10-01|0.0|0.0|0|70.38|18.54|16
united-kingdom|england-selby|2023-10-01|0.0|0.0|0|71.25|19.4|15
united-kingdom|england-sevenoaks|2023-10-01|0.0|0.0|0|73.43|18.45|8
united-kingdom|england-shaw|2023-10-01|0.0|0.0|0|143.79|28.69|12
united-kingdom|england-sheffield|2023-10-01|62.87|8.49|36|77.68|24.25|13
united-kingdom|england-shepperton|2023-10-01|0.0|0.0|0|111.55|26.06|10
united-kingdom|england-shepshed|2023-10-01|0.0|0.0|0|126.88|26.24|19
united-kingdom|england-sherborne-saint-john|2023-10-01|0.0|0.0|0|136.38|28.31|11
united-kingdom|england-shipley|2023-10-01|0.0|0.0|0|107.08|27.91|11
united-kingdom|england-shirley|2023-10-01|0.0|0.0|0|136.87|30.44|16
united-kingdom|england-shoreham-by-sea|2023-10-01|0.0|0.0|0|128.49|25.66|14
united-kingdom|england-shrewsbury|2023-10-01|38.31|6.42|36|55.24|17.89|14
united-kingdom|england-sidcup|2023-10-01|0.0|0.0|0|98.44|27.11|7
united-kingdom|england-sittingbourne|2023-10-01|0.0|0.0|0|116.2|27.9|9
united-kingdom|england-skegness|2023-10-01|0.0|0.0|0|69.67|18.65|13
united-kingdom|england-skelmersdale|2023-10-01|0.0|0.0|0|48.35|14.61|19
united-kingdom|england-skipton|2023-10-01|0.0|0.0|0|74.47|28.04|10
united-kingdom|england-sleaford|2023-10-01|0.0|0.0|0|105.96|28.52|12
united-kingdom|england-slough|2023-10-01|83.99|9.83|28|139.73|28.55|10
united-kingdom|england-smethwick|2023-10-01|0.0|0.0|0|123.89|26.38|17
united-kingdom|england-soham|2023-10-01|0.0|0.0|0|61.19|18.97|10
united-kingdom|england-solihull|2023-10-01|88.3|8.42|30|137.53|31.05|18
united-kingdom|england-sompting|2023-10-01|0.0|0.0|0|129.52|25.51|14
united-kingdom|england-south-benfleet|2023-10-01|0.0|0.0|0|63.26|18.37|11
united-kingdom|england-south-croydon|2023-10-01|0.0|0.0|0|113.24|26.06|10
united-kingdom|england-south-normanton|2023-10-01|0.0|0.0|0|117.92|20.78|16
united-kingdom|england-south-ockendon|2023-10-01|0.0|0.0|0|126.2|26.0|8
united-kingdom|england-south-shields|2023-10-01|57.4|8.48|37|136.93|26.16|19
united-kingdom|england-south-woodham-ferrers|2023-10-01|0.0|0.0|0|47.29|12.68|9
united-kingdom|england-southall|2023-10-01|53.45|6.84|31|109.98|26.19|9
united-kingdom|england-southampton|2023-10-01|53.87|7.64|33|134.54|36.45|11
united-kingdom|england-southborough|2023-10-01|0.0|0.0|0|96.72|26.18|11
united-kingdom|england-southend-on-sea|2023-10-01|53.53|6.75|28|127.83|28.22|10
united-kingdom|england-southport|2023-10-01|51.99|9.54|36|53.25|15.59|19
united-kingdom|england-spalding|2023-10-01|0.0|0.0|0|130.38|80.97|11
united-kingdom|england-speke|2023-10-01|0.0|0.0|0|137.28|28.74|17
united-kingdom|england-spennymoor|2023-10-01|0.0|0.0|0|154.04|69.77|13
united-kingdom|england-sprotbrough|2023-10-01|0.0|0.0|0|130.17|26.26|13
united-kingdom|england-stafford|2023-10-01|45.97|8.29|33|140.43|26.18|17
united-kingdom|england-staines-upon-thames|2023-10-01|0.0|0.0|0|128.34|28.62|7
united-kingdom|england-stalybridge|2023-10-01|0.0|0.0|0|71.53|18.89|15
united-kingdom|england-stamford|2023-10-01|0.0|0.0|0|73.85|26.21|12
united-kingdom|england-standish|2023-10-01|0.0|0.0|0|105.88|21.11|16
united-kingdom|england-stanford-le-hope|2023-10-01|0.0|0.0|0|140.47|29.15|11
united-kingdom|england-stanley|2023-10-01|0.0|0.0|0|60.5|18.52|16
united-kingdom|england-stanmore|2023-10-01|45.15|5.38|28|85.39|24.41|9
united-kingdom|england-stanwell|2023-10-01|0.0|0.0|0|165.62|67.72|7
united-kingdom|england-stapleford|2023-10-01|0.0|0.0|0|138.15|26.38|20
united-kingdom|england-stevenage|2023-10-01|67.83|9.96|26|137.33|26.17|12
united-kingdom|england-stockport|2023-10-01|80.6|10.06|33|115.24|25.96|13
united-kingdom|england-stockton-on-tees|2023-10-01|48.04|6.84|38|149.6|30.33|19
united-kingdom|england-stoke-gifford|2023-10-01|0.0|0.0|0|125.93|26.22|12
united-kingdom|england-stoke-on-trent|2023-10-01|73.54|9.32|34|85.56|21.12|13
united-kingdom|england-stone|2023-10-01|0.0|0.0|0|136.41|28.62|14
united-kingdom|england-storrington|2023-10-01|0.0|0.0|0|43.36|12.27|11
united-kingdom|england-stotfold|2023-10-01|0.0|0.0|0|143.08|29.95|9
united-kingdom|england-stourbridge|2023-10-01|0.0|0.0|0|94.8|20.91|19
united-kingdom|england-stourport-on-severn|2023-10-01|0.0|0.0|0|48.14|15.0|14
united-kingdom|england-stowmarket|2023-10-01|0.0|0.0|0|85.32|24.68|7
united-kingdom|england-stratford-upon-avon|2023-10-01|0.0|0.0|0|101.46|23.41|14
united-kingdom|england-street|2023-10-01|0.0|0.0|0|89.06|31.37|12
united-kingdom|england-stretford|2023-10-01|99.84|14.05|32|95.77|25.84|14
united-kingdom|england-stroud|2023-10-01|0.0|0.0|0|50.99|16.23|14
united-kingdom|england-sunbury-on-thames|2023-10-01|0.0|0.0|0|122.87|27.03|8
united-kingdom|england-sunderland|2023-10-01|69.2|8.93|33|98.14|25.09|18
united-kingdom|england-surbiton|2023-10-01|0.0|0.0|0|119.13|26.07|10
united-kingdom|england-sutton|2023-10-01|93.69|9.51|26|98.76|25.85|8
united-kingdom|england-sutton|2023-10-01|93.69|9.51|26|98.76|25.85|8
united-kingdom|england-sutton-in-ashfield|2023-10-01|0.0|0.0|0|136.23|26.16|15
united-kingdom|england-swanley|2023-10-01|0.0|0.0|0|72.06|19.24|11
united-kingdom|england-swindon|2023-10-01|44.15|5.9|30|142.42|30.66|14
united-kingdom|england-swinton|2023-10-01|0.0|0.0|0|142.72|28.96|11
united-kingdom|england-swinton|2023-10-01|0.0|0.0|0|142.72|28.96|11
united-kingdom|england-tadley|2023-10-01|0.0|0.0|0|58.6|16.72|11
united-kingdom|england-tamworth|2023-10-01|0.0|0.0|0|119.04|25.21|17
united-kingdom|england-taplow|2023-10-01|0.0|0.0|0|65.32|18.41|9
united-kingdom|england-taunton|2023-10-01|0.0|0.0|0|70.32|22.66|14
united-kingdom|england-teddington|2023-10-01|0.0|0.0|0|105.7|26.11|8
united-kingdom|england-telford|2023-10-01|32.5|6.1|34|115.41|25.82|15
united-kingdom|england-thame|2023-10-01|0.0|0.0|0|145.52|52.2|8
united-kingdom|england-thames-ditton|2023-10-01|0.0|0.0|0|112.22|29.15|9
united-kingdom|england-thatcham|2023-10-01|0.0|0.0|0|94.89|24.23|10
united-kingdom|england-thetford|2023-10-01|0.0|0.0|0|53.46|17.94|10
united-kingdom|england-thornaby|2023-10-01|0.0|0.0|0|183.52|37.05|18
united-kingdom|england-thornbury|2023-10-01|0.0|0.0|0|137.02|26.0|12
united-kingdom|england-thornton-heath|2023-10-01|0.0|0.0|0|156.48|48.76|7
united-kingdom|england-tilbury|2023-10-01|0.0|0.0|0|234.0|36.64|12
united-kingdom|england-timperley|2023-10-01|0.0|0.0|0|89.15|24.24|14
united-kingdom|england-tingley|2023-10-01|0.0|0.0|0|78.32|27.66|10
united-kingdom|england-tipton|2023-10-01|0.0|0.0|0|107.35|24.03|14
united-kingdom|england-tiverton|2023-10-01|0.0|0.0|0|59.03|18.24|16
united-kingdom|england-tividale|2023-10-01|0.0|0.0|0|106.22|22.32|19
united-kingdom|england-toddington|2023-10-01|0.0|0.0|0|72.29|21.13|10
united-kingdom|england-todmorden|2023-10-01|0.0|0.0|0|45.93|14.18|18
united-kingdom|england-tonbridge|2023-10-01|0.0|0.0|0|108.96|26.54|10
united-kingdom|england-torquay|2023-10-01|0.0|0.0|0|109.65|27.47|16
united-kingdom|england-totton|2023-10-01|0.0|0.0|0|77.83|19.57|12
united-kingdom|england-tring|2023-10-01|0.0|0.0|0|84.3|21.83|12
united-kingdom|england-trowbridge|2023-10-01|0.0|0.0|0|121.97|26.11|13
united-kingdom|england-truro|2023-10-01|0.0|0.0|0|58.52|17.63|16
united-kingdom|england-twickenham|2023-10-01|85.92|7.48|28|137.0|28.19|10
united-kingdom|england-tyldesley|2023-10-01|0.0|0.0|0|82.83|22.38|15
united-kingdom|england-uckfield|2023-10-01|0.0|0.0|0|72.95|24.63|8
united-kingdom|england-upminster|2023-10-01|0.0|0.0|0|73.37|20.84|10
united-kingdom|england-upton|2023-10-01|0.0|0.0|0|184.3|41.67|14
united-kingdom|england-urmston|2023-10-01|0.0|0.0|0|83.1|20.9|14
united-kingdom|england-uttoxeter|2023-10-01|0.0|0.0|0|73.77|23.35|12
united-kingdom|england-uxbridge|2023-10-01|68.24|8.6|27|143.59|28.46|9
united-kingdom|england-verwood|2023-10-01|0.0|0.0|0|97.6|28.12|10
united-kingdom|england-wakefield|2023-10-01|59.23|8.73|33|117.08|26.18|11
united-kingdom|england-wallasey|2023-10-01|0.0|0.0|0|122.96|28.85|16
united-kingdom|england-wallington|2023-10-01|0.0|0.0|0|136.86|29.69|9
united-kingdom|england-wallsend|2023-10-01|0.0|0.0|0|138.02|26.17|19
united-kingdom|england-walnut-tree|2023-10-01|0.0|0.0|0|85.86|31.01|9
united-kingdom|england-walsall|2023-10-01|78.86|8.58|30|104.31|25.65|18
united-kingdom|england-waltham-abbey|2023-10-01|0.0|0.0|0|71.15|20.76|8
united-kingdom|england-walton-on-thames|2023-10-01|0.0|0.0|0|137.23|28.94|11
united-kingdom|england-ware|2023-10-01|0.0|0.0|0|120.62|24.02|12
united-kingdom|england-warfield|2023-10-01|0.0|0.0|0|143.82|35.88|8
united-kingdom|england-warley|2023-10-01|0.0|0.0|0|71.95|18.74|7
united-kingdom|england-warlingham|2023-10-01|0.0|0.0|0|74.15|18.53|10
united-kingdom|england-warminster|2023-10-01|0.0|0.0|0|66.86|20.82|14
united-kingdom|england-warmsworth|2023-10-01|0.0|0.0|0|134.44|26.19|12
united-kingdom|england-warrington|2023-10-01|61.32|9.39|33|115.13|26.02|13
united-kingdom|england-warwick|2023-10-01|0.0|0.0|0|75.18|23.0|15
united-kingdom|england-washington|2023-10-01|0.0|0.0|0|65.92|19.5|19
united-kingdom|england-waterbeach|2023-10-01|0.0|0.0|0|92.47|22.14|14
united-kingdom|england-waterlooville|2023-10-01|0.0|0.0|0|110.03|23.56|16
united-kingdom|england-watford|2023-10-01|81.32|9.2|28|135.56|26.33|10
united-kingdom|england-wath-upon-dearne|2023-10-01|0.0|0.0|0|66.48|21.05|13
united-kingdom|england-wednesbury|2023-10-01|0.0|0.0|0|74.64|22.93|15
united-kingdom|england-welling|2023-10-01|0.0|0.0|0|134.22|28.94|6
united-kingdom|england-wellingborough|2023-10-01|0.0|0.0|0|127.36|26.07|13
united-kingdom|england-wells|2023-10-01|0.0|0.0|0|70.76|18.5|12
united-kingdom|england-welwyn|2023-10-01|0.0|0.0|0|73.32|19.65|9
united-kingdom|england-welwyn-garden-city|2023-10-01|0.0|0.0|0|140.95|29.91|10
united-kingdom|england-wembley|2023-10-01|61.35|7.06|27|93.95|28.14|8
united-kingdom|england-west-bridgford|2023-10-01|0.0|0.0|0|137.62|26.81|19
united-kingdom|england-west-bromwich|2023-10-01|113.41|11.46|30|74.39|20.45|18
united-kingdom|england-west-drayton|2023-10-01|0.0|0.0|0|135.5|33.82|9
united-kingdom|england-west-molesey|2023-10-01|0.0|0.0|0|119.14|28.22|9
united-kingdom|england-west-parley|2023-10-01|0.0|0.0|0|45.78|13.02|18
united-kingdom|england-west-wickham|2023-10-01|0.0|0.0|0|126.69|24.81|10
united-kingdom|england-westbury|2023-10-01|0.0|0.0|0|116.28|24.42|14
united-kingdom|england-westhoughton|2023-10-01|0.0|0.0|0|71.21|19.29|15
united-kingdom|england-weston-super-mare|2023-10-01|44.71|6.18|33|83.39|21.82|13
united-kingdom|england-weybridge|2023-10-01|0.0|0.0|0|62.4|18.0|9
united-kingdom|england-weymouth|2023-10-01|0.0|0.0|0|59.28|17.97|13
united-kingdom|england-whickham|2023-10-01|0.0|0.0|0|118.81|24.76|19
united-kingdom|england-whiston|2023-10-01|0.0|0.0|0|118.12|27.49|16
united-kingdom|england-whitefield|2023-10-01|0.0|0.0|0|138.6|30.89|14
united-kingdom|england-whitehaven|2023-10-01|0.0|0.0|0|38.09|11.23|21
united-kingdom|england-whiteley|2023-10-01|0.0|0.0|0|106.96|20.9|15
united-kingdom|england-whitley-bay|2023-10-01|0.0|0.0|0|148.44|28.69|19
united-kingdom|england-whitstable|2023-10-01|0.0|0.0|0|63.74|18.29|8
united-kingdom|england-whittington|2023-10-01|0.0|0.0|0|164.08|26.23|17
united-kingdom|england-whitwick|2023-10-01|0.0|0.0|0|138.07|27.4|20
united-kingdom|england-wickford|2023-10-01|0.0|0.0|0|75.26|23.21|9
united-kingdom|england-widley|2023-10-01|0.0|0.0|0|207.32|33.3|16
united-kingdom|england-widnes|2023-10-01|0.0|0.0|0|73.69|20.53|17
united-kingdom|england-wigan|2023-10-01|71.27|10.12|34|134.77|26.35|15
united-kingdom|england-wigston|2023-10-01|0.0|0.0|0|96.9|20.94|19
united-kingdom|england-willenhall|2023-10-01|0.0|0.0|0|103.62|25.45|18
united-kingdom|england-willesborough|2023-10-01|0.0|0.0|0|129.82|27.73|9
united-kingdom|england-wilmslow|2023-10-01|0.0|0.0|0|67.35|18.61|15
united-kingdom|england-wilnecote|2023-10-01|0.0|0.0|0|124.57|20.67|18
united-kingdom|england-winchester|2023-10-01|0.0|0.0|0|71.75|18.77|14
united-kingdom|england-windsor|2023-10-01|0.0|0.0|0|132.76|34.64|9
united-kingdom|england-winkfield-row|2023-10-01|0.0|0.0|0|82.98|25.78|8
united-kingdom|england-winnersh|2023-10-01|0.0|0.0|0|73.2|20.15|11
united-kingdom|england-winsford|2023-10-01|0.0|0.0|0|105.2|28.87|15
united-kingdom|england-winterbourne|2023-10-01|0.0|0.0|0|108.93|25.55|12
united-kingdom|england-wisbech|2023-10-01|0.0|0.0|0|74.01|19.62|12
united-kingdom|england-witham|2023-10-01|0.0|0.0|0|54.31|17.29|8
united-kingdom|england-witney|2023-10-01|0.0|0.0|0|103.7|26.05|11
united-kingdom|england-woking|2023-10-01|21.12|5.2|30|92.08|23.5|11
united-kingdom|england-wokingham|2023-10-01|0.0|0.0|0|83.18|20.93|11
united-kingdom|england-wolverhampton|2023-10-01|90.75|10.63|30|118.06|26.05|17
united-kingdom|england-wolverton|2023-10-01|0.0|0.0|0|91.4|39.08|9
united-kingdom|england-wombourne|2023-10-01|0.0|0.0|0|53.71|17.27|13
united-kingdom|england-wombwell|2023-10-01|0.0|0.0|0|119.37|26.01|12
united-kingdom|england-wooburn-green|2023-10-01|0.0|0.0|0|117.9|72.84|6
united-kingdom|england-woodley|2023-10-01|0.0|0.0|0|104.58|24.13|11
united-kingdom|england-worcester|2023-10-01|42.46|6.71|36|72.57|25.03|12
united-kingdom|england-worcester-park|2023-10-01|0.0|0.0|0|144.93|33.23|8
united-kingdom|england-workington|2023-10-01|0.0|0.0|0|55.52|17.4|17
united-kingdom|england-worksop|2023-10-01|0.0|0.0|0|73.47|20.16|15
united-kingdom|england-worsley|2023-10-01|0.0|0.0|0|129.33|28.88|14
united-kingdom|england-worthing|2023-10-01|36.28|6.48|32|139.43|29.44|12
united-kingdom|england-wymondham|2023-10-01|0.0|0.0|0|72.14|19.82|10
united-kingdom|england-wythenshawe|2023-10-01|78.42|7.8|33|136.74|26.6|11
united-kingdom|england-yate|2023-10-01|0.0|0.0|0|169.66|32.11|11
united-kingdom|england-yateley|2023-10-01|0.0|0.0|0|141.63|32.11|11
united-kingdom|england-yeadon|2023-10-01|0.0|0.0|0|149.25|28.55|11
united-kingdom|england-yeovil|2023-10-01|0.0|0.0|0|63.97|18.55|13
united-kingdom|england-york|2023-10-01|47.7|7.42|36|94.04|26.02|12
