united-states|maryland-aberdeen|2023-10-01|0.0|0.0|0|225.66|39.72|14
united-states|maryland-adelphi|2023-10-01|0.0|0.0|0|187.14|78.28|9
united-states|maryland-annapolis|2023-10-01|0.0|0.0|0|219.11|44.2|12
united-states|maryland-arnold|2023-10-01|0.0|0.0|0|263.58|41.51|12
united-states|maryland-aspen-hill|2023-10-01|0.0|0.0|0|241.05|89.93|9
united-states|maryland-ballenger-creek|2023-10-01|0.0|0.0|0|247.69|23.4|14
united-states|maryland-baltimore|2023-10-01|137.34|15.98|27|191.39|23.51|14
united-states|maryland-bel-air-north|2023-10-01|0.0|0.0|0|246.88|86.47|12
united-states|maryland-bel-air-south|2023-10-01|0.0|0.0|0|262.5|64.02|12
united-states|maryland-beltsville|2023-10-01|0.0|0.0|0|167.94|94.15|8
united-states|maryland-bennsville|2023-10-01|0.0|0.0|0|211.67|82.57|8
united-states|maryland-bethesda|2023-10-01|97.51|13.3|27|215.36|83.18|8
united-states|maryland-bowie|2023-10-01|0.0|0.0|0|208.77|115.45|7
united-states|maryland-calverton|2023-10-01|0.0|0.0|0|164.37|93.24|7
united-states|maryland-cambridge|2023-10-01|0.0|0.0|0|115.23|15.68|14
united-states|maryland-carney|2023-10-01|0.0|0.0|0|349.74|117.26|10
united-states|maryland-catonsville|2023-10-01|0.0|0.0|0|239.56|75.72|12
united-states|maryland-chevy-chase|2023-10-01|0.0|0.0|0|221.94|86.76|8
united-states|maryland-chillum|2023-10-01|0.0|0.0|0|216.61|35.57|10
united-states|maryland-clarksburg|2023-10-01|0.0|0.0|0|247.96|93.12|8
united-states|maryland-clarksville|2023-10-01|0.0|0.0|0|222.35|119.55|10
united-states|maryland-clinton|2023-10-01|0.0|0.0|0|246.89|93.26|7
united-states|maryland-cloverly|2023-10-01|0.0|0.0|0|253.53|137.88|7
united-states|maryland-cockeysville|2023-10-01|0.0|0.0|0|208.73|62.01|11
united-states|maryland-colesville|2023-10-01|0.0|0.0|0|191.7|80.42|9
united-states|maryland-college-park|2023-10-01|0.0|0.0|0|164.99|76.0|8
united-states|maryland-columbia|2023-10-01|207.36|13.8|31|243.87|88.27|10
united-states|maryland-crofton|2023-10-01|0.0|0.0|0|263.95|90.12|11
united-states|maryland-cumberland|2023-10-01|0.0|0.0|0|138.87|24.71|22
united-states|maryland-damascus|2023-10-01|0.0|0.0|0|278.19|128.26|8
united-states|maryland-dundalk|2023-10-01|0.0|0.0|0|303.08|108.89|11
united-states|maryland-easton|2023-10-01|0.0|0.0|0|110.04|23.42|13
united-states|maryland-eldersburg|2023-10-01|0.0|0.0|0|233.38|23.51|15
united-states|maryland-elkridge|2023-10-01|0.0|0.0|0|267.94|117.46|11
united-states|maryland-elkton|2023-10-01|0.0|0.0|0|248.2|22.76|19
united-states|maryland-ellicott-city|2023-10-01|0.0|0.0|0|226.63|96.66|10
united-states|maryland-essex|2023-10-01|0.0|0.0|0|267.79|93.18|13
united-states|maryland-fort-meade|2023-10-01|0.0|0.0|0|279.89|23.4|13
united-states|maryland-fort-washington|2023-10-01|0.0|0.0|0|227.72|118.46|7
united-states|maryland-frederick|2023-10-01|0.0|0.0|0|251.83|23.53|14
united-states|maryland-friendly|2023-10-01|0.0|0.0|0|273.38|114.3|7
united-states|maryland-gaithersburg|2023-10-01|86.26|8.4|28|248.13|93.89|8
united-states|maryland-germantown|2023-10-01|0.0|0.0|0|273.35|118.5|7
united-states|maryland-glen-burnie|2023-10-01|0.0|0.0|0|241.6|83.88|11
united-states|maryland-great-mills|2023-10-01|0.0|0.0|0|167.1|30.64|18
united-states|maryland-greater-landover|2023-10-01|0.0|0.0|0|207.64|90.65|8
united-states|maryland-greenbelt|2023-10-01|0.0|0.0|0|183.16|77.82|8
united-states|maryland-hagerstown|2023-10-01|0.0|0.0|0|220.39|38.44|8
united-states|maryland-halethorpe|2023-10-01|0.0|0.0|0|424.99|23.74|12
united-states|maryland-havre-de-grace|2023-10-01|0.0|0.0|0|253.96|22.85|14
united-states|maryland-hollywood|2023-10-01|0.0|0.0|0|172.25|35.49|17
united-states|maryland-kemp-mill|2023-10-01|0.0|0.0|0|247.02|113.43|7
united-states|maryland-laurel|2023-10-01|0.0|0.0|0|234.07|109.82|7
united-states|maryland-lexington-park|2023-10-01|0.0|0.0|0|166.0|38.76|18
united-states|maryland-linganore-bartonsville|2023-10-01|0.0|0.0|0|306.59|23.06|15
united-states|maryland-lochearn|2023-10-01|0.0|0.0|0|212.74|41.09|12
united-states|maryland-lutherville-timonium|2023-10-01|0.0|0.0|0|234.58|40.71|11
united-states|maryland-middle-river|2023-10-01|0.0|0.0|0|244.82|84.73|14
united-states|maryland-montgomery-village|2023-10-01|0.0|0.0|0|270.1|66.18|9
united-states|maryland-north-bethesda|2023-10-01|0.0|0.0|0|258.03|115.01|8
united-states|maryland-north-kensington|2023-10-01|0.0|0.0|0|242.01|137.06|7
united-states|maryland-north-laurel|2023-10-01|0.0|0.0|0|233.6|107.87|7
united-states|maryland-north-potomac|2023-10-01|0.0|0.0|0|231.37|92.78|8
united-states|maryland-ocean-city|2023-10-01|0.0|0.0|0|192.69|11.89|16
united-states|maryland-odenton|2023-10-01|0.0|0.0|0|214.87|39.99|11
united-states|maryland-olney|2023-10-01|0.0|0.0|0|221.57|94.12|7
united-states|maryland-owings-mills|2023-10-01|0.0|0.0|0|247.05|84.59|12
united-states|maryland-parkville|2023-10-01|0.0|0.0|0|274.15|63.66|12
united-states|maryland-parole|2023-10-01|0.0|0.0|0|254.07|94.98|11
united-states|maryland-pasadena|2023-10-01|0.0|0.0|0|238.79|82.16|11
united-states|maryland-perry-hall|2023-10-01|0.0|0.0|0|266.03|94.71|12
united-states|maryland-pikesville|2023-10-01|0.0|0.0|0|243.1|104.91|11
united-states|maryland-potomac|2023-10-01|0.0|0.0|0|229.07|100.82|8
united-states|maryland-randallstown|2023-10-01|0.0|0.0|0|240.8|79.36|12
united-states|maryland-redland|2023-10-01|0.0|0.0|0|292.69|82.42|8
united-states|maryland-reisterstown|2023-10-01|0.0|0.0|0|226.28|91.1|11
united-states|maryland-rockville|2023-10-01|203.87|18.81|28|236.84|82.03|9
united-states|maryland-saint-charles|2023-10-01|0.0|0.0|0|274.02|129.87|7
united-states|maryland-salisbury|2023-10-01|0.0|0.0|0|220.35|23.27|15
united-states|maryland-seabrook|2023-10-01|0.0|0.0|0|229.1|75.89|8
united-states|maryland-severn|2023-10-01|0.0|0.0|0|287.48|111.5|11
united-states|maryland-severna-park|2023-10-01|0.0|0.0|0|248.06|119.18|11
united-states|maryland-silver-spring|2023-10-01|95.15|10.35|31|203.96|42.39|9
united-states|maryland-towson|2023-10-01|0.0|0.0|0|255.04|92.89|11
united-states|maryland-travilah|2023-10-01|0.0|0.0|0|201.89|74.1|8
united-states|maryland-urbana|2023-10-01|0.0|0.0|0|254.6|22.83|14
united-states|maryland-waldorf|2023-10-01|0.0|0.0|0|239.88|87.53|10
united-states|maryland-westminster|2023-10-01|0.0|0.0|0|243.98|23.97|13
united-states|maryland-wheaton-glenmont|2023-10-01|0.0|0.0|0|239.68|94.18|8
united-states|maryland-white-marsh|2023-10-01|0.0|0.0|0|230.18|48.43|11
united-states|massachusetts-acton|2023-10-01|0.0|0.0|0|225.33|85.78|10
united-states|massachusetts-agawam|2023-10-01|0.0|0.0|0|275.57|23.88|16
united-states|massachusetts-amesbury|2023-10-01|0.0|0.0|0|209.64|23.43|17
united-states|massachusetts-amherst|2023-10-01|0.0|0.0|0|176.86|19.2|16
united-states|massachusetts-andover|2023-10-01|0.0|0.0|0|207.73|59.69|9
united-states|massachusetts-arlington|2023-10-01|0.0|0.0|0|213.43|59.64|9
united-states|massachusetts-ashland|2023-10-01|0.0|0.0|0|222.09|91.65|8
united-states|massachusetts-attleboro|2023-10-01|0.0|0.0|0|267.45|23.11|15
united-states|massachusetts-auburn|2023-10-01|0.0|0.0|0|235.6|11.4|9
united-states|massachusetts-barnstable|2023-10-01|0.0|0.0|0|200.3|23.0|16
united-states|massachusetts-bedford|2023-10-01|0.0|0.0|0|188.18|91.52|8
united-states|massachusetts-belmont|2023-10-01|0.0|0.0|0|230.16|108.4|7
united-states|massachusetts-beverly|2023-10-01|0.0|0.0|0|211.81|23.24|19
united-states|massachusetts-billerica|2023-10-01|0.0|0.0|0|219.18|46.12|11
united-states|massachusetts-boston|2023-10-01|121.5|17.51|27|223.88|27.52|12
united-states|massachusetts-bourne|2023-10-01|0.0|0.0|0|201.37|21.82|15
united-states|massachusetts-braintree|2023-10-01|0.0|0.0|0|261.95|88.16|8
united-states|massachusetts-brewster|2023-10-01|0.0|0.0|0|205.71|18.94|18
united-states|massachusetts-bridgewater|2023-10-01|0.0|0.0|0|204.2|23.11|15
united-states|massachusetts-brockton|2023-10-01|0.0|0.0|0|249.62|23.8|15
united-states|massachusetts-brookline|2023-10-01|0.0|0.0|0|220.91|23.66|13
united-states|massachusetts-burlington|2023-10-01|0.0|0.0|0|232.74|68.16|10
united-states|massachusetts-cambridge|2023-10-01|99.3|15.98|27|201.69|23.16|14
united-states|massachusetts-canton|2023-10-01|0.0|0.0|0|217.66|97.44|7
united-states|massachusetts-charlton|2023-10-01|0.0|0.0|0|193.63|11.33|10
united-states|massachusetts-chelmsford|2023-10-01|0.0|0.0|0|226.12|42.78|10
united-states|massachusetts-chelsea|2023-10-01|0.0|0.0|0|227.68|23.5|13
united-states|massachusetts-chicopee|2023-10-01|0.0|0.0|0|228.43|11.43|11
united-states|massachusetts-concord|2023-10-01|0.0|0.0|0|186.83|41.5|12
united-states|massachusetts-danvers|2023-10-01|0.0|0.0|0|250.9|40.82|12
united-states|massachusetts-dartmouth|2023-10-01|0.0|0.0|0|246.78|22.79|15
united-states|massachusetts-dedham|2023-10-01|0.0|0.0|0|258.57|52.64|10
united-states|massachusetts-dennis|2023-10-01|0.0|0.0|0|179.34|19.22|17
united-states|massachusetts-dracut|2023-10-01|0.0|0.0|0|258.76|29.62|14
united-states|massachusetts-easton|2023-10-01|0.0|0.0|0|233.49|38.51|11
united-states|massachusetts-everett|2023-10-01|0.0|0.0|0|246.09|23.51|13
united-states|massachusetts-fall-river|2023-10-01|0.0|0.0|0|259.83|23.13|15
united-states|massachusetts-falmouth|2023-10-01|0.0|0.0|0|220.01|22.77|17
united-states|massachusetts-fitchburg|2023-10-01|0.0|0.0|0|229.3|37.2|14
united-states|massachusetts-foxborough|2023-10-01|0.0|0.0|0|207.34|24.76|12
united-states|massachusetts-framingham|2023-10-01|0.0|0.0|0|257.58|46.73|9
united-states|massachusetts-franklin|2023-10-01|0.0|0.0|0|215.59|47.06|9
united-states|massachusetts-gardner|2023-10-01|0.0|0.0|0|225.88|22.22|19
united-states|massachusetts-gloucester|2023-10-01|0.0|0.0|0|256.99|23.23|17
united-states|massachusetts-grafton|2023-10-01|0.0|0.0|0|169.02|29.51|8
united-states|massachusetts-great-barrington|2023-10-01|0.0|0.0|0|158.1|11.6|29
united-states|massachusetts-greenfield|2023-10-01|0.0|0.0|0|137.39|30.2|15
united-states|massachusetts-groton|2023-10-01|0.0|0.0|0|175.27|72.99|9
united-states|massachusetts-harwich|2023-10-01|0.0|0.0|0|231.65|19.06|17
united-states|massachusetts-haverhill|2023-10-01|0.0|0.0|0|251.76|23.32|16
united-states|massachusetts-hingham|2023-10-01|0.0|0.0|0|176.4|33.72|12
united-states|massachusetts-holden|2023-10-01|0.0|0.0|0|200.48|11.38|11
united-states|massachusetts-holliston|2023-10-01|0.0|0.0|0|254.89|83.05|8
united-states|massachusetts-holyoke|2023-10-01|0.0|0.0|0|206.23|23.3|16
united-states|massachusetts-hopkinton|2023-10-01|0.0|0.0|0|550.04|41.89|12
united-states|massachusetts-hudson|2023-10-01|0.0|0.0|0|195.21|94.52|9
united-states|massachusetts-lancaster|2023-10-01|0.0|0.0|0|235.83|23.2|15
united-states|massachusetts-lawrence|2023-10-01|0.0|0.0|0|239.28|39.46|10
united-states|massachusetts-leominster|2023-10-01|0.0|0.0|0|277.84|41.71|9
united-states|massachusetts-lexington|2023-10-01|0.0|0.0|0|222.26|94.88|7
united-states|massachusetts-littleton|2023-10-01|0.0|0.0|0|202.5|69.22|9
united-states|massachusetts-longmeadow|2023-10-01|0.0|0.0|0|213.7|23.04|17
united-states|massachusetts-lowell|2023-10-01|0.0|0.0|0|243.44|30.11|14
united-states|massachusetts-ludlow|2023-10-01|0.0|0.0|0|230.08|11.32|12
united-states|massachusetts-lynn|2023-10-01|0.0|0.0|0|233.35|57.0|10
united-states|massachusetts-malden|2023-10-01|0.0|0.0|0|268.32|74.63|8
united-states|massachusetts-mansfield|2023-10-01|0.0|0.0|0|230.74|40.04|11
united-states|massachusetts-marblehead|2023-10-01|0.0|0.0|0|208.76|75.62|8
united-states|massachusetts-marlborough|2023-10-01|0.0|0.0|0|248.14|86.25|8
united-states|massachusetts-marshfield|2023-10-01|0.0|0.0|0|269.79|90.13|9
united-states|massachusetts-mashpee|2023-10-01|0.0|0.0|0|242.65|23.76|17
united-states|massachusetts-maynard|2023-10-01|0.0|0.0|0|210.44|67.52|11
united-states|massachusetts-medfield|2023-10-01|0.0|0.0|0|247.74|72.17|8
united-states|massachusetts-medford|2023-10-01|0.0|0.0|0|236.23|42.04|10
united-states|massachusetts-medway|2023-10-01|0.0|0.0|0|252.59|41.65|9
united-states|massachusetts-melrose|2023-10-01|0.0|0.0|0|212.36|41.31|9
united-states|massachusetts-methuen|2023-10-01|0.0|0.0|0|234.18|39.77|10
united-states|massachusetts-middleborough|2023-10-01|0.0|0.0|0|235.62|41.42|10
united-states|massachusetts-milford|2023-10-01|0.0|0.0|0|231.14|59.22|9
united-states|massachusetts-milton|2023-10-01|0.0|0.0|0|237.26|23.63|13
united-states|massachusetts-nantucket|2023-10-01|0.0|0.0|0|206.86|23.21|21
united-states|massachusetts-natick|2023-10-01|0.0|0.0|0|239.9|76.12|9
united-states|massachusetts-needham|2023-10-01|0.0|0.0|0|230.73|77.34|10
united-states|massachusetts-new-bedford|2023-10-01|0.0|0.0|0|265.74|23.1|15
united-states|massachusetts-newburyport|2023-10-01|0.0|0.0|0|219.09|23.62|16
united-states|massachusetts-newton|2023-10-01|90.34|13.98|28|218.16|77.46|9
united-states|massachusetts-north-adams|2023-10-01|0.0|0.0|0|219.09|11.63|30
united-states|massachusetts-north-andover|2023-10-01|0.0|0.0|0|234.5|87.9|7
united-states|massachusetts-north-attleborough|2023-10-01|0.0|0.0|0|209.7|47.34|9
united-states|massachusetts-north-reading|2023-10-01|0.0|0.0|0|216.61|94.3|8
united-states|massachusetts-northampton|2023-10-01|0.0|0.0|0|204.32|20.84|16
united-states|massachusetts-northborough|2023-10-01|0.0|0.0|0|230.4|127.18|7
united-states|massachusetts-northbridge|2023-10-01|0.0|0.0|0|211.13|11.64|9
united-states|massachusetts-norwood|2023-10-01|0.0|0.0|0|205.02|31.39|11
united-states|massachusetts-oxford|2023-10-01|0.0|0.0|0|233.38|11.33|9
united-states|massachusetts-peabody|2023-10-01|0.0|0.0|0|244.16|22.79|17
united-states|massachusetts-pembroke|2023-10-01|0.0|0.0|0|237.4|23.57|13
united-states|massachusetts-pepperell|2023-10-01|0.0|0.0|0|230.67|11.48|17
united-states|massachusetts-pittsfield|2023-10-01|0.0|0.0|0|236.55|11.6|27
united-states|massachusetts-plymouth|2023-10-01|0.0|0.0|0|235.76|41.26|11
united-states|massachusetts-quincy|2023-10-01|0.0|0.0|0|219.77|22.42|13
united-states|massachusetts-randolph|2023-10-01|0.0|0.0|0|228.0|81.2|8
united-states|massachusetts-reading|2023-10-01|0.0|0.0|0|203.46|105.94|7
united-states|massachusetts-rehoboth|2023-10-01|0.0|0.0|0|231.04|22.76|15
united-states|massachusetts-revere|2023-10-01|0.0|0.0|0|202.32|23.15|13
united-states|massachusetts-salem|2023-10-01|0.0|0.0|0|164.9|22.16|14
united-states|massachusetts-sandwich|2023-10-01|0.0|0.0|0|233.58|22.34|17
united-states|massachusetts-saugus|2023-10-01|0.0|0.0|0|221.89|23.09|13
united-states|massachusetts-scituate|2023-10-01|0.0|0.0|0|246.98|23.62|16
united-states|massachusetts-sharon|2023-10-01|0.0|0.0|0|250.22|23.37|14
united-states|massachusetts-shrewsbury|2023-10-01|0.0|0.0|0|98.92|10.05|9
united-states|massachusetts-somerville|2023-10-01|101.19|11.94|28|205.97|22.61|14
united-states|massachusetts-southbridge|2023-10-01|0.0|0.0|0|243.56|11.4|11
united-states|massachusetts-springfield|2023-10-01|0.0|0.0|0|236.89|23.32|16
united-states|massachusetts-stoneham|2023-10-01|0.0|0.0|0|244.26|87.08|9
united-states|massachusetts-stoughton|2023-10-01|0.0|0.0|0|243.44|90.62|9
united-states|massachusetts-sudbury|2023-10-01|0.0|0.0|0|215.1|115.7|8
united-states|massachusetts-sutton|2023-10-01|0.0|0.0|0|235.72|22.01|8
united-states|massachusetts-swampscott|2023-10-01|0.0|0.0|0|109.81|23.82|12
united-states|massachusetts-taunton|2023-10-01|0.0|0.0|0|252.91|38.61|10
united-states|massachusetts-tewksbury|2023-10-01|0.0|0.0|0|234.65|41.34|11
united-states|massachusetts-wakefield|2023-10-01|0.0|0.0|0|244.92|77.34|9
united-states|massachusetts-walpole|2023-10-01|0.0|0.0|0|231.39|40.99|10
united-states|massachusetts-waltham|2023-10-01|0.0|0.0|0|227.0|35.92|9
united-states|massachusetts-wareham|2023-10-01|0.0|0.0|0|267.33|41.99|10
united-states|massachusetts-watertown|2023-10-01|0.0|0.0|0|241.88|22.71|12
united-states|massachusetts-wayland|2023-10-01|0.0|0.0|0|211.97|64.94|8
united-states|massachusetts-wellesley|2023-10-01|0.0|0.0|0|224.88|66.72|10
united-states|massachusetts-west-springfield|2023-10-01|0.0|0.0|0|240.3|24.0|16
united-states|massachusetts-westborough|2023-10-01|0.0|0.0|0|144.47|53.56|8
united-states|massachusetts-westfield|2023-10-01|0.0|0.0|0|241.15|106.5|12
united-states|massachusetts-westford|2023-10-01|0.0|0.0|0|214.66|104.0|8
united-states|massachusetts-weston|2023-10-01|0.0|0.0|0|214.53|41.47|11
united-states|massachusetts-westport|2023-10-01|0.0|0.0|0|191.98|11.43|12
united-states|massachusetts-weymouth|2023-10-01|0.0|0.0|0|256.02|23.26|14
united-states|massachusetts-wilmington|2023-10-01|0.0|0.0|0|251.31|87.37|9
united-states|massachusetts-winchester|2023-10-01|0.0|0.0|0|234.16|85.51|9
united-states|massachusetts-woburn|2023-10-01|0.0|0.0|0|276.45|62.96|9
united-states|massachusetts-worcester|2023-10-01|76.36|11.78|30|226.03|11.37|11
united-states|massachusetts-yarmouth|2023-10-01|0.0|0.0|0|202.07|19.44|16
united-states|michigan-adrian|2023-10-01|0.0|0.0|0|206.03|39.2|11
united-states|michigan-allen-park|2023-10-01|0.0|0.0|0|263.43|40.28|17
united-states|michigan-allendale-charter-township|2023-10-01|0.0|0.0|0|223.31|33.6|8
united-states|michigan-ann-arbor|2023-10-01|272.82|14.56|25|208.96|23.16|13
united-states|michigan-auburn-hills|2023-10-01|0.0|0.0|0|222.43|23.86|12
united-states|michigan-battle-creek|2023-10-01|0.0|0.0|0|199.65|22.36|14
united-states|michigan-bay-city|2023-10-01|0.0|0.0|0|196.39|11.39|17
united-states|michigan-berkley|2023-10-01|0.0|0.0|0|269.88|53.95|14
united-states|michigan-birmingham|2023-10-01|0.0|0.0|0|230.04|38.41|12
united-states|michigan-blackman|2023-10-01|0.0|0.0|0|174.4|20.71|17
united-states|michigan-bloomfield-hills|2023-10-01|0.0|0.0|0|212.02|23.21|13
united-states|michigan-bloomfield-township|2023-10-01|0.0|0.0|0|232.11|23.29|13
united-states|michigan-brighton|2023-10-01|0.0|0.0|0|217.77|21.04|14
united-states|michigan-brownstown-charter-township|2023-10-01|0.0|0.0|0|237.86|22.08|13
united-states|michigan-burton|2023-10-01|0.0|0.0|0|238.16|21.42|14
united-states|michigan-canton|2023-10-01|122.82|7.93|26|220.09|23.55|17
united-states|michigan-charter-township-of-clinton|2023-10-01|177.82|9.17|24|237.72|25.13|16
united-states|michigan-clawson|2023-10-01|0.0|0.0|0|229.79|23.5|13
united-states|michigan-coldwater|2023-10-01|0.0|0.0|0|241.76|34.99|10
united-states|michigan-commerce-charter-township|2023-10-01|0.0|0.0|0|223.26|22.63|13
united-states|michigan-dearborn|2023-10-01|135.47|11.64|24|224.18|29.06|16
united-states|michigan-dearborn-heights|2023-10-01|0.0|0.0|0|226.0|26.76|16
united-states|michigan-delhi-charter-township|2023-10-01|0.0|0.0|0|214.77|21.22|20
united-states|michigan-delta-charter-township|2023-10-01|0.0|0.0|0|191.19|23.35|16
united-states|michigan-detroit|2023-10-01|160.24|10.8|27|111.93|19.97|13
united-states|michigan-east-grand-rapids|2023-10-01|0.0|0.0|0|216.99|24.01|23
united-states|michigan-east-lansing|2023-10-01|0.0|0.0|0|235.52|69.12|10
united-states|michigan-eastpointe|2023-10-01|0.0|0.0|0|320.63|64.35|12
united-states|michigan-emmett-charter-township|2023-10-01|0.0|0.0|0|138.06|21.49|15
united-states|michigan-farmington|2023-10-01|0.0|0.0|0|240.14|22.09|20
united-states|michigan-farmington-hills|2023-10-01|181.32|10.28|24|258.14|21.04|20
united-states|michigan-fenton|2023-10-01|0.0|0.0|0|236.71|11.59|18
united-states|michigan-fenton-township|2023-10-01|0.0|0.0|0|227.48|11.52|18
united-states|michigan-ferndale|2023-10-01|0.0|0.0|0|223.46|34.25|15
united-states|michigan-flat-rock|2023-10-01|0.0|0.0|0|246.2|23.63|14
united-states|michigan-flint|2023-10-01|0.0|0.0|0|207.59|20.03|14
united-states|michigan-flint-township|2023-10-01|0.0|0.0|0|226.1|22.02|13
united-states|michigan-flushing-township|2023-10-01|0.0|0.0|0|217.42|21.53|14
united-states|michigan-forest-hills|2023-10-01|0.0|0.0|0|202.09|23.91|19
united-states|michigan-fort-gratiot-township|2023-10-01|0.0|0.0|0|212.2|21.32|13
united-states|michigan-garden-city|2023-10-01|0.0|0.0|0|232.02|23.29|18
united-states|michigan-garfield-township|2023-10-01|0.0|0.0|0|281.73|11.35|15
united-states|michigan-georgetown-township|2023-10-01|0.0|0.0|0|225.54|23.41|23
united-states|michigan-grand-blanc|2023-10-01|0.0|0.0|0|170.94|22.35|13
united-states|michigan-grand-blanc-township|2023-10-01|0.0|0.0|0|242.48|22.34|14
united-states|michigan-grand-rapids|2023-10-01|126.57|9.8|45|227.55|26.44|22
united-states|michigan-grand-rapids-charter-township|2023-10-01|0.0|0.0|0|237.18|23.89|23
united-states|michigan-grandville|2023-10-01|0.0|0.0|0|195.47|23.59|22
united-states|michigan-greenville|2023-10-01|0.0|0.0|0|258.23|21.11|9
united-states|michigan-grosse-pointe-farms|2023-10-01|0.0|0.0|0|270.82|88.63|11
united-states|michigan-grosse-pointe-woods|2023-10-01|0.0|0.0|0|237.09|53.67|15
united-states|michigan-harrison-charter-township|2023-10-01|0.0|0.0|0|226.4|23.13|15
united-states|michigan-highland-charter-township|2023-10-01|0.0|0.0|0|177.03|19.05|16
united-states|michigan-holland|2023-10-01|0.0|0.0|0|165.92|17.04|21
united-states|michigan-howell|2023-10-01|0.0|0.0|0|196.62|23.55|12
united-states|michigan-hudsonville|2023-10-01|0.0|0.0|0|172.38|16.55|13
united-states|michigan-independence-charter-township|2023-10-01|0.0|0.0|0|225.14|22.77|13
united-states|michigan-jackson|2023-10-01|0.0|0.0|0|192.46|21.81|16
united-states|michigan-kalamazoo|2023-10-01|0.0|0.0|0|239.18|21.19|12
united-states|michigan-kalamazoo-township|2023-10-01|0.0|0.0|0|248.99|16.98|12
united-states|michigan-kentwood|2023-10-01|0.0|0.0|0|238.53|25.97|22
united-states|michigan-lansing|2023-10-01|120.52|9.7|33|209.62|23.83|16
united-states|michigan-lincoln-park|2023-10-01|0.0|0.0|0|213.93|23.94|15
united-states|michigan-livonia|2023-10-01|203.12|8.89|23|221.13|23.54|20
united-states|michigan-lyon-charter-township|2023-10-01|0.0|0.0|0|233.57|23.57|13
united-states|michigan-madison-heights|2023-10-01|0.0|0.0|0|236.44|23.94|15
united-states|michigan-marquette|2023-10-01|0.0|0.0|0|210.25|11.22|21
united-states|michigan-mason|2023-10-01|0.0|0.0|0|145.14|19.22|28
united-states|michigan-meridian-charter-township|2023-10-01|0.0|0.0|0|218.83|23.82|17
united-states|michigan-midland|2023-10-01|0.0|0.0|0|207.01|11.51|16
united-states|michigan-milford-charter-township|2023-10-01|0.0|0.0|0|195.48|22.58|14
united-states|michigan-monitor-charter-township|2023-10-01|0.0|0.0|0|178.56|11.34|16
united-states|michigan-monroe-charter-township|2023-10-01|0.0|0.0|0|255.03|16.32|19
united-states|michigan-mount-pleasant|2023-10-01|0.0|0.0|0|192.52|16.9|15
united-states|michigan-muskegon|2023-10-01|0.0|0.0|0|252.27|23.14|22
united-states|michigan-muskegon-charter-township|2023-10-01|0.0|0.0|0|177.78|22.7|22
united-states|michigan-new-baltimore|2023-10-01|0.0|0.0|0|215.83|22.16|13
united-states|michigan-niles|2023-10-01|0.0|0.0|0|170.43|23.01|19
united-states|michigan-norton-shores|2023-10-01|0.0|0.0|0|216.03|21.24|23
united-states|michigan-novi|2023-10-01|155.07|10.08|25|229.16|20.58|22
united-states|michigan-oak-park|2023-10-01|0.0|0.0|0|239.3|23.25|10
united-states|michigan-oakland-charter-township|2023-10-01|0.0|0.0|0|224.28|23.96|14
united-states|michigan-orchard-lake-village|2023-10-01|0.0|0.0|0|196.74|21.34|13
united-states|michigan-orion-charter-township|2023-10-01|0.0|0.0|0|238.69|22.81|13
united-states|michigan-owosso|2023-10-01|0.0|0.0|0|210.34|22.28|8
united-states|michigan-pittsfield-charter-township|2023-10-01|0.0|0.0|0|226.62|23.1|12
united-states|michigan-plainfield-charter-township|2023-10-01|0.0|0.0|0|242.79|21.82|23
united-states|michigan-plymouth|2023-10-01|0.0|0.0|0|183.71|22.31|16
united-states|michigan-plymouth-charter-township|2023-10-01|0.0|0.0|0|210.07|23.25|16
united-states|michigan-pontiac|2023-10-01|0.0|0.0|0|182.68|23.63|15
united-states|michigan-port-huron|2023-10-01|0.0|0.0|0|257.07|23.12|13
united-states|michigan-port-huron-charter-township|2023-10-01|0.0|0.0|0|252.57|22.37|12
united-states|michigan-portage|2023-10-01|0.0|0.0|0|266.68|22.88|12
united-states|michigan-redford-charter-township|2023-10-01|0.0|0.0|0|252.83|25.56|21
united-states|michigan-rochester|2023-10-01|0.0|0.0|0|207.02|34.34|17
united-states|michigan-rochester-hills|2023-10-01|212.15|11.13|26|217.69|28.47|18
united-states|michigan-romulus|2023-10-01|227.84|18.28|24|106.51|21.66|13
united-states|michigan-roosevelt-park|2023-10-01|0.0|0.0|0|201.84|23.75|22
united-states|michigan-roseville|2023-10-01|0.0|0.0|0|240.34|43.45|16
united-states|michigan-royal-oak|2023-10-01|246.19|13.2|23|227.31|40.18|16
united-states|michigan-saginaw|2023-10-01|0.0|0.0|0|186.86|11.34|13
united-states|michigan-saint-clair-shores|2023-10-01|0.0|0.0|0|236.61|37.17|16
united-states|michigan-shelby-charter-township|2023-10-01|201.2|6.51|25|248.43|40.59|17
united-states|michigan-shelby-township|2023-10-01|201.2|6.51|25|248.43|40.59|17
united-states|michigan-south-lyon|2023-10-01|0.0|0.0|0|199.22|20.04|17
united-states|michigan-southfield|2023-10-01|258.49|15.2|23|195.7|23.5|12
united-states|michigan-southgate|2023-10-01|0.0|0.0|0|240.29|32.96|15
united-states|michigan-springfield-township|2023-10-01|0.0|0.0|0|177.99|20.03|15
united-states|michigan-sterling-heights|2023-10-01|144.97|8.48|23|224.4|23.7|17
united-states|michigan-summit-township|2023-10-01|0.0|0.0|0|229.7|21.94|15
united-states|michigan-taylor|2023-10-01|0.0|0.0|0|234.99|25.29|17
united-states|michigan-texas-charter-township|2023-10-01|0.0|0.0|0|236.45|34.38|19
united-states|michigan-traverse-city|2023-10-01|0.0|0.0|0|186.44|11.29|14
united-states|michigan-trenton|2023-10-01|0.0|0.0|0|221.16|27.79|17
united-states|michigan-troy|2023-10-01|213.32|12.4|24|198.69|23.72|15
united-states|michigan-van-buren-charter-township|2023-10-01|0.0|0.0|0|221.28|23.2|12
united-states|michigan-walker|2023-10-01|0.0|0.0|0|208.93|22.58|22
united-states|michigan-warren|2023-10-01|179.34|10.08|26|211.57|28.59|17
united-states|michigan-waterford-township|2023-10-01|0.0|0.0|0|282.54|23.77|12
united-states|michigan-wayne|2023-10-01|0.0|0.0|0|211.07|32.49|16
united-states|michigan-west-bloomfield-township|2023-10-01|132.19|7.86|27|219.93|22.74|13
united-states|michigan-westland|2023-10-01|0.0|0.0|0|234.52|23.8|17
united-states|michigan-white-lake-charter-township|2023-10-01|0.0|0.0|0|208.56|22.12|13
united-states|michigan-windsor-charter-township|2023-10-01|0.0|0.0|0|194.54|30.96|26
united-states|michigan-wixom|2023-10-01|0.0|0.0|0|242.12|23.57|12
united-states|michigan-woodhaven|2023-10-01|0.0|0.0|0|225.64|23.69|15
united-states|michigan-wyandotte|2023-10-01|0.0|0.0|0|107.48|20.75|14
united-states|michigan-wyoming|2023-10-01|132.96|11.35|47|240.54|40.68|22
united-states|michigan-ypsilanti|2023-10-01|0.0|0.0|0|182.28|23.64|13
united-states|michigan-ypsilanti-charter-township|2023-10-01|0.0|0.0|0|257.69|23.26|12
united-states|michigan-zeeland-charter-township|2023-10-01|0.0|0.0|0|197.78|20.37|10
united-states|minnesota-albertville|2023-10-01|0.0|0.0|0|249.18|15.39|14
united-states|minnesota-alexandria|2023-10-01|0.0|0.0|0|178.52|11.34|11
united-states|minnesota-andover|2023-10-01|0.0|0.0|0|220.26|16.94|15
united-states|minnesota-anoka|2023-10-01|0.0|0.0|0|250.68|21.24|13
united-states|minnesota-apple-valley|2023-10-01|0.0|0.0|0|228.73|17.38|15
united-states|minnesota-arden-hills|2023-10-01|0.0|0.0|0|204.0|21.69|12
united-states|minnesota-austin|2023-10-01|0.0|0.0|0|158.86|21.34|18
united-states|minnesota-blaine|2023-10-01|199.86|9.81|32|226.51|14.32|13
united-states|minnesota-bloomington|2023-10-01|219.36|15.32|29|229.18|17.33|13
united-states|minnesota-brooklyn-center|2023-10-01|0.0|0.0|0|102.46|15.17|14
united-states|minnesota-brooklyn-park|2023-10-01|143.65|6.91|33|230.29|17.79|14
united-states|minnesota-burnsville|2023-10-01|190.58|6.17|29|240.83|17.69|14
united-states|minnesota-champlin|2023-10-01|0.0|0.0|0|211.13|13.08|14
united-states|minnesota-chanhassen|2023-10-01|0.0|0.0|0|218.96|44.54|12
united-states|minnesota-chaska|2023-10-01|0.0|0.0|0|218.13|19.8|14
united-states|minnesota-cloquet|2023-10-01|0.0|0.0|0|126.4|28.72|19
united-states|minnesota-columbia-heights|2023-10-01|0.0|0.0|0|162.4|26.54|11
united-states|minnesota-coon-rapids|2023-10-01|0.0|0.0|0|237.51|16.39|14
united-states|minnesota-corcoran|2023-10-01|0.0|0.0|0|223.67|20.75|14
united-states|minnesota-cottage-grove|2023-10-01|0.0|0.0|0|245.63|21.5|14
united-states|minnesota-crystal|2023-10-01|0.0|0.0|0|238.62|22.8|13
united-states|minnesota-duluth|2023-10-01|0.0|0.0|0|222.43|11.17|15
united-states|minnesota-eagan|2023-10-01|206.4|9.55|27|242.94|17.65|14
united-states|minnesota-eden-prairie|2023-10-01|152.95|7.1|28|233.65|17.11|14
united-states|minnesota-edina|2023-10-01|364.17|16.64|25|234.42|24.01|12
united-states|minnesota-elk-river|2023-10-01|0.0|0.0|0|240.83|11.78|14
united-states|minnesota-falcon-heights|2023-10-01|0.0|0.0|0|173.9|22.27|12
united-states|minnesota-faribault|2023-10-01|0.0|0.0|0|191.65|22.73|15
united-states|minnesota-farmington|2023-10-01|0.0|0.0|0|203.87|14.63|16
united-states|minnesota-forest-lake|2023-10-01|0.0|0.0|0|181.52|33.72|11
united-states|minnesota-fridley|2023-10-01|0.0|0.0|0|150.21|19.74|13
united-states|minnesota-golden-valley|2023-10-01|0.0|0.0|0|155.44|18.75|14
united-states|minnesota-ham-lake|2023-10-01|0.0|0.0|0|212.6|11.99|14
united-states|minnesota-hastings|2023-10-01|0.0|0.0|0|233.2|21.35|14
united-states|minnesota-hermantown|2023-10-01|0.0|0.0|0|94.51|13.74|20
united-states|minnesota-hibbing|2023-10-01|0.0|0.0|0|201.57|31.6|23
united-states|minnesota-hopkins|2023-10-01|0.0|0.0|0|241.91|23.93|13
united-states|minnesota-hutchinson|2023-10-01|0.0|0.0|0|88.12|26.19|10
united-states|minnesota-inver-grove-heights|2023-10-01|0.0|0.0|0|223.11|18.13|14
united-states|minnesota-lake-elmo|2023-10-01|0.0|0.0|0|235.34|19.66|13
united-states|minnesota-lakeville|2023-10-01|173.4|8.87|28|234.26|20.36|15
united-states|minnesota-lino-lakes|2023-10-01|0.0|0.0|0|228.05|18.54|14
united-states|minnesota-mankato|2023-10-01|0.0|0.0|0|189.98|21.88|13
united-states|minnesota-maple-grove|2023-10-01|128.96|5.93|31|233.03|20.05|13
united-states|minnesota-maplewood|2023-10-01|0.0|0.0|0|189.96|17.92|13
united-states|minnesota-minneapolis|2023-10-01|152.22|12.0|28|184.51|42.13|9
united-states|minnesota-minnetonka|2023-10-01|0.0|0.0|0|221.37|17.79|13
united-states|minnesota-minnetrista|2023-10-01|0.0|0.0|0|198.38|50.81|12
united-states|minnesota-monticello|2023-10-01|0.0|0.0|0|182.74|60.0|6
united-states|minnesota-moorhead|2023-10-01|0.0|0.0|0|242.04|104.66|10
united-states|minnesota-mound|2023-10-01|0.0|0.0|0|143.54|37.44|11
united-states|minnesota-new-brighton|2023-10-01|0.0|0.0|0|198.12|19.61|13
united-states|minnesota-new-hope|2023-10-01|0.0|0.0|0|233.12|21.68|12
united-states|minnesota-new-ulm|2023-10-01|0.0|0.0|0|81.9|20.34|10
united-states|minnesota-oakdale|2023-10-01|0.0|0.0|0|236.25|18.73|13
united-states|minnesota-orono|2023-10-01|0.0|0.0|0|189.35|45.95|12
united-states|minnesota-otsego|2023-10-01|0.0|0.0|0|249.42|18.92|14
united-states|minnesota-owatonna|2023-10-01|0.0|0.0|0|187.11|115.57|9
united-states|minnesota-plymouth|2023-10-01|156.09|7.94|29|233.53|17.47|14
united-states|minnesota-prior-lake|2023-10-01|0.0|0.0|0|212.27|47.48|13
united-states|minnesota-ramsey|2023-10-01|0.0|0.0|0|210.26|13.76|14
united-states|minnesota-red-wing|2023-10-01|0.0|0.0|0|155.23|92.13|6
united-states|minnesota-richfield|2023-10-01|0.0|0.0|0|237.16|40.35|12
united-states|minnesota-robbinsdale|2023-10-01|0.0|0.0|0|142.92|33.11|11
united-states|minnesota-rochester|2023-10-01|107.66|10.2|30|231.39|35.36|16
united-states|minnesota-rosemount|2023-10-01|0.0|0.0|0|241.66|23.07|13
united-states|minnesota-roseville|2023-10-01|0.0|0.0|0|179.5|21.28|12
united-states|minnesota-saint-anthony|2023-10-01|0.0|0.0|0|212.07|85.68|9
united-states|minnesota-saint-cloud|2023-10-01|0.0|0.0|0|211.48|11.35|11
united-states|minnesota-saint-louis-park|2023-10-01|250.18|17.42|28|232.53|40.58|11
united-states|minnesota-saint-michael|2023-10-01|0.0|0.0|0|228.86|11.48|14
united-states|minnesota-saint-paul|2023-10-01|201.84|14.3|27|205.28|23.12|13
united-states|minnesota-sartell|2023-10-01|0.0|0.0|0|230.79|11.24|10
united-states|minnesota-savage|2023-10-01|0.0|0.0|0|212.62|39.33|13
united-states|minnesota-shakopee|2023-10-01|0.0|0.0|0|203.37|19.32|13
united-states|minnesota-shoreview|2023-10-01|0.0|0.0|0|211.19|17.54|13
united-states|minnesota-shorewood|2023-10-01|0.0|0.0|0|163.69|42.04|13
united-states|minnesota-stillwater|2023-10-01|0.0|0.0|0|238.38|19.69|14
united-states|minnesota-victoria|2023-10-01|0.0|0.0|0|167.65|48.13|13
united-states|minnesota-west-saint-paul|2023-10-01|0.0|0.0|0|196.14|17.6|14
united-states|minnesota-white-bear-lake|2023-10-01|0.0|0.0|0|217.71|17.22|14
united-states|minnesota-winona|2023-10-01|0.0|0.0|0|139.9|15.69|9
united-states|minnesota-woodbury|2023-10-01|196.95|7.8|29|236.63|17.8|15
united-states|mississippi-biloxi|2023-10-01|0.0|0.0|0|215.87|44.4|11
united-states|mississippi-brandon|2023-10-01|0.0|0.0|0|234.8|64.03|15
united-states|mississippi-clinton|2023-10-01|0.0|0.0|0|236.59|93.92|13
united-states|mississippi-columbus|2023-10-01|0.0|0.0|0|172.82|27.12|19
united-states|mississippi-diamondhead|2023-10-01|0.0|0.0|0|322.35|215.44|8
united-states|mississippi-flowood|2023-10-01|0.0|0.0|0|277.48|135.61|6
united-states|mississippi-gautier|2023-10-01|0.0|0.0|0|128.3|24.34|30
united-states|mississippi-greenville|2023-10-01|0.0|0.0|0|111.87|21.11|23
united-states|mississippi-greenwood|2023-10-01|0.0|0.0|0|173.04|36.9|16
united-states|mississippi-gulfport|2023-10-01|90.82|8.76|42|211.74|50.56|12
united-states|mississippi-hattiesburg|2023-10-01|0.0|0.0|0|188.46|23.32|17
united-states|mississippi-hernando|2023-10-01|0.0|0.0|0|273.29|128.88|14
united-states|mississippi-horn-lake|2023-10-01|0.0|0.0|0|222.18|23.25|15
united-states|mississippi-jackson|2023-10-01|47.14|5.93|37|135.08|27.85|15
united-states|mississippi-laurel|2023-10-01|0.0|0.0|0|191.06|23.25|17
united-states|mississippi-long-beach|2023-10-01|0.0|0.0|0|297.55|52.34|15
united-states|mississippi-madison|2023-10-01|0.0|0.0|0|260.62|158.53|6
united-states|mississippi-meridian|2023-10-01|0.0|0.0|0|143.66|20.31|18
united-states|mississippi-natchez|2023-10-01|0.0|0.0|0|106.08|20.75|37
united-states|mississippi-ocean-springs|2023-10-01|0.0|0.0|0|337.43|52.85|21
united-states|mississippi-olive-branch|2023-10-01|0.0|0.0|0|245.57|47.54|12
united-states|mississippi-oxford|2023-10-01|0.0|0.0|0|139.76|80.37|11
united-states|mississippi-pascagoula|2023-10-01|0.0|0.0|0|192.54|25.91|27
united-states|mississippi-pearl|2023-10-01|0.0|0.0|0|209.09|40.91|16
united-states|mississippi-ridgeland|2023-10-01|0.0|0.0|0|236.81|66.39|9
united-states|mississippi-southaven|2023-10-01|0.0|0.0|0|258.46|40.36|15
united-states|mississippi-starkville|2023-10-01|0.0|0.0|0|162.93|93.02|6
united-states|mississippi-tupelo|2023-10-01|0.0|0.0|0|178.51|41.69|16
united-states|mississippi-vicksburg|2023-10-01|0.0|0.0|0|73.8|19.15|36
united-states|mississippi-west-hattiesburg|2023-10-01|0.0|0.0|0|164.84|23.57|17
united-states|missouri-affton|2023-10-01|0.0|0.0|0|339.74|38.48|9
united-states|missouri-arnold|2023-10-01|0.0|0.0|0|316.55|22.61|10
united-states|missouri-ballwin|2023-10-01|0.0|0.0|0|253.39|18.86|10
united-states|missouri-belton|2023-10-01|0.0|0.0|0|315.83|94.04|9
united-states|missouri-blue-springs|2023-10-01|0.0|0.0|0|320.6|41.13|9
united-states|missouri-bolivar|2023-10-01|0.0|0.0|0|39.74|11.53|19
united-states|missouri-branson|2023-10-01|0.0|0.0|0|94.62|22.3|17
united-states|missouri-cape-girardeau|2023-10-01|0.0|0.0|0|216.9|15.43|13
united-states|missouri-carthage|2023-10-01|0.0|0.0|0|107.92|60.18|15
united-states|missouri-chesterfield|2023-10-01|212.51|12.41|27|244.84|21.49|10
united-states|missouri-clayton|2023-10-01|0.0|0.0|0|221.1|22.39|9
united-states|missouri-columbia|2023-10-01|87.65|11.34|37|122.06|37.35|26
united-states|missouri-concord|2023-10-01|0.0|0.0|0|275.16|19.68|10
united-states|missouri-creve-coeur|2023-10-01|0.0|0.0|0|256.91|20.43|9
united-states|missouri-dardenne-prairie|2023-10-01|0.0|0.0|0|271.68|38.09|8
united-states|missouri-dexter|2023-10-01|0.0|0.0|0|220.67|31.01|8
united-states|missouri-ellisville|2023-10-01|0.0|0.0|0|257.19|11.59|11
united-states|missouri-eureka|2023-10-01|0.0|0.0|0|191.25|12.76|12
united-states|missouri-farmington|2023-10-01|0.0|0.0|0|220.35|11.47|12
united-states|missouri-florissant|2023-10-01|0.0|0.0|0|272.46|20.36|10
united-states|missouri-frontenac|2023-10-01|0.0|0.0|0|226.14|15.87|10
united-states|missouri-gladstone|2023-10-01|0.0|0.0|0|349.78|228.46|4
united-states|missouri-grain-valley|2023-10-01|0.0|0.0|0|392.91|41.14|10
united-states|missouri-grandview|2023-10-01|0.0|0.0|0|365.25|225.79|4
united-states|missouri-independence|2023-10-01|200.59|10.24|26|308.51|36.93|10
united-states|missouri-jackson|2023-10-01|0.0|0.0|0|270.41|61.74|6
united-states|missouri-jefferson-city|2023-10-01|0.0|0.0|0|173.13|39.95|37
united-states|missouri-joplin|2023-10-01|161.94|17.09|32|208.97|28.63|12
united-states|missouri-kansas-city|2023-10-01|169.85|10.38|27|253.65|125.81|5
united-states|missouri-kearney|2023-10-01|0.0|0.0|0|157.67|21.15|34
united-states|missouri-kirksville|2023-10-01|0.0|0.0|0|129.92|20.86|28
united-states|missouri-kirkwood|2023-10-01|0.0|0.0|0|244.64|73.57|7
united-states|missouri-ladue|2023-10-01|0.0|0.0|0|247.37|19.51|9
united-states|missouri-lake-saint-louis|2023-10-01|0.0|0.0|0|268.94|22.14|9
united-states|missouri-lake-tapawingo|2023-10-01|0.0|0.0|0|253.29|29.63|10
united-states|missouri-lebanon|2023-10-01|0.0|0.0|0|223.28|40.64|10
united-states|missouri-lee's-summit|2023-10-01|238.89|9.82|24|293.46|126.21|6
united-states|missouri-liberty|2023-10-01|0.0|0.0|0|269.09|26.65|27
united-states|missouri-manchester|2023-10-01|0.0|0.0|0|211.82|16.44|12
united-states|missouri-maryland-heights|2023-10-01|0.0|0.0|0|265.86|85.79|6
united-states|missouri-mehlville|2023-10-01|0.0|0.0|0|298.47|20.92|11
united-states|missouri-murphy|2023-10-01|0.0|0.0|0|220.24|21.41|11
united-states|missouri-nixa|2023-10-01|0.0|0.0|0|222.43|27.74|23
united-states|missouri-north-kansas-city|2023-10-01|0.0|0.0|0|249.74|116.0|5
united-states|missouri-o'fallon|2023-10-01|236.69|11.05|27|279.9|21.96|10
united-states|missouri-oakville|2023-10-01|0.0|0.0|0|311.42|90.74|7
united-states|missouri-olivette|2023-10-01|0.0|0.0|0|272.36|19.62|9
united-states|missouri-overland|2023-10-01|0.0|0.0|0|272.99|21.72|9
united-states|missouri-ozark|2023-10-01|0.0|0.0|0|210.08|26.93|18
united-states|missouri-parkville|2023-10-01|0.0|0.0|0|240.15|35.61|30
united-states|missouri-poplar-bluff|2023-10-01|0.0|0.0|0|226.0|43.1|9
united-states|missouri-raymore|2023-10-01|0.0|0.0|0|330.71|152.87|6
united-states|missouri-raytown|2023-10-01|0.0|0.0|0|344.84|255.47|4
united-states|missouri-republic|2023-10-01|0.0|0.0|0|123.99|34.07|25
united-states|missouri-rolla|2023-10-01|0.0|0.0|0|154.74|31.34|10
united-states|missouri-saint-charles|2023-10-01|187.87|12.12|25|271.47|39.13|8
united-states|missouri-saint-joseph|2023-10-01|0.0|0.0|0|261.9|36.53|11
united-states|missouri-saint-peters|2023-10-01|217.81|11.1|27|262.24|18.56|10
united-states|missouri-sappington|2023-10-01|0.0|0.0|0|303.52|96.9|5
united-states|missouri-sedalia|2023-10-01|0.0|0.0|0|195.0|17.31|20
united-states|missouri-sikeston|2023-10-01|0.0|0.0|0|193.63|11.23|13
united-states|missouri-springfield|2023-10-01|143.26|13.74|36|222.08|61.08|21
united-states|missouri-st.-louis|2023-10-01|141.49|10.14|28|226.17|22.17|10
united-states|missouri-town-and-country|2023-10-01|0.0|0.0|0|217.14|18.4|11
united-states|missouri-university-city|2023-10-01|0.0|0.0|0|265.96|28.43|7
united-states|missouri-warrensburg|2023-10-01|0.0|0.0|0|265.49|21.25|20
united-states|missouri-washington|2023-10-01|0.0|0.0|0|158.34|17.75|12
united-states|missouri-webb-city|2023-10-01|0.0|0.0|0|248.68|30.39|15
united-states|missouri-webster-groves|2023-10-01|0.0|0.0|0|254.48|128.96|5
united-states|missouri-wentzville|2023-10-01|0.0|0.0|0|260.83|30.3|11
united-states|missouri-west-plains|2023-10-01|0.0|0.0|0|159.08|38.48|12
united-states|missouri-wildwood|2023-10-01|0.0|0.0|0|236.12|16.86|11
united-states|montana-billings|2023-10-01|0.0|0.0|0|226.86|18.69|11
united-states|montana-bozeman|2023-10-01|0.0|0.0|0|194.47|20.52|11
united-states|montana-butte|2023-10-01|0.0|0.0|0|168.97|11.29|17
united-states|montana-great-falls|2023-10-01|0.0|0.0|0|219.05|11.34|20
united-states|montana-helena|2023-10-01|0.0|0.0|0|186.22|11.31|16
united-states|montana-kalispell|2023-10-01|0.0|0.0|0|143.46|12.43|32
united-states|montana-missoula|2023-10-01|0.0|0.0|0|191.72|11.26|30
united-states|nebraska-bellevue|2023-10-01|0.0|0.0|0|304.54|55.56|9
united-states|nebraska-blair|2023-10-01|0.0|0.0|0|115.14|103.68|5
united-states|nebraska-columbus|2023-10-01|0.0|0.0|0|219.14|31.64|12
united-states|nebraska-fremont|2023-10-01|0.0|0.0|0|304.86|89.3|6
united-states|nebraska-grand-island|2023-10-01|0.0|0.0|0|310.84|30.46|18
united-states|nebraska-hastings|2023-10-01|0.0|0.0|0|281.74|114.61|5
united-states|nebraska-kearney|2023-10-01|0.0|0.0|0|283.26|36.08|21
united-states|nebraska-lincoln|2023-10-01|114.46|16.69|29|270.2|101.68|6
united-states|nebraska-norfolk|2023-10-01|0.0|0.0|0|250.19|128.77|8
united-states|nebraska-north-platte|2023-10-01|0.0|0.0|0|268.12|42.07|12
united-states|nebraska-omaha|2023-10-01|118.92|10.8|29|217.38|37.01|10
united-states|nebraska-papillion|2023-10-01|0.0|0.0|0|264.52|28.86|10
united-states|nebraska-scottsbluff|2023-10-01|0.0|0.0|0|95.27|40.45|13
united-states|nevada-boulder-city|2023-10-01|0.0|0.0|0|222.83|28.7|13
united-states|nevada-carson-city|2023-10-01|0.0|0.0|0|232.25|18.48|22
united-states|nevada-elko|2023-10-01|0.0|0.0|0|119.19|56.53|30
united-states|nevada-enterprise|2023-10-01|222.46|11.72|24|267.0|57.39|10
united-states|nevada-fallon|2023-10-01|0.0|0.0|0|198.0|21.72|24
united-states|nevada-fernley|2023-10-01|0.0|0.0|0|294.22|21.11|25
united-states|nevada-henderson|2023-10-01|157.21|9.77|25|277.2|56.98|10
united-states|nevada-incline-village|2023-10-01|0.0|0.0|0|253.12|12.06|25
united-states|nevada-las-vegas|2023-10-01|159.87|12.84|26|238.62|35.3|10
united-states|nevada-mesquite|2023-10-01|0.0|0.0|0|97.2|79.88|4
united-states|nevada-north-las-vegas|2023-10-01|178.56|8.6|23|267.21|37.86|10
united-states|nevada-pahrump|2023-10-01|0.0|0.0|0|118.74|17.66|30
united-states|nevada-paradise|2023-10-01|143.29|12.39|24|161.42|31.94|11
united-states|nevada-reno|2023-10-01|61.71|10.67|32|260.78|22.12|27
united-states|nevada-spanish-springs|2023-10-01|0.0|0.0|0|244.1|22.32|27
united-states|nevada-sparks|2023-10-01|61.9|10.92|29|271.78|23.41|27
united-states|nevada-spring-creek|2023-10-01|0.0|0.0|0|416.82|277.71|9
united-states|nevada-spring-valley|2023-10-01|217.78|12.33|24|250.25|51.81|10
united-states|nevada-summerlin-south|2023-10-01|202.12|15.92|24|294.3|61.64|10
united-states|nevada-sun-valley|2023-10-01|0.0|0.0|0|293.7|21.14|31
united-states|nevada-sunrise-manor|2023-10-01|136.59|10.18|30|194.88|21.12|11
united-states|nevada-unincorporated-las-vegas|2023-10-01|202.23|10.78|23|267.75|40.51|10
united-states|nevada-whitney|2023-10-01|0.0|0.0|0|259.9|42.55|11
united-states|nevada-winchester|2023-10-01|181.52|16.46|24|188.0|33.3|9
united-states|nevada-winnemucca|2023-10-01|0.0|0.0|0|81.85|12.16|37
united-states|new-hampshire-amherst|2023-10-01|0.0|0.0|0|267.57|38.41|16
united-states|new-hampshire-bedford|2023-10-01|0.0|0.0|0|286.54|41.42|14
united-states|new-hampshire-belmont|2023-10-01|0.0|0.0|0|203.6|31.84|15
united-states|new-hampshire-bow|2023-10-01|0.0|0.0|0|247.04|23.48|16
united-states|new-hampshire-concord|2023-10-01|0.0|0.0|0|239.04|36.53|15
united-states|new-hampshire-conway|2023-10-01|0.0|0.0|0|163.23|11.85|20
united-states|new-hampshire-derry|2023-10-01|0.0|0.0|0|237.24|27.5|16
united-states|new-hampshire-dover|2023-10-01|0.0|0.0|0|267.22|35.19|14
united-states|new-hampshire-exeter|2023-10-01|0.0|0.0|0|226.79|23.88|15
united-states|new-hampshire-gilford|2023-10-01|0.0|0.0|0|170.16|36.51|15
united-states|new-hampshire-gilmanton|2023-10-01|0.0|0.0|0|200.5|37.78|14
united-states|new-hampshire-goffstown|2023-10-01|0.0|0.0|0|312.25|41.65|14
united-states|new-hampshire-hampton|2023-10-01|0.0|0.0|0|224.26|23.44|15
united-states|new-hampshire-hooksett|2023-10-01|0.0|0.0|0|264.44|24.8|15
united-states|new-hampshire-hudson|2023-10-01|0.0|0.0|0|313.04|31.09|14
united-states|new-hampshire-keene|2023-10-01|0.0|0.0|0|233.29|20.58|35
united-states|new-hampshire-laconia|2023-10-01|0.0|0.0|0|227.8|44.05|15
united-states|new-hampshire-lebanon|2023-10-01|0.0|0.0|0|227.88|21.47|19
united-states|new-hampshire-londonderry|2023-10-01|0.0|0.0|0|272.93|39.87|14
united-states|new-hampshire-manchester|2023-10-01|88.11|15.53|29|291.05|24.05|14
united-states|new-hampshire-merrimack|2023-10-01|0.0|0.0|0|310.98|76.07|14
united-states|new-hampshire-milford|2023-10-01|0.0|0.0|0|271.01|23.88|14
united-states|new-hampshire-nashua|2023-10-01|110.62|9.8|32|256.4|34.04|15
united-states|new-hampshire-new-boston|2023-10-01|0.0|0.0|0|202.81|56.08|17
united-states|new-hampshire-pelham|2023-10-01|0.0|0.0|0|278.08|41.28|16
united-states|new-hampshire-peterborough|2023-10-01|0.0|0.0|0|230.72|33.82|14
united-states|new-hampshire-portsmouth|2023-10-01|0.0|0.0|0|230.4|37.89|15
united-states|new-hampshire-rindge|2023-10-01|0.0|0.0|0|291.4|239.03|13
united-states|new-hampshire-rochester|2023-10-01|0.0|0.0|0|244.86|41.46|14
united-states|new-hampshire-salem|2023-10-01|0.0|0.0|0|303.92|37.68|16
united-states|new-hampshire-somersworth|2023-10-01|0.0|0.0|0|237.8|25.33|14
united-states|new-hampshire-weare|2023-10-01|0.0|0.0|0|149.43|23.96|15
united-states|new-hampshire-windham|2023-10-01|0.0|0.0|0|245.12|23.88|15
