united-kingdom|england-abbots-langley|2023-09-01|0.0|0.0|0|133.51|25.94|10
united-kingdom|england-abingdon|2023-09-01|0.0|0.0|0|88.02|23.68|13
united-kingdom|england-abram|2023-09-01|0.0|0.0|0|133.45|31.82|14
united-kingdom|england-accrington|2023-09-01|0.0|0.0|0|74.36|20.65|15
united-kingdom|england-addlestone|2023-09-01|0.0|0.0|0|98.05|24.44|11
united-kingdom|england-adlington|2023-09-01|0.0|0.0|0|61.53|18.63|15
united-kingdom|england-aldbourne|2023-09-01|0.0|0.0|0|64.94|18.3|10
united-kingdom|england-alderley-edge|2023-09-01|0.0|0.0|0|70.64|20.92|16
united-kingdom|england-aldershot|2023-09-01|0.0|0.0|0|133.33|28.7|11
united-kingdom|england-all-cannings|2023-09-01|0.0|0.0|0|42.66|15.96|12
united-kingdom|england-allerton|2023-09-01|0.0|0.0|0|147.94|28.37|11
united-kingdom|england-allerton-bywater|2023-09-01|0.0|0.0|0|107.73|30.74|9
united-kingdom|england-allesley|2023-09-01|0.0|0.0|0|71.84|20.96|15
united-kingdom|england-alsager|2023-09-01|0.0|0.0|0|73.63|20.92|16
united-kingdom|england-alton|2023-09-01|0.0|0.0|0|73.1|25.32|8
united-kingdom|england-altrincham|2023-09-01|0.0|0.0|0|71.67|20.76|15
united-kingdom|england-alvechurch|2023-09-01|0.0|0.0|0|49.16|17.84|13
united-kingdom|england-amersham|2023-09-01|0.0|0.0|0|72.35|19.71|10
united-kingdom|england-amesbury|2023-09-01|0.0|0.0|0|137.78|26.3|18
united-kingdom|england-andover|2023-09-01|0.0|0.0|0|79.07|20.94|15
united-kingdom|england-angmering|2023-09-01|0.0|0.0|0|53.45|17.33|9
united-kingdom|england-appleton|2023-09-01|0.0|0.0|0|68.78|18.64|15
united-kingdom|england-appley-bridge|2023-09-01|0.0|0.0|0|51.28|17.11|18
united-kingdom|england-arborfield|2023-09-01|0.0|0.0|0|58.55|28.29|10
united-kingdom|england-arksey|2023-09-01|0.0|0.0|0|51.48|17.14|15
united-kingdom|england-armthorpe|2023-09-01|0.0|0.0|0|92.33|26.22|15
united-kingdom|england-arnold|2023-09-01|0.0|0.0|0|125.41|25.26|20
united-kingdom|england-ascot|2023-09-01|0.0|0.0|0|69.9|18.38|8
united-kingdom|england-ash|2023-09-01|0.0|0.0|0|108.09|25.81|12
united-kingdom|england-ashby-de-la-zouch|2023-09-01|0.0|0.0|0|134.88|25.65|20
united-kingdom|england-ashford|2023-09-01|0.0|0.0|0|147.87|31.08|9
united-kingdom|england-ashford|2023-09-01|0.0|0.0|0|147.87|31.08|9
united-kingdom|england-ashington|2023-09-01|0.0|0.0|0|52.97|17.57|14
united-kingdom|england-ashley-green|2023-09-01|0.0|0.0|0|74.44|20.45|10
united-kingdom|england-ashtead|2023-09-01|0.0|0.0|0|71.01|19.03|12
united-kingdom|england-ashton-in-makerfield|2023-09-01|0.0|0.0|0|79.49|20.49|17
united-kingdom|england-ashton-under-lyne|2023-09-01|89.4|10.03|33|61.12|18.25|16
united-kingdom|england-aston|2023-09-01|0.0|0.0|0|65.85|18.11|14
united-kingdom|england-aston-tirrold|2023-09-01|0.0|0.0|0|61.58|17.84|8
united-kingdom|england-atherton|2023-09-01|0.0|0.0|0|113.48|26.06|14
united-kingdom|england-attleborough|2023-09-01|0.0|0.0|0|72.41|24.78|10
united-kingdom|england-audenshaw|2023-09-01|0.0|0.0|0|95.87|26.02|13
united-kingdom|england-aughton|2023-09-01|0.0|0.0|0|70.68|25.81|17
united-kingdom|england-aveley|2023-09-01|0.0|0.0|0|139.77|37.16|6
united-kingdom|england-aylesbury|2023-09-01|63.46|8.46|29|104.92|28.86|11
united-kingdom|england-bacup|2023-09-01|0.0|0.0|0|52.39|16.57|16
united-kingdom|england-baildon|2023-09-01|0.0|0.0|0|116.2|28.36|11
united-kingdom|england-bamber-bridge|2023-09-01|0.0|0.0|0|163.67|28.46|14
united-kingdom|england-banbury|2023-09-01|0.0|0.0|0|71.73|19.75|10
united-kingdom|england-banks|2023-09-01|0.0|0.0|0|38.08|10.57|20
united-kingdom|england-banstead|2023-09-01|0.0|0.0|0|93.45|26.11|9
united-kingdom|england-barking|2023-09-01|62.8|9.1|25|97.8|26.02|7
united-kingdom|england-barnet|2023-09-01|0.0|0.0|0|61.35|18.0|9
united-kingdom|england-barnsley|2023-09-01|49.57|10.14|37|112.4|25.84|12
united-kingdom|england-barnstaple|2023-09-01|0.0|0.0|0|59.48|18.51|14
united-kingdom|england-barnwood|2023-09-01|0.0|0.0|0|149.1|26.48|15
united-kingdom|england-barrow-in-furness|2023-09-01|0.0|0.0|0|67.83|18.85|14
united-kingdom|england-barrowford|2023-09-01|0.0|0.0|0|103.04|28.72|11
united-kingdom|england-barton-seagrave|2023-09-01|0.0|0.0|0|145.51|30.56|14
united-kingdom|england-barton-upon-humber|2023-09-01|0.0|0.0|0|95.43|50.4|15
united-kingdom|england-barwell|2023-09-01|0.0|0.0|0|75.12|19.67|21
united-kingdom|england-basildon|2023-09-01|61.64|8.26|28|137.93|26.24|12
united-kingdom|england-basingstoke|2023-09-01|54.96|6.84|29|109.49|26.02|10
united-kingdom|england-bath|2023-09-01|54.12|7.92|36|80.19|26.1|12
united-kingdom|england-bathampton|2023-09-01|0.0|0.0|0|70.59|18.49|13
united-kingdom|england-batley|2023-09-01|0.0|0.0|0|117.2|25.94|11
united-kingdom|england-bayston-hill|2023-09-01|0.0|0.0|0|43.1|11.43|15
united-kingdom|england-beaconsfield|2023-09-01|0.0|0.0|0|94.47|75.16|7
united-kingdom|england-bearsted|2023-09-01|0.0|0.0|0|62.59|18.28|9
united-kingdom|england-bebington|2023-09-01|0.0|0.0|0|136.98|28.52|15
united-kingdom|england-beckenham|2023-09-01|0.0|0.0|0|75.08|20.84|10
united-kingdom|england-beckley|2023-09-01|0.0|0.0|0|59.93|34.41|7
united-kingdom|england-bedford|2023-09-01|45.31|7.52|30|127.4|28.88|11
united-kingdom|england-bedlington|2023-09-01|0.0|0.0|0|113.33|24.55|19
united-kingdom|england-bedworth|2023-09-01|0.0|0.0|0|107.4|25.38|17
united-kingdom|england-beeston|2023-09-01|0.0|0.0|0|142.9|26.38|20
united-kingdom|england-belper|2023-09-01|0.0|0.0|0|50.93|15.43|14
united-kingdom|england-belton|2023-09-01|0.0|0.0|0|33.28|8.46|16
united-kingdom|england-belvedere|2023-09-01|0.0|0.0|0|82.86|25.05|7
united-kingdom|england-berden|2023-09-01|0.0|0.0|0|40.12|14.16|9
united-kingdom|england-berkhamsted|2023-09-01|0.0|0.0|0|61.9|17.8|11
united-kingdom|england-bexhill|2023-09-01|0.0|0.0|0|67.21|20.17|9
united-kingdom|england-bexley|2023-09-01|0.0|0.0|0|145.58|26.71|11
united-kingdom|england-bexleyheath|2023-09-01|0.0|0.0|0|146.6|28.11|11
united-kingdom|england-bicester|2023-09-01|0.0|0.0|0|78.03|26.06|11
united-kingdom|england-bickershaw|2023-09-01|0.0|0.0|0|137.95|32.52|15
united-kingdom|england-bideford|2023-09-01|0.0|0.0|0|64.94|18.49|15
united-kingdom|england-biggin-hill|2023-09-01|0.0|0.0|0|114.19|26.6|9
united-kingdom|england-biggleswade|2023-09-01|0.0|0.0|0|142.69|31.37|10
united-kingdom|england-billericay|2023-09-01|0.0|0.0|0|82.98|25.4|8
united-kingdom|england-billinge|2023-09-01|0.0|0.0|0|74.1|18.56|19
united-kingdom|england-bilston|2023-09-01|0.0|0.0|0|113.6|25.31|17
united-kingdom|england-binfield|2023-09-01|0.0|0.0|0|108.31|30.48|9
united-kingdom|england-bingley|2023-09-01|0.0|0.0|0|110.83|29.7|12
united-kingdom|england-birchwood|2023-09-01|0.0|0.0|0|114.97|20.96|13
united-kingdom|england-birkenhead|2023-09-01|50.71|8.52|37|106.82|27.94|16
united-kingdom|england-birkenshaw|2023-09-01|0.0|0.0|0|63.14|18.66|11
united-kingdom|england-birmingham|2023-09-01|61.99|7.8|31|122.94|25.98|18
united-kingdom|england-birstall|2023-09-01|0.0|0.0|0|150.98|25.9|21
united-kingdom|england-birstall|2023-09-01|0.0|0.0|0|150.98|25.9|21
united-kingdom|england-birtley|2023-09-01|0.0|0.0|0|59.06|17.95|16
united-kingdom|england-bisham|2023-09-01|0.0|0.0|0|127.32|86.76|8
united-kingdom|england-bishop-auckland|2023-09-01|0.0|0.0|0|52.82|17.5|18
united-kingdom|england-bishops-cleeve|2023-09-01|0.0|0.0|0|147.78|26.11|15
united-kingdom|england-blackburn|2023-09-01|65.04|7.23|35|116.82|23.4|13
united-kingdom|england-blackpool|2023-09-01|45.08|7.34|38|95.49|22.32|16
united-kingdom|england-blackwater|2023-09-01|0.0|0.0|0|145.69|33.38|11
united-kingdom|england-bletchingley|2023-09-01|0.0|0.0|0|83.61|23.07|11
united-kingdom|england-bletchley|2023-09-01|0.0|0.0|0|93.55|42.8|8
united-kingdom|england-blunsdon-saint-andrew|2023-09-01|0.0|0.0|0|148.2|31.06|10
united-kingdom|england-blyth|2023-09-01|0.0|0.0|0|107.34|27.92|13
united-kingdom|england-boars-hill|2023-09-01|0.0|0.0|0|86.21|26.16|13
united-kingdom|england-bodmin|2023-09-01|0.0|0.0|0|48.87|17.46|17
united-kingdom|england-bognor-regis|2023-09-01|40.93|7.94|27|52.99|17.59|10
united-kingdom|england-bold-heath|2023-09-01|0.0|0.0|0|72.23|20.77|17
united-kingdom|england-bolton|2023-09-01|45.4|7.5|38|108.64|25.9|13
united-kingdom|england-bolton-upon-dearne|2023-09-01|0.0|0.0|0|49.81|15.63|13
united-kingdom|england-bootle|2023-09-01|0.0|0.0|0|134.41|26.06|16
united-kingdom|england-borehamwood|2023-09-01|0.0|0.0|0|79.34|20.87|10
united-kingdom|england-boston|2023-09-01|0.0|0.0|0|88.83|49.83|11
united-kingdom|england-bourne|2023-09-01|0.0|0.0|0|105.32|28.48|12
united-kingdom|england-bournemouth|2023-09-01|60.08|8.23|34|125.59|26.11|15
united-kingdom|england-bournmoor|2023-09-01|0.0|0.0|0|72.4|18.9|14
united-kingdom|england-bowers-gifford|2023-09-01|0.0|0.0|0|68.6|21.03|10
united-kingdom|england-brackley|2023-09-01|0.0|0.0|0|91.37|28.59|10
united-kingdom|england-bracknell|2023-09-01|0.0|0.0|0|135.71|30.55|10
united-kingdom|england-bradford|2023-09-01|66.7|9.29|33|108.66|26.05|11
united-kingdom|england-bradley-stoke|2023-09-01|0.0|0.0|0|188.21|35.95|11
united-kingdom|england-braintree|2023-09-01|0.0|0.0|0|73.56|26.61|8
united-kingdom|england-bramcote|2023-09-01|0.0|0.0|0|93.76|21.26|19
united-kingdom|england-bramhall|2023-09-01|0.0|0.0|0|71.89|19.9|15
united-kingdom|england-bramley|2023-09-01|0.0|0.0|0|74.25|20.98|11
united-kingdom|england-braunstone-town|2023-09-01|0.0|0.0|0|142.13|25.92|20
united-kingdom|england-bray|2023-09-01|0.0|0.0|0|59.22|18.14|9
united-kingdom|england-bredbury|2023-09-01|0.0|0.0|0|132.02|26.38|12
united-kingdom|england-brentford|2023-09-01|0.0|0.0|0|84.52|25.47|8
united-kingdom|england-brentwood|2023-09-01|0.0|0.0|0|66.74|18.56|7
united-kingdom|england-bridgwater|2023-09-01|0.0|0.0|0|74.84|22.59|12
united-kingdom|england-bridlington|2023-09-01|0.0|0.0|0|77.29|23.81|16
united-kingdom|england-brierfield|2023-09-01|0.0|0.0|0|135.43|25.61|12
united-kingdom|england-brierley-hill|2023-09-01|0.0|0.0|0|145.06|26.25|18
united-kingdom|england-brighouse|2023-09-01|0.0|0.0|0|68.16|18.57|12
united-kingdom|england-brinsworth|2023-09-01|0.0|0.0|0|108.74|25.25|13
united-kingdom|england-bristol|2023-09-01|52.59|7.35|32|101.38|25.48|12
united-kingdom|england-brixham|2023-09-01|0.0|0.0|0|74.88|21.71|16
united-kingdom|england-brixworth|2023-09-01|0.0|0.0|0|96.72|44.08|9
united-kingdom|england-broadbridge-heath|2023-09-01|0.0|0.0|0|74.05|27.97|7
united-kingdom|england-broadstairs|2023-09-01|0.0|0.0|0|79.92|24.83|9
united-kingdom|england-brockenhurst|2023-09-01|0.0|0.0|0|35.67|10.37|14
united-kingdom|england-brockworth|2023-09-01|0.0|0.0|0|138.53|27.83|14
united-kingdom|england-bromley|2023-09-01|56.6|5.62|26|124.85|26.15|10
united-kingdom|england-bromsgrove|2023-09-01|0.0|0.0|0|92.12|25.61|11
united-kingdom|england-brookmans-park|2023-09-01|0.0|0.0|0|66.67|24.91|6
united-kingdom|england-broomfield|2023-09-01|0.0|0.0|0|74.27|26.41|8
united-kingdom|england-brown-edge|2023-09-01|0.0|0.0|0|58.56|18.6|15
united-kingdom|england-broxbourne|2023-09-01|0.0|0.0|0|74.13|22.56|11
united-kingdom|england-buckhurst-hill|2023-09-01|0.0|0.0|0|113.28|25.2|11
united-kingdom|england-buckingham|2023-09-01|0.0|0.0|0|93.78|30.48|9
united-kingdom|england-buckshaw-village|2023-09-01|0.0|0.0|0|136.52|30.85|15
united-kingdom|england-burbage|2023-09-01|0.0|0.0|0|101.88|24.86|19
united-kingdom|england-burgess-hill|2023-09-01|0.0|0.0|0|73.04|19.23|10
united-kingdom|england-burley|2023-09-01|0.0|0.0|0|39.81|13.92|12
united-kingdom|england-burnham|2023-09-01|0.0|0.0|0|93.53|25.28|11
united-kingdom|england-burnham-on-sea|2023-09-01|0.0|0.0|0|63.85|18.31|13
united-kingdom|england-burnley|2023-09-01|0.0|0.0|0|125.39|26.23|11
united-kingdom|england-burntwood|2023-09-01|0.0|0.0|0|135.85|26.2|14
united-kingdom|england-burscough|2023-09-01|0.0|0.0|0|85.35|29.62|17
united-kingdom|england-burton|2023-09-01|0.0|0.0|0|63.86|18.53|15
united-kingdom|england-burton-latimer|2023-09-01|0.0|0.0|0|124.5|26.09|14
united-kingdom|england-burton-upon-trent|2023-09-01|42.43|5.52|38|68.63|18.42|17
united-kingdom|england-burtonwood|2023-09-01|0.0|0.0|0|44.04|14.3|18
united-kingdom|england-bury|2023-09-01|43.64|8.81|38|86.44|25.98|15
united-kingdom|england-bury-saint-edmunds|2023-09-01|0.0|0.0|0|73.72|27.84|8
united-kingdom|england-bushey|2023-09-01|0.0|0.0|0|91.62|24.1|10
united-kingdom|england-buxton|2023-09-01|0.0|0.0|0|42.44|13.46|18
united-kingdom|england-caddington|2023-09-01|0.0|0.0|0|73.1|20.9|11
united-kingdom|england-calne|2023-09-01|0.0|0.0|0|103.27|28.59|10
united-kingdom|england-calverley|2023-09-01|0.0|0.0|0|73.94|27.98|10
united-kingdom|england-camberley|2023-09-01|0.0|0.0|0|99.97|26.09|11
united-kingdom|england-camborne|2023-09-01|0.0|0.0|0|60.75|18.61|17
united-kingdom|england-cambourne|2023-09-01|0.0|0.0|0|149.18|35.71|8
united-kingdom|england-cambridge|2023-09-01|38.56|5.31|32|125.08|26.22|15
united-kingdom|england-cannock|2023-09-01|0.0|0.0|0|107.24|42.7|10
united-kingdom|england-canterbury|2023-09-01|0.0|0.0|0|50.94|16.84|9
united-kingdom|england-canvey-island|2023-09-01|0.0|0.0|0|63.6|18.17|11
united-kingdom|england-carlisle|2023-09-01|50.76|6.94|46|69.46|18.7|19
united-kingdom|england-carlton|2023-09-01|0.0|0.0|0|142.29|28.19|18
united-kingdom|england-carlton-colville|2023-09-01|0.0|0.0|0|83.98|30.78|9
united-kingdom|england-carshalton|2023-09-01|0.0|0.0|0|155.22|36.8|8
united-kingdom|england-carterton|2023-09-01|0.0|0.0|0|144.23|32.7|12
united-kingdom|england-castleford|2023-09-01|0.0|0.0|0|138.37|29.04|11
united-kingdom|england-caterham|2023-09-01|0.0|0.0|0|73.38|20.71|12
united-kingdom|england-cawthorne|2023-09-01|0.0|0.0|0|53.22|18.3|12
united-kingdom|england-chadderton|2023-09-01|0.0|0.0|0|137.24|35.93|14
united-kingdom|england-chafford-hundred|2023-09-01|0.0|0.0|0|166.72|39.63|7
united-kingdom|england-chalfont-saint-peter|2023-09-01|0.0|0.0|0|92.01|27.49|8
united-kingdom|england-chandler's-ford|2023-09-01|0.0|0.0|0|71.91|18.59|14
united-kingdom|england-chard|2023-09-01|0.0|0.0|0|48.62|14.5|15
united-kingdom|england-charnock-richard|2023-09-01|0.0|0.0|0|66.44|20.57|16
united-kingdom|england-chatham|2023-09-01|62.73|8.76|27|135.01|26.1|13
united-kingdom|england-chatteris|2023-09-01|0.0|0.0|0|66.74|18.45|11
united-kingdom|england-cheadle|2023-09-01|0.0|0.0|0|92.88|24.08|11
united-kingdom|england-cheadle|2023-09-01|0.0|0.0|0|92.88|24.08|11
united-kingdom|england-cheadle-hulme|2023-09-01|0.0|0.0|0|99.21|25.93|14
united-kingdom|england-chelmsford|2023-09-01|49.74|7.86|28|139.15|28.66|11
united-kingdom|england-chelsfield|2023-09-01|0.0|0.0|0|94.18|28.16|9
united-kingdom|england-cheltenham|2023-09-01|64.03|8.28|32|106.77|26.16|13
united-kingdom|england-chertsey|2023-09-01|0.0|0.0|0|119.68|26.96|11
united-kingdom|england-chesham|2023-09-01|0.0|0.0|0|82.41|23.34|11
united-kingdom|england-cheshunt|2023-09-01|0.0|0.0|0|134.33|26.16|12
united-kingdom|england-chessington|2023-09-01|0.0|0.0|0|128.04|27.9|9
united-kingdom|england-chester|2023-09-01|41.17|7.4|37|57.91|18.23|18
united-kingdom|england-chesterfield|2023-09-01|54.16|9.01|38|71.15|18.45|15
united-kingdom|england-chestfield|2023-09-01|0.0|0.0|0|52.72|17.48|8
united-kingdom|england-chichester|2023-09-01|0.0|0.0|0|59.19|18.5|10
united-kingdom|england-chigwell|2023-09-01|0.0|0.0|0|86.74|22.25|9
united-kingdom|england-chineham|2023-09-01|0.0|0.0|0|107.44|22.07|11
united-kingdom|england-chinnor|2023-09-01|0.0|0.0|0|64.63|18.56|9
united-kingdom|england-chippenham|2023-09-01|0.0|0.0|0|107.55|28.77|11
united-kingdom|england-chipping-sodbury|2023-09-01|0.0|0.0|0|132.15|24.46|11
united-kingdom|england-chislehurst|2023-09-01|0.0|0.0|0|87.0|27.5|8
united-kingdom|england-chorley|2023-09-01|0.0|0.0|0|128.35|28.25|15
united-kingdom|england-christchurch|2023-09-01|0.0|0.0|0|99.44|21.93|15
united-kingdom|england-church-crookham|2023-09-01|0.0|0.0|0|92.58|22.19|14
united-kingdom|england-church-end|2023-09-01|0.0|0.0|0|74.27|20.64|15
united-kingdom|england-churchdown|2023-09-01|0.0|0.0|0|144.8|26.47|14
united-kingdom|england-churwell|2023-09-01|0.0|0.0|0|109.58|27.02|10
united-kingdom|england-cirencester|2023-09-01|0.0|0.0|0|73.39|19.51|11
united-kingdom|england-clacton-on-sea|2023-09-01|0.0|0.0|0|60.75|18.51|10
united-kingdom|england-claygate|2023-09-01|0.0|0.0|0|87.98|21.82|12
united-kingdom|england-clayton-le-woods|2023-09-01|0.0|0.0|0|130.65|27.67|15
united-kingdom|england-cleckheaton|2023-09-01|0.0|0.0|0|74.21|20.15|11
united-kingdom|england-cleethorpes|2023-09-01|0.0|0.0|0|144.96|25.33|21
united-kingdom|england-clevedon|2023-09-01|0.0|0.0|0|137.28|26.18|13
united-kingdom|england-clifton|2023-09-01|0.0|0.0|0|152.29|28.46|19
united-kingdom|england-clitheroe|2023-09-01|0.0|0.0|0|140.08|68.1|7
united-kingdom|england-clock-face|2023-09-01|0.0|0.0|0|134.65|26.81|16
united-kingdom|england-coalville|2023-09-01|0.0|0.0|0|136.38|28.1|18
united-kingdom|england-cobham|2023-09-01|0.0|0.0|0|67.74|18.83|10
united-kingdom|england-codsall|2023-09-01|0.0|0.0|0|48.32|14.77|12
united-kingdom|england-colchester|2023-09-01|60.98|7.96|28|93.97|25.32|15
united-kingdom|england-coleshill|2023-09-01|0.0|0.0|0|74.05|21.01|11
united-kingdom|england-colne|2023-09-01|0.0|0.0|0|72.62|18.71|13
united-kingdom|england-congleton|2023-09-01|0.0|0.0|0|103.32|28.66|15
united-kingdom|england-conisbrough|2023-09-01|0.0|0.0|0|55.75|18.26|13
united-kingdom|england-consett|2023-09-01|0.0|0.0|0|93.1|20.97|16
united-kingdom|england-cookham|2023-09-01|0.0|0.0|0|58.46|17.62|8
united-kingdom|england-copthorne|2023-09-01|0.0|0.0|0|69.12|18.72|11
united-kingdom|england-corby|2023-09-01|0.0|0.0|0|134.47|27.21|14
united-kingdom|england-corringham|2023-09-01|0.0|0.0|0|74.48|20.46|8
united-kingdom|england-corsham|2023-09-01|0.0|0.0|0|64.07|18.6|12
united-kingdom|england-costessey|2023-09-01|0.0|0.0|0|104.88|26.08|11
united-kingdom|england-cottenham|2023-09-01|0.0|0.0|0|77.27|20.86|15
united-kingdom|england-coulsdon|2023-09-01|0.0|0.0|0|86.29|23.69|10
united-kingdom|england-coventry|2023-09-01|62.13|7.54|34|130.34|29.73|15
united-kingdom|england-cradley-heath|2023-09-01|0.0|0.0|0|142.5|26.15|18
united-kingdom|england-cramlington|2023-09-01|0.0|0.0|0|66.18|18.45|16
united-kingdom|england-crawley|2023-09-01|59.73|8.53|28|134.11|26.06|11
united-kingdom|england-crewe|2023-09-01|32.43|6.64|39|101.57|29.0|14
united-kingdom|england-crigglestone|2023-09-01|0.0|0.0|0|59.95|18.56|13
united-kingdom|england-croft|2023-09-01|0.0|0.0|0|67.75|18.23|16
united-kingdom|england-crowborough|2023-09-01|0.0|0.0|0|62.67|23.27|8
united-kingdom|england-crowthorne|2023-09-01|0.0|0.0|0|69.73|18.83|8
united-kingdom|england-croxley-green|2023-09-01|0.0|0.0|0|142.33|28.08|9
united-kingdom|england-croydon|2023-09-01|49.71|6.67|27|110.96|25.99|10
united-kingdom|england-cubbington|2023-09-01|0.0|0.0|0|115.44|24.74|17
united-kingdom|england-cudworth|2023-09-01|0.0|0.0|0|102.87|22.68|12
united-kingdom|england-culcheth|2023-09-01|0.0|0.0|0|75.73|28.65|15
united-kingdom|england-cumnor|2023-09-01|0.0|0.0|0|81.64|26.01|12
united-kingdom|england-dagenham|2023-09-01|72.9|9.12|26|138.13|28.34|10
united-kingdom|england-darlington|2023-09-01|42.12|7.47|36|144.29|30.56|18
united-kingdom|england-dartford|2023-09-01|67.44|8.14|28|87.98|21.06|10
united-kingdom|england-darwen|2023-09-01|0.0|0.0|0|63.59|18.55|15
united-kingdom|england-datchet|2023-09-01|0.0|0.0|0|138.81|28.13|10
united-kingdom|england-daventry|2023-09-01|0.0|0.0|0|110.29|28.27|10
united-kingdom|england-deal|2023-09-01|0.0|0.0|0|74.69|26.19|7
united-kingdom|england-deepcut|2023-09-01|0.0|0.0|0|68.83|18.6|8
united-kingdom|england-denham|2023-09-01|0.0|0.0|0|63.43|18.58|10
united-kingdom|england-denmead|2023-09-01|0.0|0.0|0|62.03|17.03|18
united-kingdom|england-denton|2023-09-01|0.0|0.0|0|119.33|24.25|13
united-kingdom|england-derby|2023-09-01|80.06|9.02|37|129.15|26.19|19
united-kingdom|england-dereham|2023-09-01|0.0|0.0|0|71.12|19.38|10
united-kingdom|england-devizes|2023-09-01|0.0|0.0|0|49.3|16.59|13
united-kingdom|england-dewsbury|2023-09-01|0.0|0.0|0|100.13|24.11|12
united-kingdom|england-didcot|2023-09-01|0.0|0.0|0|73.36|20.33|11
united-kingdom|england-dinnington|2023-09-01|0.0|0.0|0|82.14|19.55|14
united-kingdom|england-doddinghurst|2023-09-01|0.0|0.0|0|57.66|18.11|8
united-kingdom|england-doncaster|2023-09-01|72.01|9.65|38|118.67|28.58|13
united-kingdom|england-dorchester|2023-09-01|0.0|0.0|0|61.34|18.79|12
united-kingdom|england-dorking|2023-09-01|0.0|0.0|0|67.76|18.34|8
united-kingdom|england-dover|2023-09-01|0.0|0.0|0|71.99|19.06|15
united-kingdom|england-downley|2023-09-01|0.0|0.0|0|58.39|17.39|9
united-kingdom|england-drighlington|2023-09-01|0.0|0.0|0|91.07|28.46|10
united-kingdom|england-droitwich-spa|2023-09-01|0.0|0.0|0|53.78|16.6|13
united-kingdom|england-dronfield|2023-09-01|0.0|0.0|0|69.82|18.62|15
united-kingdom|england-droylsden|2023-09-01|0.0|0.0|0|105.89|23.89|14
united-kingdom|england-dudley|2023-09-01|91.58|7.93|31|128.41|25.94|19
united-kingdom|england-dukinfield|2023-09-01|0.0|0.0|0|70.89|18.64|16
united-kingdom|england-dunstable|2023-09-01|0.0|0.0|0|121.16|26.09|12
united-kingdom|england-durham|2023-09-01|52.09|6.8|36|68.66|18.87|13
united-kingdom|england-earley|2023-09-01|0.0|0.0|0|121.28|26.14|11
united-kingdom|england-east-ayton|2023-09-01|0.0|0.0|0|60.38|18.62|17
united-kingdom|england-east-grinstead|2023-09-01|0.0|0.0|0|70.26|20.19|9
united-kingdom|england-east-horsley|2023-09-01|0.0|0.0|0|72.84|20.78|7
united-kingdom|england-east-molesey|2023-09-01|0.0|0.0|0|79.92|25.94|9
united-kingdom|england-eastbourne|2023-09-01|46.43|6.85|32|93.57|70.31|7
united-kingdom|england-eastchurch|2023-09-01|0.0|0.0|0|48.77|14.58|10
united-kingdom|england-eastleigh|2023-09-01|0.0|0.0|0|116.82|25.76|14
united-kingdom|england-eastwood|2023-09-01|0.0|0.0|0|138.87|25.36|19
united-kingdom|england-eccles|2023-09-01|0.0|0.0|0|139.97|28.76|13
united-kingdom|england-eccleshall|2023-09-01|0.0|0.0|0|48.6|15.3|14
united-kingdom|england-eccleston|2023-09-01|0.0|0.0|0|136.73|26.21|15
united-kingdom|england-edgware|2023-09-01|59.57|7.0|28|99.41|25.65|9
united-kingdom|england-egham|2023-09-01|0.0|0.0|0|146.73|41.45|8
united-kingdom|england-ellesmere-port|2023-09-01|0.0|0.0|0|130.43|26.64|16
united-kingdom|england-elstow|2023-09-01|0.0|0.0|0|72.48|19.6|11
united-kingdom|england-ely|2023-09-01|0.0|0.0|0|106.57|28.08|11
united-kingdom|england-emerson-valley|2023-09-01|0.0|0.0|0|108.6|34.69|7
united-kingdom|england-emersons-green|2023-09-01|0.0|0.0|0|141.14|30.08|11
united-kingdom|england-emsworth|2023-09-01|0.0|0.0|0|55.7|17.57|14
united-kingdom|england-enfield|2023-09-01|58.34|8.67|27|102.2|23.21|12
united-kingdom|england-englefield-green|2023-09-01|0.0|0.0|0|94.06|28.31|8
united-kingdom|england-epsom|2023-09-01|45.44|6.42|29|129.85|28.71|10
united-kingdom|england-erith|2023-09-01|0.0|0.0|0|92.04|21.08|8
united-kingdom|england-esher|2023-09-01|0.0|0.0|0|122.69|28.54|11
united-kingdom|england-essington|2023-09-01|0.0|0.0|0|69.1|18.43|11
united-kingdom|england-euxton|2023-09-01|0.0|0.0|0|126.36|28.24|15
united-kingdom|england-evesham|2023-09-01|0.0|0.0|0|72.52|18.98|13
united-kingdom|england-ewell|2023-09-01|0.0|0.0|0|136.36|26.38|11
united-kingdom|england-exeter|2023-09-01|42.06|7.8|35|99.01|28.49|14
united-kingdom|england-exmouth|2023-09-01|0.0|0.0|0|85.55|29.02|12
united-kingdom|england-failsworth|2023-09-01|0.0|0.0|0|87.0|27.68|15
united-kingdom|england-fakenham|2023-09-01|0.0|0.0|0|48.97|15.35|12
united-kingdom|england-falmouth|2023-09-01|0.0|0.0|0|50.0|18.66|17
united-kingdom|england-fareham|2023-09-01|0.0|0.0|0|106.67|26.11|14
united-kingdom|england-farnborough|2023-09-01|0.0|0.0|0|114.02|25.92|12
united-kingdom|england-farnham|2023-09-01|0.0|0.0|0|66.68|18.51|9
united-kingdom|england-farnworth|2023-09-01|0.0|0.0|0|127.86|26.03|14
united-kingdom|england-faversham|2023-09-01|0.0|0.0|0|72.96|20.28|7
united-kingdom|england-featherstone|2023-09-01|0.0|0.0|0|74.18|21.13|12
united-kingdom|england-felixstowe|2023-09-01|0.0|0.0|0|56.91|17.76|15
united-kingdom|england-feltham|2023-09-01|57.93|6.8|31|144.98|43.98|8
united-kingdom|england-ferndown|2023-09-01|0.0|0.0|0|42.51|13.58|12
united-kingdom|england-fetcham|2023-09-01|0.0|0.0|0|126.78|25.42|12
united-kingdom|england-filton|2023-09-01|0.0|0.0|0|116.45|25.03|12
united-kingdom|england-finchampstead|2023-09-01|0.0|0.0|0|59.57|18.13|9
united-kingdom|england-fleet|2023-09-01|0.0|0.0|0|105.9|24.88|13
united-kingdom|england-fleetwood|2023-09-01|0.0|0.0|0|85.7|27.92|18
united-kingdom|england-flitwick|2023-09-01|0.0|0.0|0|123.94|21.24|12
united-kingdom|england-folkestone|2023-09-01|0.0|0.0|0|114.12|25.62|13
united-kingdom|england-forest-town|2023-09-01|0.0|0.0|0|138.04|25.02|17
united-kingdom|england-formby|2023-09-01|0.0|0.0|0|73.65|25.55|18
united-kingdom|england-frampton-cotterell|2023-09-01|0.0|0.0|0|109.02|25.63|12
united-kingdom|england-friday-bridge|2023-09-01|0.0|0.0|0|88.01|24.37|12
united-kingdom|england-frimley|2023-09-01|0.0|0.0|0|93.16|25.57|12
united-kingdom|england-frome|2023-09-01|0.0|0.0|0|137.41|24.28|13
united-kingdom|england-fulwood|2023-09-01|0.0|0.0|0|103.6|23.92|16
united-kingdom|england-gainsborough|2023-09-01|0.0|0.0|0|90.17|22.1|16
united-kingdom|england-gamston|2023-09-01|0.0|0.0|0|179.64|36.68|15
united-kingdom|england-garforth|2023-09-01|0.0|0.0|0|89.63|25.1|11
united-kingdom|england-gateshead|2023-09-01|45.64|7.45|37|110.09|25.36|17
united-kingdom|england-gerrards-cross|2023-09-01|0.0|0.0|0|141.71|69.43|7
united-kingdom|england-gildersome|2023-09-01|0.0|0.0|0|71.71|19.32|11
united-kingdom|england-gillingham|2023-09-01|45.12|7.82|28|144.66|32.4|12
united-kingdom|england-glossop|2023-09-01|0.0|0.0|0|39.79|11.74|18
united-kingdom|england-gloucester|2023-09-01|116.38|9.9|30|111.69|25.96|15
united-kingdom|england-godalming|2023-09-01|0.0|0.0|0|68.46|18.85|8
united-kingdom|england-godmanchester|2023-09-01|0.0|0.0|0|110.39|26.44|16
united-kingdom|england-goff's-oak|2023-09-01|0.0|0.0|0|64.42|18.43|8
united-kingdom|england-gomersal|2023-09-01|0.0|0.0|0|95.17|26.4|11
united-kingdom|england-gorleston-on-sea|2023-09-01|0.0|0.0|0|137.54|26.08|16
united-kingdom|england-gosport|2023-09-01|53.38|8.45|29|129.71|26.06|16
united-kingdom|england-grantham|2023-09-01|0.0|0.0|0|137.04|26.04|19
united-kingdom|england-gravesend|2023-09-01|67.16|9.94|28|142.23|35.89|9
united-kingdom|england-grays|2023-09-01|66.41|7.65|28|168.58|34.8|11
united-kingdom|england-greasby|2023-09-01|0.0|0.0|0|82.11|27.74|17
united-kingdom|england-great-baddow|2023-09-01|0.0|0.0|0|81.58|22.23|8
united-kingdom|england-great-bookham|2023-09-01|0.0|0.0|0|69.88|18.52|12
united-kingdom|england-great-chart|2023-09-01|0.0|0.0|0|74.36|20.94|10
united-kingdom|england-great-sankey|2023-09-01|0.0|0.0|0|135.76|26.3|15
united-kingdom|england-great-yarmouth|2023-09-01|0.0|0.0|0|62.76|18.53|15
united-kingdom|england-greenford|2023-09-01|0.0|0.0|0|82.75|25.51|8
united-kingdom|england-greenmount|2023-09-01|0.0|0.0|0|57.19|17.81|17
united-kingdom|england-grimsby|2023-09-01|62.41|8.06|46|164.89|26.46|21
united-kingdom|england-guildford|2023-09-01|46.98|6.94|26|126.1|25.33|11
united-kingdom|england-guisborough|2023-09-01|0.0|0.0|0|138.3|25.6|19
united-kingdom|england-guiseley|2023-09-01|0.0|0.0|0|80.72|25.31|11
united-kingdom|england-hagley|2023-09-01|0.0|0.0|0|63.07|17.78|19
united-kingdom|england-hailsham|2023-09-01|0.0|0.0|0|112.7|51.89|7
united-kingdom|england-hale|2023-09-01|0.0|0.0|0|68.89|18.88|15
united-kingdom|england-halesowen|2023-09-01|0.0|0.0|0|91.49|23.0|18
united-kingdom|england-halifax|2023-09-01|71.4|8.56|33|69.79|19.16|12
united-kingdom|england-halsall|2023-09-01|0.0|0.0|0|71.79|22.17|16
united-kingdom|england-hamble-le-rice|2023-09-01|0.0|0.0|0|68.73|17.24|15
united-kingdom|england-hampton|2023-09-01|0.0|0.0|0|115.0|34.56|8
united-kingdom|england-hampton-wick|2023-09-01|0.0|0.0|0|82.44|25.52|11
united-kingdom|england-harefield|2023-09-01|0.0|0.0|0|65.77|18.46|11
united-kingdom|england-harlow|2023-09-01|57.68|7.41|27|152.78|26.22|16
united-kingdom|england-harpenden|2023-09-01|0.0|0.0|0|106.63|27.45|10
united-kingdom|england-harrogate|2023-09-01|44.87|7.28|35|134.86|28.3|12
united-kingdom|england-harrow|2023-09-01|56.7|7.33|29|109.73|25.7|10
united-kingdom|england-hartlepool|2023-09-01|0.0|0.0|0|149.54|29.48|19
united-kingdom|england-harwich|2023-09-01|0.0|0.0|0|56.67|17.75|10
united-kingdom|england-haslemere|2023-09-01|0.0|0.0|0|65.48|18.56|8
united-kingdom|england-haslington|2023-09-01|0.0|0.0|0|58.72|18.34|17
united-kingdom|england-hastings|2023-09-01|0.0|0.0|0|49.79|16.52|9
united-kingdom|england-hatfield|2023-09-01|0.0|0.0|0|109.51|25.83|11
united-kingdom|england-hatfield|2023-09-01|0.0|0.0|0|109.51|25.83|11
united-kingdom|england-havant|2023-09-01|0.0|0.0|0|122.4|25.9|15
united-kingdom|england-haverhill|2023-09-01|0.0|0.0|0|66.24|19.57|9
united-kingdom|england-hawkinge|2023-09-01|0.0|0.0|0|144.55|45.05|7
united-kingdom|england-hayes|2023-09-01|71.91|9.0|27|158.67|35.35|9
united-kingdom|england-haywards-heath|2023-09-01|0.0|0.0|0|62.04|18.11|9
united-kingdom|england-hazel-grove|2023-09-01|0.0|0.0|0|125.6|22.02|14
united-kingdom|england-hazlemere|2023-09-01|0.0|0.0|0|56.09|16.89|8
united-kingdom|england-heald-green|2023-09-01|0.0|0.0|0|145.36|26.21|12
united-kingdom|england-heanor|2023-09-01|0.0|0.0|0|111.08|28.66|13
united-kingdom|england-hebburn|2023-09-01|0.0|0.0|0|129.51|24.97|18
united-kingdom|england-heckmondwike|2023-09-01|0.0|0.0|0|139.49|26.32|12
united-kingdom|england-hedge-end|2023-09-01|0.0|0.0|0|140.8|24.52|14
united-kingdom|england-hednesford|2023-09-01|0.0|0.0|0|144.2|32.58|9
united-kingdom|england-hemel-hempstead|2023-09-01|54.27|8.94|29|142.12|28.53|10
united-kingdom|england-henley-on-thames|2023-09-01|0.0|0.0|0|167.87|140.03|5
united-kingdom|england-hereford|2023-09-01|0.0|0.0|0|108.06|47.36|10
united-kingdom|england-herne-bay|2023-09-01|0.0|0.0|0|93.82|28.55|7
united-kingdom|england-hersham|2023-09-01|0.0|0.0|0|114.86|36.07|9
united-kingdom|england-hertford|2023-09-01|0.0|0.0|0|133.81|23.82|12
united-kingdom|england-heywood|2023-09-01|0.0|0.0|0|101.62|28.26|14
united-kingdom|england-high-wycombe|2023-09-01|26.23|7.85|31|74.52|21.99|8
united-kingdom|england-higham-ferrers|2023-09-01|0.0|0.0|0|134.31|30.18|9
united-kingdom|england-hinckley|2023-09-01|0.0|0.0|0|141.32|27.09|20
united-kingdom|england-hindley|2023-09-01|0.0|0.0|0|82.78|22.17|16
united-kingdom|england-hitchin|2023-09-01|0.0|0.0|0|129.05|25.88|10
united-kingdom|england-hoddesdon|2023-09-01|0.0|0.0|0|109.04|22.25|12
united-kingdom|england-hook|2023-09-01|0.0|0.0|0|81.1|29.75|8
united-kingdom|england-horley|2023-09-01|57.43|7.22|29|68.45|19.51|11
united-kingdom|england-hornchurch|2023-09-01|0.0|0.0|0|94.7|23.37|10
united-kingdom|england-horsforth|2023-09-01|0.0|0.0|0|129.7|29.4|11
united-kingdom|england-horsham|2023-09-01|0.0|0.0|0|74.19|25.08|8
united-kingdom|england-horwich|2023-09-01|0.0|0.0|0|69.92|19.09|15
united-kingdom|england-houghton-le-spring|2023-09-01|0.0|0.0|0|119.57|26.31|16
united-kingdom|england-houghton-regis|2023-09-01|0.0|0.0|0|156.24|29.68|12
united-kingdom|england-hounslow|2023-09-01|53.42|8.3|31|128.7|26.01|10
united-kingdom|england-hoyland|2023-09-01|0.0|0.0|0|75.17|20.16|14
united-kingdom|england-hucknall|2023-09-01|0.0|0.0|0|118.52|25.86|18
united-kingdom|england-huddersfield|2023-09-01|51.73|8.59|33|114.4|26.13|11
united-kingdom|england-hull|2023-09-01|77.96|8.78|38|218.93|124.05|8
united-kingdom|england-huntingdon|2023-09-01|0.0|0.0|0|73.81|20.93|14
united-kingdom|england-hyde|2023-09-01|0.0|0.0|0|105.46|26.07|14
united-kingdom|england-hythe|2023-09-01|0.0|0.0|0|71.99|19.04|9
united-kingdom|england-hythe|2023-09-01|0.0|0.0|0|71.99|19.04|9
united-kingdom|england-ickenham|2023-09-01|0.0|0.0|0|118.06|25.66|11
united-kingdom|england-ilford|2023-09-01|51.19|6.74|28|144.6|32.46|9
united-kingdom|england-ilkeston|2023-09-01|0.0|0.0|0|78.62|20.88|19
united-kingdom|england-ilkley|2023-09-01|0.0|0.0|0|70.85|19.74|13
united-kingdom|england-impington|2023-09-01|0.0|0.0|0|138.4|26.36|17
united-kingdom|england-ince-in-makerfield|2023-09-01|0.0|0.0|0|109.32|25.31|15
united-kingdom|england-ipswich|2023-09-01|61.06|8.65|28|96.52|25.86|14
united-kingdom|england-irlam|2023-09-01|0.0|0.0|0|97.38|27.04|14
united-kingdom|england-irthlingborough|2023-09-01|0.0|0.0|0|100.87|25.26|12
united-kingdom|england-isleworth|2023-09-01|0.0|0.0|0|120.42|28.4|13
united-kingdom|england-iver|2023-09-01|0.0|0.0|0|108.49|35.25|8
united-kingdom|england-jarrow|2023-09-01|0.0|0.0|0|139.0|26.17|18
united-kingdom|england-keighley|2023-09-01|0.0|0.0|0|121.78|36.9|13
united-kingdom|england-kempston|2023-09-01|0.0|0.0|0|146.82|31.34|12
united-kingdom|england-kendal|2023-09-01|0.0|0.0|0|89.0|28.28|16
united-kingdom|england-kenilworth|2023-09-01|0.0|0.0|0|81.06|21.04|17
united-kingdom|england-kenley|2023-09-01|0.0|0.0|0|54.45|16.4|9
united-kingdom|england-kennington|2023-09-01|0.0|0.0|0|125.21|26.25|10
united-kingdom|england-kennington|2023-09-01|0.0|0.0|0|125.21|26.25|10
united-kingdom|england-kesgrave|2023-09-01|0.0|0.0|0|70.72|28.31|8
united-kingdom|england-kettering|2023-09-01|0.0|0.0|0|132.64|26.08|14
united-kingdom|england-keynsham|2023-09-01|0.0|0.0|0|117.11|28.72|12
united-kingdom|england-kidderminster|2023-09-01|0.0|0.0|0|71.24|18.61|16
united-kingdom|england-kidlington|2023-09-01|0.0|0.0|0|73.65|20.64|12
united-kingdom|england-kidsgrove|2023-09-01|0.0|0.0|0|98.1|26.08|15
united-kingdom|england-kimberley|2023-09-01|0.0|0.0|0|135.41|26.12|19
united-kingdom|england-kings-hill|2023-09-01|0.0|0.0|0|214.46|78.06|5
united-kingdom|england-kings-langley|2023-09-01|0.0|0.0|0|63.74|18.52|9
united-kingdom|england-kingsnorth|2023-09-01|0.0|0.0|0|99.77|26.06|8
united-kingdom|england-kingston-upon-thames|2023-09-01|62.04|6.84|29|127.16|26.35|11
united-kingdom|england-kingswinford|2023-09-01|0.0|0.0|0|114.92|25.34|19
united-kingdom|england-kirkby-in-ashfield|2023-09-01|0.0|0.0|0|116.38|25.71|17
united-kingdom|england-knaphill|2023-09-01|0.0|0.0|0|73.83|18.95|11
united-kingdom|england-knaresborough|2023-09-01|0.0|0.0|0|94.73|35.92|12
united-kingdom|england-knowle|2023-09-01|0.0|0.0|0|123.33|26.34|18
united-kingdom|england-knowsley|2023-09-01|0.0|0.0|0|92.91|26.19|15
united-kingdom|england-knutsford|2023-09-01|0.0|0.0|0|81.64|23.24|15
united-kingdom|england-lancaster|2023-09-01|0.0|0.0|0|89.26|26.65|13
united-kingdom|england-lancing|2023-09-01|0.0|0.0|0|112.31|25.61|13
united-kingdom|england-leatherhead|2023-09-01|0.0|0.0|0|120.4|25.84|11
united-kingdom|england-lee-on-the-solent|2023-09-01|0.0|0.0|0|81.26|19.87|17
united-kingdom|england-leeds|2023-09-01|60.71|7.98|35|108.01|26.34|11
united-kingdom|england-leek|2023-09-01|0.0|0.0|0|59.15|18.46|15
united-kingdom|england-leicester|2023-09-01|70.86|8.54|36|126.9|26.13|19
united-kingdom|england-leigh|2023-09-01|0.0|0.0|0|88.7|22.77|15
united-kingdom|england-leighton-buzzard|2023-09-01|0.0|0.0|0|93.5|25.83|10
united-kingdom|england-letchworth-garden-city|2023-09-01|0.0|0.0|0|112.59|25.7|11
united-kingdom|england-lewes|2023-09-01|0.0|0.0|0|57.69|17.08|11
united-kingdom|england-leyland|2023-09-01|0.0|0.0|0|131.31|27.48|15
united-kingdom|england-lichfield|2023-09-01|0.0|0.0|0|132.85|26.15|15
united-kingdom|england-lincoln|2023-09-01|56.6|8.62|41|129.11|25.71|20
united-kingdom|england-litherland|2023-09-01|0.0|0.0|0|156.34|26.45|16
united-kingdom|england-little-clacton|2023-09-01|0.0|0.0|0|63.04|19.07|8
united-kingdom|england-little-hulton|2023-09-01|0.0|0.0|0|104.95|25.9|14
united-kingdom|england-little-lever|2023-09-01|0.0|0.0|0|116.56|22.6|12
united-kingdom|england-little-neston|2023-09-01|0.0|0.0|0|66.69|19.18|17
united-kingdom|england-little-stoke|2023-09-01|0.0|0.0|0|176.63|41.45|10
united-kingdom|england-littleborough|2023-09-01|0.0|0.0|0|66.34|18.64|15
united-kingdom|england-littleport|2023-09-01|0.0|0.0|0|60.48|18.5|11
united-kingdom|england-liverpool|2023-09-01|65.71|8.62|36|95.2|26.2|17
united-kingdom|england-liversedge|2023-09-01|0.0|0.0|0|97.6|24.31|12
united-kingdom|england-london|2023-09-01|60.87|8.14|28|98.56|26.06|9
united-kingdom|england-long-eaton|2023-09-01|0.0|0.0|0|136.85|27.24|17
united-kingdom|england-lostock-hall|2023-09-01|0.0|0.0|0|164.58|26.19|14
united-kingdom|england-loughborough|2023-09-01|63.88|12.18|36|94.69|23.37|19
united-kingdom|england-loughton|2023-09-01|0.0|0.0|0|106.94|26.4|9
united-kingdom|england-loughton|2023-09-01|0.0|0.0|0|106.94|26.4|9
united-kingdom|england-louth|2023-09-01|0.0|0.0|0|61.49|18.24|19
united-kingdom|england-lowestoft|2023-09-01|0.0|0.0|0|68.6|18.7|10
united-kingdom|england-lowton|2023-09-01|0.0|0.0|0|98.42|25.36|16
united-kingdom|england-luton|2023-09-01|43.35|8.01|28|130.97|25.9|11
united-kingdom|england-lydiate|2023-09-01|0.0|0.0|0|131.02|28.36|17
united-kingdom|england-lymington|2023-09-01|0.0|0.0|0|40.12|10.46|13
united-kingdom|england-lymm|2023-09-01|0.0|0.0|0|90.37|27.64|16
united-kingdom|england-lytham-saint-annes|2023-09-01|0.0|0.0|0|83.61|28.2|18
united-kingdom|england-macclesfield|2023-09-01|0.0|0.0|0|105.94|25.67|14
united-kingdom|england-maidenhead|2023-09-01|46.57|8.5|27|74.63|20.19|10
united-kingdom|england-maidstone|2023-09-01|39.55|6.84|28|102.26|25.64|10
united-kingdom|england-maltby|2023-09-01|0.0|0.0|0|50.66|14.47|14
united-kingdom|england-manchester|2023-09-01|57.71|7.82|37|91.24|26.05|13
united-kingdom|england-mansfield|2023-09-01|0.0|0.0|0|138.09|26.24|16
united-kingdom|england-mansfield-woodhouse|2023-09-01|0.0|0.0|0|135.94|25.92|18
united-kingdom|england-march|2023-09-01|0.0|0.0|0|69.79|19.95|13
united-kingdom|england-margate|2023-09-01|0.0|0.0|0|68.82|18.76|14
united-kingdom|england-market-harborough|2023-09-01|0.0|0.0|0|84.36|21.47|13
united-kingdom|england-marlow|2023-09-01|0.0|0.0|0|91.5|28.56|7
united-kingdom|england-marple|2023-09-01|0.0|0.0|0|108.61|24.09|15
united-kingdom|england-marston-green|2023-09-01|0.0|0.0|0|48.96|18.25|17
united-kingdom|england-marton-in-cleveland|2023-09-01|0.0|0.0|0|157.72|28.81|19
united-kingdom|england-melksham|2023-09-01|0.0|0.0|0|113.89|25.91|13
united-kingdom|england-melton-mowbray|2023-09-01|0.0|0.0|0|89.92|22.11|19
united-kingdom|england-meopham|2023-09-01|0.0|0.0|0|65.31|18.36|8
united-kingdom|england-merstham|2023-09-01|0.0|0.0|0|136.28|25.71|12
united-kingdom|england-mexborough|2023-09-01|0.0|0.0|0|74.6|21.37|13
united-kingdom|england-middlesbrough|2023-09-01|70.57|8.76|38|141.65|26.44|18
united-kingdom|england-middleton|2023-09-01|0.0|0.0|0|82.54|21.72|14
united-kingdom|england-middlewich|2023-09-01|0.0|0.0|0|93.51|28.9|15
united-kingdom|england-midsomer-norton|2023-09-01|0.0|0.0|0|129.12|41.39|11
united-kingdom|england-milton|2023-09-01|0.0|0.0|0|129.15|26.17|17
united-kingdom|england-milton-keynes|2023-09-01|0.0|0.0|0|76.22|29.21|10
united-kingdom|england-minster-on-sea|2023-09-01|0.0|0.0|0|94.75|30.3|7
united-kingdom|england-mirfield|2023-09-01|0.0|0.0|0|120.06|25.94|12
united-kingdom|england-mitcham|2023-09-01|73.22|8.41|27|106.38|25.84|9
united-kingdom|england-monkston|2023-09-01|0.0|0.0|0|146.24|39.92|8
united-kingdom|england-morden|2023-09-01|0.0|0.0|0|132.65|29.06|8
united-kingdom|england-morecambe|2023-09-01|0.0|0.0|0|93.07|26.07|17
united-kingdom|england-morley|2023-09-01|0.0|0.0|0|107.85|28.67|10
united-kingdom|england-mudford|2023-09-01|0.0|0.0|0|35.43|10.01|13
united-kingdom|england-murton|2023-09-01|0.0|0.0|0|61.31|18.15|16
united-kingdom|england-nailsea|2023-09-01|0.0|0.0|0|149.92|36.41|12
united-kingdom|england-nantwich|2023-09-01|0.0|0.0|0|70.34|18.9|12
united-kingdom|england-nelson|2023-09-01|0.0|0.0|0|135.74|26.34|11
united-kingdom|england-new-addington|2023-09-01|0.0|0.0|0|154.49|75.39|10
united-kingdom|england-new-ash-green|2023-09-01|0.0|0.0|0|72.31|25.8|11
united-kingdom|england-new-balderton|2023-09-01|0.0|0.0|0|134.66|23.26|20
united-kingdom|england-new-malden|2023-09-01|0.0|0.0|0|128.46|26.08|11
united-kingdom|england-new-milton|2023-09-01|0.0|0.0|0|50.84|16.54|15
united-kingdom|england-new-waltham|2023-09-01|0.0|0.0|0|175.61|32.3|21
united-kingdom|england-newark-on-trent|2023-09-01|0.0|0.0|0|108.66|25.33|20
united-kingdom|england-newbury|2023-09-01|78.04|11.77|29|108.09|24.82|9
united-kingdom|england-newcastle-upon-tyne|2023-09-01|45.95|6.7|38|88.55|25.34|16
united-kingdom|england-newcastle-under-lyme|2023-09-01|0.0|0.0|0|115.87|26.12|13
united-kingdom|england-newmarket|2023-09-01|0.0|0.0|0|100.81|23.75|16
united-kingdom|england-newport|2023-09-01|0.0|0.0|0|113.36|102.89|4
united-kingdom|england-newport-pagnell|2023-09-01|0.0|0.0|0|103.01|32.2|9
united-kingdom|england-newquay|2023-09-01|0.0|0.0|0|46.93|17.54|17
united-kingdom|england-newton-abbot|2023-09-01|0.0|0.0|0|70.06|20.6|17
united-kingdom|england-newton-aycliffe|2023-09-01|0.0|0.0|0|50.77|15.47|16
united-kingdom|england-newton-le-willows|2023-09-01|0.0|0.0|0|120.97|26.11|16
united-kingdom|england-normanton|2023-09-01|0.0|0.0|0|150.79|36.04|11
united-kingdom|england-north-hykeham|2023-09-01|0.0|0.0|0|131.73|26.1|17
united-kingdom|england-north-shields|2023-09-01|0.0|0.0|0|127.07|26.32|18
united-kingdom|england-northallerton|2023-09-01|0.0|0.0|0|118.43|107.16|18
united-kingdom|england-northampton|2023-09-01|58.42|8.38|33|138.12|31.05|13
united-kingdom|england-northfleet|2023-09-01|0.0|0.0|0|133.16|34.01|8
united-kingdom|england-northolt|2023-09-01|96.26|7.9|25|95.49|25.06|9
united-kingdom|england-northwich|2023-09-01|0.0|0.0|0|94.32|28.32|15
united-kingdom|england-northwood|2023-09-01|0.0|0.0|0|56.07|17.68|10
united-kingdom|england-norwich|2023-09-01|60.79|6.85|34|88.33|24.6|14
united-kingdom|england-nottingham|2023-09-01|67.54|8.4|36|115.96|26.14|19
united-kingdom|england-nuneaton|2023-09-01|46.5|6.19|38|102.74|23.15|17
united-kingdom|england-nuthall|2023-09-01|0.0|0.0|0|149.4|26.42|19
united-kingdom|england-oadby|2023-09-01|0.0|0.0|0|74.45|20.85|19
united-kingdom|england-oldbury|2023-09-01|0.0|0.0|0|124.77|25.8|18
united-kingdom|england-oldham|2023-09-01|51.52|7.76|35|95.22|24.2|13
united-kingdom|england-olney|2023-09-01|0.0|0.0|0|73.41|26.28|8
united-kingdom|england-ormesby|2023-09-01|0.0|0.0|0|185.08|26.37|19
united-kingdom|england-ormskirk|2023-09-01|0.0|0.0|0|99.61|28.18|17
united-kingdom|england-orpington|2023-09-01|42.71|8.6|27|138.34|29.07|10
united-kingdom|england-orrell|2023-09-01|0.0|0.0|0|107.71|25.5|17
united-kingdom|england-ossett|2023-09-01|0.0|0.0|0|107.83|26.01|12
united-kingdom|england-oswaldtwistle|2023-09-01|0.0|0.0|0|149.19|35.02|12
united-kingdom|england-oswestry|2023-09-01|0.0|0.0|0|48.76|17.76|14
united-kingdom|england-otley|2023-09-01|0.0|0.0|0|77.13|21.09|11
united-kingdom|england-oxford|2023-09-01|72.13|8.48|30|117.47|26.13|14
united-kingdom|england-oxshott|2023-09-01|0.0|0.0|0|94.04|25.31|11
united-kingdom|england-oxted|2023-09-01|0.0|0.0|0|65.91|18.45|11
united-kingdom|england-paignton|2023-09-01|0.0|0.0|0|96.42|26.0|16
united-kingdom|england-park-gate|2023-09-01|0.0|0.0|0|74.36|18.82|15
united-kingdom|england-parkgate|2023-09-01|0.0|0.0|0|151.45|32.74|12
united-kingdom|england-patchway|2023-09-01|106.96|10.41|30|136.83|26.13|12
united-kingdom|england-peacehaven|2023-09-01|0.0|0.0|0|50.89|17.71|11
united-kingdom|england-pelsall|2023-09-01|0.0|0.0|0|81.89|19.3|19
united-kingdom|england-pembury|2023-09-01|0.0|0.0|0|66.3|19.04|7
united-kingdom|england-pendlebury|2023-09-01|0.0|0.0|0|128.36|28.23|14
united-kingdom|england-penkridge|2023-09-01|0.0|0.0|0|53.34|18.03|12
united-kingdom|england-penwortham|2023-09-01|0.0|0.0|0|83.83|21.0|16
united-kingdom|england-penzance|2023-09-01|0.0|0.0|0|57.04|20.46|16
united-kingdom|england-perivale|2023-09-01|0.0|0.0|0|136.7|30.52|8
united-kingdom|england-peterborough|2023-09-01|54.06|7.56|37|127.56|29.8|13
united-kingdom|england-peterlee|2023-09-01|0.0|0.0|0|166.52|104.55|11
united-kingdom|england-petersfield|2023-09-01|0.0|0.0|0|114.48|25.63|15
united-kingdom|england-pinchbeck|2023-09-01|0.0|0.0|0|127.66|76.5|10
united-kingdom|england-pinner|2023-09-01|0.0|0.0|0|72.88|21.0|8
united-kingdom|england-pirbright|2023-09-01|0.0|0.0|0|49.44|16.57|8
united-kingdom|england-platt-bridge|2023-09-01|0.0|0.0|0|151.08|26.95|14
united-kingdom|england-plymouth|2023-09-01|48.04|6.72|35|122.87|25.37|19
united-kingdom|england-pontefract|2023-09-01|0.0|0.0|0|73.73|20.59|12
united-kingdom|england-poole|2023-09-01|51.26|7.23|34|93.93|23.99|15
united-kingdom|england-portchester|2023-09-01|0.0|0.0|0|102.09|23.99|16
united-kingdom|england-portishead|2023-09-01|0.0|0.0|0|107.02|35.77|11
united-kingdom|england-portsmouth|2023-09-01|42.42|7.02|30|136.74|29.74|15
united-kingdom|england-potters-bar|2023-09-01|0.0|0.0|0|73.9|19.12|10
united-kingdom|england-poulton-le-fylde|2023-09-01|0.0|0.0|0|77.54|26.01|19
united-kingdom|england-poynton|2023-09-01|0.0|0.0|0|71.61|18.75|14
united-kingdom|england-prescot|2023-09-01|0.0|0.0|0|130.26|29.18|17
united-kingdom|england-preston|2023-09-01|50.87|10.57|39|85.97|24.16|16
united-kingdom|england-prestwich|2023-09-01|0.0|0.0|0|109.14|28.29|14
united-kingdom|england-pudsey|2023-09-01|0.0|0.0|0|84.75|27.03|10
united-kingdom|england-purley|2023-09-01|0.0|0.0|0|112.27|30.84|9
united-kingdom|england-quedgeley|2023-09-01|0.0|0.0|0|142.89|32.12|14
united-kingdom|england-queensbury|2023-09-01|0.0|0.0|0|124.48|36.88|11
united-kingdom|england-quinton|2023-09-01|0.0|0.0|0|134.36|26.01|18
united-kingdom|england-radcliffe|2023-09-01|0.0|0.0|0|126.92|26.31|13
united-kingdom|england-radlett|2023-09-01|0.0|0.0|0|93.78|25.89|10
united-kingdom|england-rainham|2023-09-01|0.0|0.0|0|73.42|20.92|8
united-kingdom|england-rainham|2023-09-01|0.0|0.0|0|73.42|20.92|8
united-kingdom|england-rainhill|2023-09-01|0.0|0.0|0|118.31|28.63|17
united-kingdom|england-ramsbottom|2023-09-01|0.0|0.0|0|54.0|15.41|16
united-kingdom|england-ramsey|2023-09-01|0.0|0.0|0|45.45|17.61|11
united-kingdom|england-ramsgate|2023-09-01|0.0|0.0|0|81.25|25.81|8
united-kingdom|england-rawdon|2023-09-01|0.0|0.0|0|137.51|29.16|11
united-kingdom|england-rawmarsh|2023-09-01|0.0|0.0|0|120.26|25.81|13
united-kingdom|england-rawtenstall|2023-09-01|0.0|0.0|0|86.65|24.18|15
united-kingdom|england-rayleigh|2023-09-01|0.0|0.0|0|58.59|18.13|7
united-kingdom|england-reading|2023-09-01|76.59|11.05|26|107.51|26.26|11
united-kingdom|england-redcar|2023-09-01|0.0|0.0|0|135.51|25.31|19
united-kingdom|england-redditch|2023-09-01|55.46|6.48|32|111.44|25.85|14
united-kingdom|england-redhill|2023-09-01|0.0|0.0|0|131.66|28.4|11
united-kingdom|england-redruth|2023-09-01|0.0|0.0|0|72.7|20.28|17
united-kingdom|england-reigate|2023-09-01|0.0|0.0|0|74.33|20.72|11
united-kingdom|england-retford|2023-09-01|0.0|0.0|0|55.12|17.21|15
united-kingdom|england-richmond|2023-09-01|41.44|5.27|31|98.63|25.27|11
united-kingdom|england-rickmansworth|2023-09-01|0.0|0.0|0|91.02|28.2|9
united-kingdom|england-ringwood|2023-09-01|0.0|0.0|0|43.57|12.92|12
united-kingdom|england-ripley|2023-09-01|0.0|0.0|0|108.23|27.46|13
united-kingdom|england-ripponden|2023-09-01|0.0|0.0|0|57.18|18.48|14
united-kingdom|england-rochdale|2023-09-01|43.14|7.7|36|75.02|20.28|14
united-kingdom|england-rochester|2023-09-01|0.0|0.0|0|120.56|26.17|12
united-kingdom|england-rochford|2023-09-01|0.0|0.0|0|64.76|18.18|8
united-kingdom|england-romford|2023-09-01|74.02|8.57|26|135.32|26.16|11
united-kingdom|england-romiley|2023-09-01|0.0|0.0|0|139.97|26.19|13
united-kingdom|england-romsey|2023-09-01|0.0|0.0|0|72.86|19.01|17
united-kingdom|england-rotherham|2023-09-01|65.48|8.6|36|125.66|26.29|13
united-kingdom|england-rothwell|2023-09-01|0.0|0.0|0|62.27|18.29|12
united-kingdom|england-rothwell|2023-09-01|0.0|0.0|0|62.27|18.29|12
united-kingdom|england-rowley-regis|2023-09-01|0.0|0.0|0|90.52|20.84|18
united-kingdom|england-royal-leamington-spa|2023-09-01|0.0|0.0|0|108.02|24.67|17
united-kingdom|england-royal-tunbridge-wells|2023-09-01|0.0|0.0|0|93.35|25.11|8
united-kingdom|england-royal-wootton-bassett|2023-09-01|0.0|0.0|0|120.69|28.22|11
united-kingdom|england-royston|2023-09-01|0.0|0.0|0|133.89|26.1|16
united-kingdom|england-royton|2023-09-01|0.0|0.0|0|186.64|72.12|14
united-kingdom|england-rubery|2023-09-01|0.0|0.0|0|135.65|25.92|19
united-kingdom|england-ruddington|2023-09-01|0.0|0.0|0|129.59|28.07|20
united-kingdom|england-rugby|2023-09-01|0.0|0.0|0|113.49|25.57|13
united-kingdom|england-rugeley|2023-09-01|0.0|0.0|0|84.2|19.92|16
united-kingdom|england-ruislip|2023-09-01|61.5|8.87|29|73.67|20.84|10
united-kingdom|england-runcorn|2023-09-01|0.0|0.0|0|139.44|26.2|14
united-kingdom|england-rushden|2023-09-01|0.0|0.0|0|139.29|28.26|11
united-kingdom|england-ryde|2023-09-01|0.0|0.0|0|73.79|46.0|7
united-kingdom|england-ryton-on-dunsmore|2023-09-01|0.0|0.0|0|85.22|24.08|17
united-kingdom|england-saffron-walden|2023-09-01|0.0|0.0|0|114.89|20.98|17
united-kingdom|england-saint-albans|2023-09-01|60.12|6.78|28|118.99|26.32|10
united-kingdom|england-saint-austell|2023-09-01|0.0|0.0|0|58.12|17.94|17
united-kingdom|england-saint-helens|2023-09-01|49.32|5.89|35|136.08|27.26|16
united-kingdom|england-saint-ives|2023-09-01|0.0|0.0|0|134.14|24.87|17
united-kingdom|england-saint-leonards|2023-09-01|0.0|0.0|0|52.13|16.27|9
united-kingdom|england-sale|2023-09-01|0.0|0.0|0|127.55|26.01|13
united-kingdom|england-salford|2023-09-01|63.73|8.4|35|98.13|29.04|12
united-kingdom|england-salisbury|2023-09-01|0.0|0.0|0|99.81|26.22|13
united-kingdom|england-sandhurst|2023-09-01|0.0|0.0|0|94.79|70.31|7
united-kingdom|england-sandiacre|2023-09-01|0.0|0.0|0|138.78|26.17|19
united-kingdom|england-sandy|2023-09-01|0.0|0.0|0|118.17|25.1|11
united-kingdom|england-sawbridgeworth|2023-09-01|0.0|0.0|0|136.64|29.06|15
united-kingdom|england-scarborough|2023-09-01|0.0|0.0|0|55.22|17.72|18
united-kingdom|england-scunthorpe|2023-09-01|39.47|8.43|39|149.93|28.35|18
united-kingdom|england-seaford|2023-09-01|0.0|0.0|0|50.66|15.86|9
united-kingdom|england-seaham|2023-09-01|0.0|0.0|0|68.53|19.15|15
united-kingdom|england-selby|2023-09-01|0.0|0.0|0|69.81|19.21|16
united-kingdom|england-sevenoaks|2023-09-01|0.0|0.0|0|72.69|18.5|8
united-kingdom|england-shaw|2023-09-01|0.0|0.0|0|112.76|26.05|12
united-kingdom|england-sheffield|2023-09-01|62.62|7.79|36|76.53|24.18|13
united-kingdom|england-shepperton|2023-09-01|0.0|0.0|0|78.47|21.39|11
united-kingdom|england-shepshed|2023-09-01|0.0|0.0|0|105.71|25.93|19
united-kingdom|england-sherborne-saint-john|2023-09-01|0.0|0.0|0|168.68|28.32|10
united-kingdom|england-shipley|2023-09-01|0.0|0.0|0|96.62|26.72|11
united-kingdom|england-shirley|2023-09-01|0.0|0.0|0|136.3|29.02|16
united-kingdom|england-shoreham-by-sea|2023-09-01|0.0|0.0|0|134.5|25.62|11
united-kingdom|england-shrewsbury|2023-09-01|35.15|6.23|36|56.91|18.36|13
united-kingdom|england-sidcup|2023-09-01|0.0|0.0|0|75.0|22.63|7
united-kingdom|england-sittingbourne|2023-09-01|0.0|0.0|0|106.92|26.26|9
united-kingdom|england-skegness|2023-09-01|0.0|0.0|0|55.17|17.8|14
united-kingdom|england-skelmersdale|2023-09-01|0.0|0.0|0|46.56|14.47|19
united-kingdom|england-skipton|2023-09-01|0.0|0.0|0|83.56|26.4|11
united-kingdom|england-sleaford|2023-09-01|0.0|0.0|0|105.62|28.42|11
united-kingdom|england-slough|2023-09-01|72.71|9.87|28|138.09|29.4|10
united-kingdom|england-smethwick|2023-09-01|0.0|0.0|0|107.82|25.75|18
united-kingdom|england-soham|2023-09-01|0.0|0.0|0|58.94|18.6|10
united-kingdom|england-solihull|2023-09-01|82.3|9.36|30|136.75|29.85|17
united-kingdom|england-sompting|2023-09-01|0.0|0.0|0|108.98|26.0|14
united-kingdom|england-south-benfleet|2023-09-01|0.0|0.0|0|60.21|18.11|11
united-kingdom|england-south-croydon|2023-09-01|0.0|0.0|0|106.64|25.88|10
united-kingdom|england-south-normanton|2023-09-01|0.0|0.0|0|161.9|26.17|17
united-kingdom|england-south-ockendon|2023-09-01|0.0|0.0|0|137.43|28.84|9
united-kingdom|england-south-shields|2023-09-01|60.92|7.34|36|137.15|26.12|18
united-kingdom|england-south-woodham-ferrers|2023-09-01|0.0|0.0|0|47.5|13.2|9
united-kingdom|england-southall|2023-09-01|43.1|5.44|29|98.36|25.77|9
united-kingdom|england-southampton|2023-09-01|56.35|7.5|32|131.36|36.57|11
united-kingdom|england-southborough|2023-09-01|0.0|0.0|0|106.12|26.1|11
united-kingdom|england-southend-on-sea|2023-09-01|53.76|7.02|28|122.43|28.13|10
united-kingdom|england-southport|2023-09-01|31.93|6.69|37|52.79|16.02|19
united-kingdom|england-spalding|2023-09-01|0.0|0.0|0|103.57|70.04|10
united-kingdom|england-speke|2023-09-01|0.0|0.0|0|132.97|25.97|17
united-kingdom|england-spennymoor|2023-09-01|0.0|0.0|0|136.27|33.29|13
united-kingdom|england-sprotbrough|2023-09-01|0.0|0.0|0|142.42|30.21|13
united-kingdom|england-stafford|2023-09-01|43.81|8.13|34|133.07|25.14|17
united-kingdom|england-staines-upon-thames|2023-09-01|0.0|0.0|0|104.14|26.16|7
united-kingdom|england-stalybridge|2023-09-01|0.0|0.0|0|68.97|18.55|16
united-kingdom|england-stamford|2023-09-01|0.0|0.0|0|85.19|28.09|11
united-kingdom|england-standish|2023-09-01|0.0|0.0|0|100.01|20.87|17
united-kingdom|england-stanford-le-hope|2023-09-01|0.0|0.0|0|134.66|26.53|11
united-kingdom|england-stanley|2023-09-01|0.0|0.0|0|56.09|18.39|15
united-kingdom|england-stanmore|2023-09-01|51.6|4.79|28|70.48|18.99|10
united-kingdom|england-stanwell|2023-09-01|0.0|0.0|0|148.2|40.49|9
united-kingdom|england-stapleford|2023-09-01|0.0|0.0|0|139.31|26.2|19
united-kingdom|england-stevenage|2023-09-01|61.3|11.06|27|135.96|26.04|12
united-kingdom|england-stockport|2023-09-01|76.27|8.23|34|116.12|25.41|13
united-kingdom|england-stockton-on-tees|2023-09-01|62.21|8.14|36|150.42|29.7|18
united-kingdom|england-stoke-gifford|2023-09-01|0.0|0.0|0|135.72|26.27|11
united-kingdom|england-stoke-on-trent|2023-09-01|75.25|9.38|34|92.54|21.18|13
united-kingdom|england-stone|2023-09-01|0.0|0.0|0|121.41|28.31|12
united-kingdom|england-storrington|2023-09-01|0.0|0.0|0|51.07|16.0|11
united-kingdom|england-stotfold|2023-09-01|0.0|0.0|0|115.02|27.81|10
united-kingdom|england-stourbridge|2023-09-01|0.0|0.0|0|97.14|21.08|19
united-kingdom|england-stourport-on-severn|2023-09-01|0.0|0.0|0|41.99|12.14|13
united-kingdom|england-stowmarket|2023-09-01|0.0|0.0|0|86.5|27.58|7
united-kingdom|england-stratford-upon-avon|2023-09-01|0.0|0.0|0|91.93|21.6|14
united-kingdom|england-street|2023-09-01|0.0|0.0|0|74.9|70.77|11
united-kingdom|england-stretford|2023-09-01|81.73|11.61|33|108.9|50.6|12
united-kingdom|england-stroud|2023-09-01|0.0|0.0|0|49.83|15.95|14
united-kingdom|england-sunbury-on-thames|2023-09-01|0.0|0.0|0|105.66|26.18|9
united-kingdom|england-sunderland|2023-09-01|48.06|8.06|36|92.64|24.25|18
united-kingdom|england-surbiton|2023-09-01|0.0|0.0|0|126.7|26.05|11
united-kingdom|england-sutton|2023-09-01|80.07|9.91|26|109.45|25.77|8
united-kingdom|england-sutton|2023-09-01|80.07|9.91|26|109.45|25.77|8
united-kingdom|england-sutton-in-ashfield|2023-09-01|0.0|0.0|0|157.22|28.04|15
united-kingdom|england-swanley|2023-09-01|0.0|0.0|0|66.54|18.42|11
united-kingdom|england-swindon|2023-09-01|45.69|6.03|30|139.6|29.33|14
united-kingdom|england-swinton|2023-09-01|0.0|0.0|0|135.48|28.76|12
united-kingdom|england-swinton|2023-09-01|0.0|0.0|0|135.48|28.76|12
united-kingdom|england-tadley|2023-09-01|0.0|0.0|0|60.69|17.02|10
united-kingdom|england-tamworth|2023-09-01|0.0|0.0|0|94.76|21.75|16
united-kingdom|england-taplow|2023-09-01|0.0|0.0|0|62.54|18.4|8
united-kingdom|england-taunton|2023-09-01|0.0|0.0|0|66.84|19.57|13
united-kingdom|england-teddington|2023-09-01|0.0|0.0|0|124.92|25.89|10
united-kingdom|england-telford|2023-09-01|37.77|6.46|34|116.7|26.04|13
united-kingdom|england-thame|2023-09-01|0.0|0.0|0|123.14|47.92|8
united-kingdom|england-thames-ditton|2023-09-01|0.0|0.0|0|113.72|28.6|9
united-kingdom|england-thatcham|2023-09-01|0.0|0.0|0|93.2|24.28|10
united-kingdom|england-thetford|2023-09-01|0.0|0.0|0|54.66|17.45|11
united-kingdom|england-thornaby|2023-09-01|0.0|0.0|0|206.16|39.05|17
united-kingdom|england-thornbury|2023-09-01|0.0|0.0|0|105.01|23.7|13
united-kingdom|england-thornton-heath|2023-09-01|0.0|0.0|0|140.55|35.44|9
united-kingdom|england-tilbury|2023-09-01|0.0|0.0|0|135.13|26.31|12
united-kingdom|england-timperley|2023-09-01|0.0|0.0|0|74.0|21.0|13
united-kingdom|england-tingley|2023-09-01|0.0|0.0|0|105.56|28.79|9
united-kingdom|england-tipton|2023-09-01|0.0|0.0|0|74.43|20.27|14
united-kingdom|england-tiverton|2023-09-01|0.0|0.0|0|54.98|18.1|15
united-kingdom|england-tividale|2023-09-01|0.0|0.0|0|113.14|20.94|19
united-kingdom|england-toddington|2023-09-01|0.0|0.0|0|70.56|18.67|11
united-kingdom|england-todmorden|2023-09-01|0.0|0.0|0|39.33|11.24|18
united-kingdom|england-tonbridge|2023-09-01|0.0|0.0|0|120.45|27.66|10
united-kingdom|england-torquay|2023-09-01|0.0|0.0|0|102.78|26.36|16
united-kingdom|england-totton|2023-09-01|0.0|0.0|0|85.39|20.84|12
united-kingdom|england-tring|2023-09-01|0.0|0.0|0|73.98|20.71|12
united-kingdom|england-trowbridge|2023-09-01|0.0|0.0|0|115.0|25.91|13
united-kingdom|england-truro|2023-09-01|0.0|0.0|0|53.95|17.88|16
united-kingdom|england-twickenham|2023-09-01|72.27|7.1|28|129.12|26.72|10
united-kingdom|england-tyldesley|2023-09-01|0.0|0.0|0|87.57|25.6|15
united-kingdom|england-uckfield|2023-09-01|0.0|0.0|0|73.42|22.36|8
united-kingdom|england-upminster|2023-09-01|0.0|0.0|0|74.48|20.91|10
united-kingdom|england-upton|2023-09-01|0.0|0.0|0|197.68|38.65|13
united-kingdom|england-urmston|2023-09-01|0.0|0.0|0|89.72|20.83|13
united-kingdom|england-uttoxeter|2023-09-01|0.0|0.0|0|56.86|18.38|13
united-kingdom|england-uxbridge|2023-09-01|79.2|10.39|27|119.69|28.12|9
united-kingdom|england-verwood|2023-09-01|0.0|0.0|0|105.53|28.61|10
united-kingdom|england-wakefield|2023-09-01|51.26|6.74|33|122.14|26.31|11
united-kingdom|england-wallasey|2023-09-01|0.0|0.0|0|126.85|28.34|16
united-kingdom|england-wallington|2023-09-01|0.0|0.0|0|145.81|33.26|9
united-kingdom|england-wallsend|2023-09-01|0.0|0.0|0|134.47|26.34|18
united-kingdom|england-walnut-tree|2023-09-01|0.0|0.0|0|86.87|30.52|9
united-kingdom|england-walsall|2023-09-01|72.97|8.97|30|108.29|25.14|17
united-kingdom|england-waltham-abbey|2023-09-01|0.0|0.0|0|70.54|20.98|8
united-kingdom|england-walton-on-thames|2023-09-01|0.0|0.0|0|129.07|27.41|11
united-kingdom|england-ware|2023-09-01|0.0|0.0|0|83.67|21.0|12
united-kingdom|england-warfield|2023-09-01|0.0|0.0|0|140.48|34.09|8
united-kingdom|england-warley|2023-09-01|0.0|0.0|0|64.32|18.7|7
united-kingdom|england-warlingham|2023-09-01|0.0|0.0|0|66.34|18.39|10
united-kingdom|england-warminster|2023-09-01|0.0|0.0|0|59.54|20.32|13
united-kingdom|england-warmsworth|2023-09-01|0.0|0.0|0|130.71|26.28|13
united-kingdom|england-warrington|2023-09-01|66.58|8.85|34|120.45|26.0|13
united-kingdom|england-warwick|2023-09-01|0.0|0.0|0|80.99|21.5|15
united-kingdom|england-washington|2023-09-01|0.0|0.0|0|71.48|20.86|17
united-kingdom|england-waterbeach|2023-09-01|0.0|0.0|0|65.24|18.51|15
united-kingdom|england-waterlooville|2023-09-01|0.0|0.0|0|93.58|21.88|16
united-kingdom|england-waterthorpe|2023-09-01|0.0|0.0|0|39.14|14.88|15
united-kingdom|england-watford|2023-09-01|78.17|8.33|28|120.72|26.1|10
united-kingdom|england-wath-upon-dearne|2023-09-01|0.0|0.0|0|96.2|23.19|13
united-kingdom|england-waverton|2023-09-01|0.0|0.0|0|51.18|12.3|19
united-kingdom|england-wednesbury|2023-09-01|0.0|0.0|0|73.35|19.85|15
united-kingdom|england-welling|2023-09-01|0.0|0.0|0|134.5|28.84|6
united-kingdom|england-wellingborough|2023-09-01|0.0|0.0|0|88.04|25.03|12
united-kingdom|england-wells|2023-09-01|0.0|0.0|0|81.66|47.81|12
united-kingdom|england-welwyn|2023-09-01|0.0|0.0|0|61.88|18.44|10
united-kingdom|england-welwyn-garden-city|2023-09-01|0.0|0.0|0|145.3|26.4|10
united-kingdom|england-wembley|2023-09-01|59.06|7.65|27|95.9|28.87|8
united-kingdom|england-west-bridgford|2023-09-01|0.0|0.0|0|142.1|27.46|19
united-kingdom|england-west-bromwich|2023-09-01|71.18|8.54|29|84.12|22.51|18
united-kingdom|england-west-drayton|2023-09-01|0.0|0.0|0|110.71|26.47|8
united-kingdom|england-west-molesey|2023-09-01|0.0|0.0|0|130.54|28.84|9
united-kingdom|england-west-parley|2023-09-01|0.0|0.0|0|36.31|12.0|13
united-kingdom|england-west-wickham|2023-09-01|0.0|0.0|0|106.28|25.74|10
united-kingdom|england-westbury|2023-09-01|0.0|0.0|0|131.06|25.22|13
united-kingdom|england-westhoughton|2023-09-01|0.0|0.0|0|72.88|20.75|15
united-kingdom|england-weston-super-mare|2023-09-01|49.42|6.43|33|73.54|20.98|13
united-kingdom|england-weybridge|2023-09-01|0.0|0.0|0|64.55|18.22|9
united-kingdom|england-weymouth|2023-09-01|0.0|0.0|0|57.04|17.81|13
united-kingdom|england-whickham|2023-09-01|0.0|0.0|0|137.66|25.43|17
united-kingdom|england-whiston|2023-09-01|0.0|0.0|0|110.74|25.81|17
united-kingdom|england-whitefield|2023-09-01|0.0|0.0|0|132.23|30.2|14
united-kingdom|england-whitehaven|2023-09-01|0.0|0.0|0|38.18|12.19|20
united-kingdom|england-whiteley|2023-09-01|0.0|0.0|0|103.58|24.48|15
united-kingdom|england-whitley-bay|2023-09-01|0.0|0.0|0|148.44|29.23|17
united-kingdom|england-whitstable|2023-09-01|0.0|0.0|0|61.19|18.04|9
united-kingdom|england-whittington|2023-09-01|0.0|0.0|0|127.17|28.33|16
united-kingdom|england-whitwick|2023-09-01|0.0|0.0|0|105.73|25.61|19
united-kingdom|england-wickford|2023-09-01|0.0|0.0|0|85.27|24.52|9
united-kingdom|england-widley|2023-09-01|0.0|0.0|0|206.88|36.13|16
united-kingdom|england-widnes|2023-09-01|0.0|0.0|0|73.6|19.95|17
united-kingdom|england-wigan|2023-09-01|74.79|9.08|36|128.38|26.07|16
united-kingdom|england-wigston|2023-09-01|0.0|0.0|0|96.36|20.96|20
united-kingdom|england-willenhall|2023-09-01|0.0|0.0|0|88.4|20.94|17
united-kingdom|england-willesborough|2023-09-01|0.0|0.0|0|137.04|41.76|8
united-kingdom|england-wilmslow|2023-09-01|0.0|0.0|0|68.96|18.62|15
united-kingdom|england-wilnecote|2023-09-01|0.0|0.0|0|75.26|18.82|17
united-kingdom|england-winchester|2023-09-01|0.0|0.0|0|70.84|18.61|13
united-kingdom|england-windsor|2023-09-01|0.0|0.0|0|72.84|19.52|11
united-kingdom|england-winkfield-row|2023-09-01|0.0|0.0|0|73.1|19.81|8
united-kingdom|england-winnersh|2023-09-01|0.0|0.0|0|69.59|18.64|10
united-kingdom|england-winsford|2023-09-01|0.0|0.0|0|96.68|28.68|15
united-kingdom|england-winterbourne|2023-09-01|0.0|0.0|0|124.8|25.99|11
united-kingdom|england-wisbech|2023-09-01|0.0|0.0|0|70.75|19.0|12
united-kingdom|england-witham|2023-09-01|0.0|0.0|0|51.13|16.4|9
united-kingdom|england-witney|2023-09-01|0.0|0.0|0|106.2|29.2|11
united-kingdom|england-woking|2023-09-01|20.01|4.63|28|84.87|21.21|12
united-kingdom|england-wokingham|2023-09-01|0.0|0.0|0|75.0|20.58|11
united-kingdom|england-wolverhampton|2023-09-01|77.0|9.24|30|108.35|25.81|17
united-kingdom|england-wolverton|2023-09-01|0.0|0.0|0|72.54|18.72|10
united-kingdom|england-wombourne|2023-09-01|0.0|0.0|0|52.11|16.62|16
united-kingdom|england-wombwell|2023-09-01|0.0|0.0|0|115.12|23.01|12
united-kingdom|england-wooburn-green|2023-09-01|0.0|0.0|0|96.91|49.35|7
united-kingdom|england-woodley|2023-09-01|0.0|0.0|0|98.94|23.42|12
united-kingdom|england-worcester|2023-09-01|33.67|5.9|37|71.08|20.73|12
united-kingdom|england-worcester-park|2023-09-01|0.0|0.0|0|146.94|34.56|8
united-kingdom|england-workington|2023-09-01|0.0|0.0|0|50.54|17.29|17
united-kingdom|england-worksop|2023-09-01|0.0|0.0|0|70.89|19.87|15
united-kingdom|england-worsley|2023-09-01|0.0|0.0|0|119.34|26.59|14
united-kingdom|england-worthing|2023-09-01|30.72|5.2|34|134.36|28.82|13
united-kingdom|england-wymondham|2023-09-01|0.0|0.0|0|64.97|19.0|10
united-kingdom|england-wythenshawe|2023-09-01|62.12|8.27|35|143.63|28.51|11
united-kingdom|england-yate|2023-09-01|0.0|0.0|0|165.3|30.37|11
united-kingdom|england-yateley|2023-09-01|0.0|0.0|0|152.92|26.1|12
united-kingdom|england-yeadon|2023-09-01|0.0|0.0|0|134.45|28.54|11
united-kingdom|england-yeovil|2023-09-01|0.0|0.0|0|64.46|18.6|13
united-kingdom|england-york|2023-09-01|41.66|6.56|36|82.65|21.89|13
