chile|antofagasta-region|mobile|Claro|2452|2023-06-01|6.18|32.23
chile|antofagasta-region|mobile|Entel|3362|2023-06-01|5.83|90.4
chile|antofagasta-region|mobile|Movistar|2453|2023-06-01|5.19|90.06
chile|antofagasta-region|mobile|WOM|2449|2023-06-01|5.65|94.32
chile|araucania|mobile|Claro|2452|2023-06-01|5.44|42.0
chile|araucania|mobile|Entel|3362|2023-06-01|10.36|88.28
chile|araucania|mobile|Movistar|2453|2023-06-01|4.79|83.6
chile|araucania|mobile|WOM|2449|2023-06-01|9.07|111.89
chile|arica-y-parinacota-region|mobile|Entel|3362|2023-06-01|12.97|100.6
chile|arica-y-parinacota-region|mobile|Movistar|2453|2023-06-01|5.17|60.46
chile|arica-y-parinacota-region|mobile|WOM|2449|2023-06-01|10.29|123.25
chile|atacama-region|mobile|Claro|2452|2023-06-01|5.47|34.78
chile|atacama-region|mobile|Entel|3362|2023-06-01|10.48|98.15
chile|atacama-region|mobile|Movistar|2453|2023-06-01|4.99|104.29
chile|atacama-region|mobile|WOM|2449|2023-06-01|7.93|110.66
chile|bio-bio-region|mobile|Claro|2452|2023-06-01|5.69|44.37
chile|bio-bio-region|mobile|Entel|3362|2023-06-01|7.98|83.96
chile|bio-bio-region|mobile|Movistar|2453|2023-06-01|5.61|88.47
chile|bio-bio-region|mobile|WOM|2449|2023-06-01|9.09|108.37
chile|coquimbo-region|mobile|Claro|2452|2023-06-01|5.37|31.0
chile|coquimbo-region|mobile|Entel|3362|2023-06-01|7.13|61.74
chile|coquimbo-region|mobile|Movistar|2453|2023-06-01|5.7|91.98
chile|coquimbo-region|mobile|WOM|2449|2023-06-01|8.7|144.21
chile|los-lagos-region|mobile|Claro|2452|2023-06-01|6.47|42.17
chile|los-lagos-region|mobile|Entel|3362|2023-06-01|9.85|95.16
chile|los-lagos-region|mobile|Movistar|2453|2023-06-01|3.31|67.52
chile|los-lagos-region|mobile|WOM|2449|2023-06-01|7.76|106.67
chile|los-rios-region|mobile|Claro|2452|2023-06-01|5.95|43.47
chile|los-rios-region|mobile|Entel|3362|2023-06-01|13.36|83.74
chile|los-rios-region|mobile|Movistar|2453|2023-06-01|3.07|63.56
chile|los-rios-region|mobile|WOM|2449|2023-06-01|11.76|116.75
chile|magallanes-y-la-antartica-chilena-region|mobile|Entel|3362|2023-06-01|18.46|111.07
chile|magallanes-y-la-antartica-chilena-region|mobile|Movistar|2453|2023-06-01|7.8|56.6
chile|magallanes-y-la-antartica-chilena-region|mobile|WOM|2449|2023-06-01|14.5|186.46
chile|maule-region|mobile|Claro|2452|2023-06-01|6.09|30.16
chile|maule-region|mobile|Entel|3362|2023-06-01|9.12|85.78
chile|maule-region|mobile|Movistar|2453|2023-06-01|6.0|79.05
chile|maule-region|mobile|WOM|2449|2023-06-01|8.78|83.44
chile|o'higgins-region|mobile|Claro|2452|2023-06-01|6.62|36.62
chile|o'higgins-region|mobile|Entel|3362|2023-06-01|12.07|101.27
chile|o'higgins-region|mobile|Movistar|2453|2023-06-01|7.25|96.58
chile|o'higgins-region|mobile|WOM|2449|2023-06-01|6.66|99.37
chile|santiago-metropolitan-region|mobile|Claro|2452|2023-06-01|7.14|45.17
chile|santiago-metropolitan-region|mobile|Entel|3362|2023-06-01|11.58|140.81
chile|santiago-metropolitan-region|mobile|Movistar|2453|2023-06-01|7.76|132.24
chile|santiago-metropolitan-region|mobile|WOM|2449|2023-06-01|9.49|118.19
chile|tarapaca-region|mobile|Claro|2452|2023-06-01|6.38|41.33
chile|tarapaca-region|mobile|Entel|3362|2023-06-01|6.61|82.84
chile|tarapaca-region|mobile|Movistar|2453|2023-06-01|5.04|86.62
chile|tarapaca-region|mobile|WOM|2449|2023-06-01|4.72|64.55
chile|valparaiso|mobile|Claro|2452|2023-06-01|4.2|31.99
chile|valparaiso|mobile|Entel|3362|2023-06-01|11.12|103.3
chile|valparaiso|mobile|Movistar|2453|2023-06-01|5.18|125.98
chile|valparaiso|mobile|WOM|2449|2023-06-01|11.29|137.58
chile|antofagasta|mobile|Entel|3362|2023-06-01|10.5|107.34
chile|antofagasta|mobile|Movistar|2453|2023-06-01|8.45|144.98
chile|antofagasta|mobile|WOM|2449|2023-06-01|4.97|81.94
chile|temuco|mobile|Claro|2452|2023-06-01|10.24|52.49
chile|temuco|mobile|Entel|3362|2023-06-01|11.96|125.28
chile|temuco|mobile|Movistar|2453|2023-06-01|3.75|53.81
chile|temuco|mobile|WOM|2449|2023-06-01|18.27|130.82
chile|copiapo|mobile|Entel|3362|2023-06-01|19.41|123.68
chile|copiapo|mobile|Movistar|2453|2023-06-01|5.26|50.45
chile|copiapo|mobile|WOM|2449|2023-06-01|13.97|171.14
chile|chillan|mobile|Entel|3362|2023-06-01|5.71|109.94
chile|chillan|mobile|Movistar|2453|2023-06-01|6.77|54.54
chile|chillan|mobile|WOM|2449|2023-06-01|16.4|218.41
chile|concepcion|mobile|Claro|2452|2023-06-01|4.21|31.13
chile|concepcion|mobile|Entel|3362|2023-06-01|6.99|66.45
chile|concepcion|mobile|Movistar|2453|2023-06-01|2.83|63.55
chile|concepcion|mobile|WOM|2449|2023-06-01|9.28|106.71
chile|coquimbo|mobile|Entel|3362|2023-06-01|7.96|72.25
chile|coquimbo|mobile|Movistar|2453|2023-06-01|5.85|61.2
chile|coquimbo|mobile|WOM|2449|2023-06-01|8.08|159.97
chile|la-serena|mobile|Claro|2452|2023-06-01|5.33|24.65
chile|la-serena|mobile|Entel|3362|2023-06-01|7.66|80.59
chile|la-serena|mobile|Movistar|2453|2023-06-01|6.88|56.05
chile|la-serena|mobile|WOM|2449|2023-06-01|16.99|183.88
chile|puerto-montt|mobile|Entel|3362|2023-06-01|10.23|120.95
chile|puerto-montt|mobile|Movistar|2453|2023-06-01|2.92|69.84
chile|puerto-montt|mobile|WOM|2449|2023-06-01|8.15|127.71
chile|valdivia|mobile|Entel|3362|2023-06-01|19.11|116.97
chile|valdivia|mobile|Movistar|2453|2023-06-01|12.1|126.39
chile|valdivia|mobile|WOM|2449|2023-06-01|16.75|149.3
chile|curico|mobile|Claro|2452|2023-06-01|7.95|32.37
chile|curico|mobile|Entel|3362|2023-06-01|13.55|199.37
chile|curico|mobile|Movistar|2453|2023-06-01|6.38|71.67
chile|curico|mobile|WOM|2449|2023-06-01|18.6|212.38
chile|talca|mobile|Claro|2452|2023-06-01|12.93|52.23
chile|talca|mobile|Entel|3362|2023-06-01|7.15|132.44
chile|talca|mobile|Movistar|2453|2023-06-01|7.89|78.12
chile|talca|mobile|WOM|2449|2023-06-01|11.12|63.7
chile|rancagua|mobile|Claro|2452|2023-06-01|4.98|36.08
chile|rancagua|mobile|Entel|3362|2023-06-01|9.1|201.15
chile|rancagua|mobile|Movistar|2453|2023-06-01|8.5|96.18
chile|rancagua|mobile|WOM|2449|2023-06-01|14.34|207.05
chile|conchali|mobile|Entel|3362|2023-06-01|29.6|259.8
chile|conchali|mobile|Movistar|2453|2023-06-01|21.48|177.17
chile|conchali|mobile|WOM|2449|2023-06-01|15.37|145.06
chile|el-bosque|mobile|Entel|3362|2023-06-01|14.87|249.84
chile|el-bosque|mobile|Movistar|2453|2023-06-01|5.54|171.25
chile|el-bosque|mobile|WOM|2449|2023-06-01|8.98|176.84
chile|huechuraba|mobile|Claro|2452|2023-06-01|38.95|87.54
chile|huechuraba|mobile|Entel|3362|2023-06-01|16.31|166.63
chile|huechuraba|mobile|Movistar|2453|2023-06-01|14.78|150.99
chile|huechuraba|mobile|WOM|2449|2023-06-01|17.82|196.69
chile|la-cisterna|mobile|Entel|3362|2023-06-01|16.56|185.4
chile|la-cisterna|mobile|Movistar|2453|2023-06-01|5.13|185.6
chile|la-cisterna|mobile|WOM|2449|2023-06-01|11.71|80.46
chile|la-florida|mobile|Claro|2452|2023-06-01|9.65|49.93
chile|la-florida|mobile|Entel|3362|2023-06-01|15.23|182.34
chile|la-florida|mobile|Movistar|2453|2023-06-01|10.08|197.85
chile|la-florida|mobile|WOM|2449|2023-06-01|14.27|131.62
chile|la-reina|mobile|Entel|3362|2023-06-01|13.71|139.26
chile|la-reina|mobile|Movistar|2453|2023-06-01|19.78|199.28
chile|la-reina|mobile|WOM|2449|2023-06-01|11.95|99.16
chile|las-condes|mobile|Claro|2452|2023-06-01|19.68|100.5
chile|las-condes|mobile|Entel|3362|2023-06-01|25.18|202.41
chile|las-condes|mobile|Movistar|2453|2023-06-01|12.72|144.88
chile|las-condes|mobile|WOM|2449|2023-06-01|25.26|211.26
chile|lo-barnechea|mobile|Entel|3362|2023-06-01|16.05|117.91
chile|lo-barnechea|mobile|Movistar|2453|2023-06-01|9.31|70.11
chile|lo-barnechea|mobile|WOM|2449|2023-06-01|13.91|128.06
chile|los-cerrillos|mobile|Entel|3362|2023-06-01|15.55|263.01
chile|los-cerrillos|mobile|Movistar|2453|2023-06-01|7.7|177.64
chile|los-cerrillos|mobile|WOM|2449|2023-06-01|10.43|190.56
chile|macul|mobile|Claro|2452|2023-06-01|6.87|70.61
chile|macul|mobile|Entel|3362|2023-06-01|10.3|169.52
chile|macul|mobile|Movistar|2453|2023-06-01|13.16|212.87
chile|macul|mobile|WOM|2449|2023-06-01|12.37|184.44
chile|maipu|mobile|Claro|2452|2023-06-01|10.09|42.18
chile|maipu|mobile|Entel|3362|2023-06-01|7.56|105.03
chile|maipu|mobile|Movistar|2453|2023-06-01|9.72|112.47
chile|maipu|mobile|WOM|2449|2023-06-01|11.71|98.88
chile|penalolen|mobile|Entel|3362|2023-06-01|9.75|117.27
chile|penalolen|mobile|Movistar|2453|2023-06-01|10.11|204.79
chile|penalolen|mobile|WOM|2449|2023-06-01|17.83|133.01
chile|providencia|mobile|Claro|2452|2023-06-01|17.33|81.36
chile|providencia|mobile|Entel|3362|2023-06-01|25.83|222.99
chile|providencia|mobile|Movistar|2453|2023-06-01|15.41|149.96
chile|providencia|mobile|WOM|2449|2023-06-01|20.44|199.67
chile|pudahuel|mobile|Claro|2452|2023-06-01|8.62|49.47
chile|pudahuel|mobile|Entel|3362|2023-06-01|11.47|118.48
chile|pudahuel|mobile|Movistar|2453|2023-06-01|8.6|137.98
chile|pudahuel|mobile|WOM|2449|2023-06-01|7.43|82.86
chile|puente-alto|mobile|Claro|2452|2023-06-01|3.44|38.21
chile|puente-alto|mobile|Entel|3362|2023-06-01|9.36|154.93
chile|puente-alto|mobile|Movistar|2453|2023-06-01|6.24|113.78
chile|puente-alto|mobile|WOM|2449|2023-06-01|11.55|122.61
chile|quilicura|mobile|Claro|2452|2023-06-01|4.28|31.94
chile|quilicura|mobile|Entel|3362|2023-06-01|10.06|167.21
chile|quilicura|mobile|Movistar|2453|2023-06-01|9.1|168.37
chile|quilicura|mobile|WOM|2449|2023-06-01|9.01|181.57
chile|quinta-normal|mobile|Entel|3362|2023-06-01|13.62|143.18
chile|quinta-normal|mobile|Movistar|2453|2023-06-01|12.31|214.95
chile|quinta-normal|mobile|WOM|2449|2023-06-01|17.35|160.71
chile|recoleta|mobile|Claro|2452|2023-06-01|12.58|73.43
chile|recoleta|mobile|Entel|3362|2023-06-01|11.62|195.4
chile|recoleta|mobile|Movistar|2453|2023-06-01|20.79|233.71
chile|recoleta|mobile|WOM|2449|2023-06-01|10.58|138.21
chile|renca|mobile|Entel|3362|2023-06-01|13.61|225.91
chile|renca|mobile|Movistar|2453|2023-06-01|11.51|216.8
chile|renca|mobile|WOM|2449|2023-06-01|4.83|113.1
chile|san-bernardo|mobile|Claro|2452|2023-06-01|3.58|31.79
chile|san-bernardo|mobile|Entel|3362|2023-06-01|9.44|140.3
chile|san-bernardo|mobile|Movistar|2453|2023-06-01|5.56|98.24
chile|san-bernardo|mobile|WOM|2449|2023-06-01|11.22|119.7
chile|san-miguel|mobile|Claro|2452|2023-06-01|6.08|25.63
chile|san-miguel|mobile|Entel|3362|2023-06-01|10.26|191.3
chile|san-miguel|mobile|Movistar|2453|2023-06-01|3.98|189.44
chile|san-miguel|mobile|WOM|2449|2023-06-01|8.87|111.99
chile|santiago|mobile|Claro|2452|2023-06-01|6.08|39.35
chile|santiago|mobile|Entel|3362|2023-06-01|8.82|129.88
chile|santiago|mobile|Movistar|2453|2023-06-01|6.25|104.72
chile|santiago|mobile|WOM|2449|2023-06-01|7.5|106.18
chile|santiago|mobile|Claro|2452|2023-06-01|6.08|39.35
chile|santiago|mobile|Entel|3362|2023-06-01|8.82|129.88
chile|santiago|mobile|Movistar|2453|2023-06-01|6.25|104.72
chile|santiago|mobile|WOM|2449|2023-06-01|7.5|106.18
chile|vitacura|mobile|Entel|3362|2023-06-01|20.65|159.35
chile|vitacura|mobile|Movistar|2453|2023-06-01|10.81|168.98
chile|vitacura|mobile|WOM|2449|2023-06-01|22.91|248.33
chile|nunoa|mobile|Claro|2452|2023-06-01|13.56|50.51
chile|nunoa|mobile|Entel|3362|2023-06-01|15.63|164.57
chile|nunoa|mobile|Movistar|2453|2023-06-01|9.87|178.55
chile|nunoa|mobile|WOM|2449|2023-06-01|18.58|174.47
chile|iquique|mobile|Entel|3362|2023-06-01|7.22|75.52
chile|iquique|mobile|Movistar|2453|2023-06-01|6.73|89.49
chile|iquique|mobile|WOM|2449|2023-06-01|5.9|87.01
chile|quilpue|mobile|Entel|3362|2023-06-01|10.22|58.85
chile|quilpue|mobile|Movistar|2453|2023-06-01|6.99|114.2
chile|quilpue|mobile|WOM|2449|2023-06-01|9.37|135.04
chile|valparaiso|mobile|Claro|2452|2023-06-01|5.53|38.6
chile|valparaiso|mobile|Entel|3362|2023-06-01|10.32|113.58
chile|valparaiso|mobile|Movistar|2453|2023-06-01|5.92|113.32
chile|valparaiso|mobile|WOM|2449|2023-06-01|13.55|171.24
chile|vina-del-mar|mobile|Claro|2452|2023-06-01|5.34|45.55
chile|vina-del-mar|mobile|Entel|3362|2023-06-01|14.36|121.25
chile|vina-del-mar|mobile|Movistar|2453|2023-06-01|6.66|150.55
chile|vina-del-mar|mobile|WOM|2449|2023-06-01|14.85|220.03
china|anhui|mobile|China Mobile|2458|2023-06-01|34.18|314.87
china|anhui|mobile|China Telecom|3871|2023-06-01|35.64|263.44
china|anhui|mobile|China Unicom|2460|2023-06-01|36.63|267.47
china|beijing|mobile|China Mobile|2458|2023-06-01|54.79|444.03
china|beijing|mobile|China Telecom|3871|2023-06-01|42.13|316.8
china|beijing|mobile|China Unicom|2460|2023-06-01|44.64|333.01
china|chongqing|mobile|China Mobile|2458|2023-06-01|34.97|324.46
china|chongqing|mobile|China Telecom|3871|2023-06-01|39.68|289.42
china|chongqing|mobile|China Unicom|2460|2023-06-01|42.15|305.03
china|fujian|mobile|China Mobile|2458|2023-06-01|36.64|327.64
china|fujian|mobile|China Telecom|3871|2023-06-01|46.28|294.24
china|fujian|mobile|China Unicom|2460|2023-06-01|43.61|296.48
china|gansu|mobile|China Mobile|2458|2023-06-01|39.1|330.65
china|gansu|mobile|China Telecom|3871|2023-06-01|34.66|229.26
china|gansu|mobile|China Unicom|2460|2023-06-01|28.26|199.79
china|guangdong|mobile|China Mobile|2458|2023-06-01|25.8|231.69
china|guangdong|mobile|China Telecom|3871|2023-06-01|28.33|223.17
china|guangdong|mobile|China Unicom|2460|2023-06-01|23.38|208.3
china|guangxi|mobile|China Mobile|2458|2023-06-01|23.84|256.03
china|guangxi|mobile|China Telecom|3871|2023-06-01|27.75|152.78
china|guangxi|mobile|China Unicom|2460|2023-06-01|27.28|159.59
china|guizhou|mobile|China Mobile|2458|2023-06-01|31.53|297.62
china|guizhou|mobile|China Telecom|3871|2023-06-01|18.97|119.39
china|guizhou|mobile|China Unicom|2460|2023-06-01|25.49|215.33
china|hainan|mobile|China Mobile|2458|2023-06-01|26.15|274.8
china|hainan|mobile|China Telecom|3871|2023-06-01|41.41|288.73
china|hainan|mobile|China Unicom|2460|2023-06-01|42.68|215.54
china|hebei|mobile|China Mobile|2458|2023-06-01|39.76|387.86
china|hebei|mobile|China Telecom|3871|2023-06-01|45.11|302.13
china|hebei|mobile|China Unicom|2460|2023-06-01|37.67|261.36
china|heilongjiang|mobile|China Mobile|2458|2023-06-01|41.11|337.17
china|heilongjiang|mobile|China Telecom|3871|2023-06-01|47.21|338.05
china|heilongjiang|mobile|China Unicom|2460|2023-06-01|31.09|296.83
china|henan|mobile|China Mobile|2458|2023-06-01|41.24|327.0
china|henan|mobile|China Telecom|3871|2023-06-01|38.97|299.67
china|henan|mobile|China Unicom|2460|2023-06-01|41.31|310.72
china|hubei|mobile|China Mobile|2458|2023-06-01|31.53|276.34
china|hubei|mobile|China Telecom|3871|2023-06-01|39.78|271.09
china|hubei|mobile|China Unicom|2460|2023-06-01|33.88|273.86
china|hunan|mobile|China Mobile|2458|2023-06-01|29.08|234.03
china|hunan|mobile|China Telecom|3871|2023-06-01|24.9|150.81
china|hunan|mobile|China Unicom|2460|2023-06-01|25.25|168.81
china|inner-mongolia|mobile|China Mobile|2458|2023-06-01|35.31|365.03
china|inner-mongolia|mobile|China Telecom|3871|2023-06-01|27.53|289.67
china|inner-mongolia|mobile|China Unicom|2460|2023-06-01|33.8|289.93
china|jiangsu|mobile|China Mobile|2458|2023-06-01|39.48|331.64
china|jiangsu|mobile|China Telecom|3871|2023-06-01|49.59|294.21
china|jiangsu|mobile|China Unicom|2460|2023-06-01|44.71|274.95
china|jiangxi|mobile|China Mobile|2458|2023-06-01|45.18|316.34
china|jiangxi|mobile|China Telecom|3871|2023-06-01|33.97|235.92
china|jiangxi|mobile|China Unicom|2460|2023-06-01|26.06|178.97
china|jilin|mobile|China Mobile|2458|2023-06-01|34.51|264.52
china|jilin|mobile|China Telecom|3871|2023-06-01|37.81|295.83
china|jilin|mobile|China Unicom|2460|2023-06-01|27.68|225.59
china|liaoning|mobile|China Mobile|2458|2023-06-01|39.2|355.28
china|liaoning|mobile|China Telecom|3871|2023-06-01|37.86|297.37
china|liaoning|mobile|China Unicom|2460|2023-06-01|33.63|295.25
china|ningxia|mobile|China Mobile|2458|2023-06-01|45.87|354.17
china|ningxia|mobile|China Telecom|3871|2023-06-01|43.29|292.55
china|ningxia|mobile|China Unicom|2460|2023-06-01|49.22|286.16
china|qinghai|mobile|China Mobile|2458|2023-06-01|35.29|306.78
china|qinghai|mobile|China Telecom|3871|2023-06-01|39.6|261.26
china|qinghai|mobile|China Unicom|2460|2023-06-01|35.29|183.69
china|shaanxi|mobile|China Mobile|2458|2023-06-01|32.67|276.23
china|shaanxi|mobile|China Telecom|3871|2023-06-01|34.58|226.09
china|shaanxi|mobile|China Unicom|2460|2023-06-01|34.12|221.85
china|shandong|mobile|China Mobile|2458|2023-06-01|34.94|308.49
china|shandong|mobile|China Telecom|3871|2023-06-01|37.81|314.48
china|shandong|mobile|China Unicom|2460|2023-06-01|41.75|289.55
china|shanghai|mobile|China Mobile|2458|2023-06-01|44.94|410.83
china|shanghai|mobile|China Telecom|3871|2023-06-01|45.47|354.88
china|shanghai|mobile|China Unicom|2460|2023-06-01|45.85|303.06
china|shanxi|mobile|China Mobile|2458|2023-06-01|38.06|347.72
china|shanxi|mobile|China Telecom|3871|2023-06-01|36.96|328.78
china|shanxi|mobile|China Unicom|2460|2023-06-01|29.63|306.46
china|sichuan|mobile|China Mobile|2458|2023-06-01|33.23|290.74
china|sichuan|mobile|China Telecom|3871|2023-06-01|30.67|248.51
china|sichuan|mobile|China Unicom|2460|2023-06-01|31.41|261.18
china|tianjin|mobile|China Mobile|2458|2023-06-01|49.58|367.95
china|tianjin|mobile|China Telecom|3871|2023-06-01|55.7|335.15
china|tianjin|mobile|China Unicom|2460|2023-06-01|51.71|339.22
china|xinjiang|mobile|China Mobile|2458|2023-06-01|31.64|191.78
china|xinjiang|mobile|China Telecom|3871|2023-06-01|27.96|176.34
china|xinjiang|mobile|China Unicom|2460|2023-06-01|26.96|175.61
china|yunnan|mobile|China Mobile|2458|2023-06-01|49.84|355.25
china|yunnan|mobile|China Telecom|3871|2023-06-01|27.27|138.17
china|yunnan|mobile|China Unicom|2460|2023-06-01|38.84|215.43
china|zhejiang|mobile|China Mobile|2458|2023-06-01|52.63|349.2
china|zhejiang|mobile|China Telecom|3871|2023-06-01|41.33|305.39
china|zhejiang|mobile|China Unicom|2460|2023-06-01|39.61|296.14
china|anqing|mobile|China Mobile|2458|2023-06-01|66.3|343.48
china|anqing|mobile|China Telecom|3871|2023-06-01|35.62|236.34
china|bengbu|mobile|China Mobile|2458|2023-06-01|29.33|355.35
china|bengbu|mobile|China Telecom|3871|2023-06-01|31.48|254.23
china|bengbu|mobile|China Unicom|2460|2023-06-01|35.94|288.77
china|chuzhou|mobile|China Mobile|2458|2023-06-01|28.65|313.54
china|chuzhou|mobile|China Telecom|3871|2023-06-01|27.37|259.66
china|chuzhou|mobile|China Unicom|2460|2023-06-01|52.56|320.97
china|fuyang|mobile|China Mobile|2458|2023-06-01|29.38|323.9
china|fuyang|mobile|China Telecom|3871|2023-06-01|21.58|203.41
china|fuyang|mobile|China Unicom|2460|2023-06-01|39.97|232.87
china|hefei|mobile|China Mobile|2458|2023-06-01|30.2|273.66
china|hefei|mobile|China Telecom|3871|2023-06-01|38.99|279.28
china|hefei|mobile|China Unicom|2460|2023-06-01|34.13|275.31
china|huainan|mobile|China Mobile|2458|2023-06-01|33.78|380.66
china|huainan|mobile|China Telecom|3871|2023-06-01|33.28|271.95
china|lu'an|mobile|China Mobile|2458|2023-06-01|37.59|378.73
china|lu'an|mobile|China Telecom|3871|2023-06-01|31.0|298.66
china|lu'an|mobile|China Unicom|2460|2023-06-01|21.79|213.52
china|ma'anshan|mobile|China Mobile|2458|2023-06-01|50.72|605.48
china|ma'anshan|mobile|China Telecom|3871|2023-06-01|39.78|283.72
china|wuhu|mobile|China Mobile|2458|2023-06-01|47.07|402.73
china|wuhu|mobile|China Telecom|3871|2023-06-01|37.49|238.18
china|wuhu|mobile|China Unicom|2460|2023-06-01|42.0|272.54
china|beijing|mobile|China Mobile|2458|2023-06-01|54.74|444.22
china|beijing|mobile|China Telecom|3871|2023-06-01|42.13|316.8
china|beijing|mobile|China Unicom|2460|2023-06-01|44.64|333.01
china|chongqing|mobile|China Mobile|2458|2023-06-01|34.97|324.46
china|chongqing|mobile|China Telecom|3871|2023-06-01|39.68|289.42
china|chongqing|mobile|China Unicom|2460|2023-06-01|42.15|305.03
china|fuzhou|mobile|China Mobile|2458|2023-06-01|41.82|335.3
china|fuzhou|mobile|China Telecom|3871|2023-06-01|42.67|283.19
china|fuzhou|mobile|China Unicom|2460|2023-06-01|39.16|279.32
china|putian|mobile|China Mobile|2458|2023-06-01|32.29|315.84
china|putian|mobile|China Telecom|3871|2023-06-01|50.18|311.04
china|putian|mobile|China Unicom|2460|2023-06-01|29.71|374.76
china|quanzhou|mobile|China Mobile|2458|2023-06-01|42.63|337.87
china|quanzhou|mobile|China Telecom|3871|2023-06-01|46.67|326.12
china|quanzhou|mobile|China Unicom|2460|2023-06-01|51.84|305.83
china|xiamen|mobile|China Mobile|2458|2023-06-01|35.16|329.89
china|xiamen|mobile|China Telecom|3871|2023-06-01|49.73|293.24
china|xiamen|mobile|China Unicom|2460|2023-06-01|47.17|297.55
china|zhangzhou|mobile|China Mobile|2458|2023-06-01|23.34|236.87
china|zhangzhou|mobile|China Telecom|3871|2023-06-01|47.12|247.29
china|zhangzhou|mobile|China Unicom|2460|2023-06-01|47.21|243.21
china|lanzhou|mobile|China Mobile|2458|2023-06-01|42.33|333.34
china|lanzhou|mobile|China Telecom|3871|2023-06-01|36.15|234.79
china|lanzhou|mobile|China Unicom|2460|2023-06-01|41.13|267.95
china|chaozhou|mobile|China Mobile|2458|2023-06-01|22.71|245.58
china|chaozhou|mobile|China Telecom|3871|2023-06-01|22.58|190.3
china|dongguan|mobile|China Mobile|2458|2023-06-01|23.31|172.47
china|dongguan|mobile|China Telecom|3871|2023-06-01|25.08|181.93
china|dongguan|mobile|China Unicom|2460|2023-06-01|22.47|214.39
china|foshan|mobile|China Mobile|2458|2023-06-01|26.26|280.3
china|foshan|mobile|China Telecom|3871|2023-06-01|30.73|241.64
china|foshan|mobile|China Unicom|2460|2023-06-01|36.26|240.74
china|guangzhou|mobile|China Mobile|2458|2023-06-01|25.54|229.46
china|guangzhou|mobile|China Telecom|3871|2023-06-01|28.25|223.35
china|guangzhou|mobile|China Unicom|2460|2023-06-01|23.42|209.73
china|huizhou|mobile|China Mobile|2458|2023-06-01|26.54|211.7
china|huizhou|mobile|China Telecom|3871|2023-06-01|23.87|192.22
china|huizhou|mobile|China Unicom|2460|2023-06-01|9.23|132.82
china|jiangmen|mobile|China Mobile|2458|2023-06-01|34.06|261.23
china|jiangmen|mobile|China Telecom|3871|2023-06-01|31.25|208.96
china|jiangmen|mobile|China Unicom|2460|2023-06-01|31.55|304.04
china|jieyang|mobile|China Mobile|2458|2023-06-01|22.19|124.19
china|jieyang|mobile|China Telecom|3871|2023-06-01|18.78|91.27
china|jieyang|mobile|China Unicom|2460|2023-06-01|17.07|143.57
china|maoming|mobile|China Mobile|2458|2023-06-01|22.51|221.27
china|maoming|mobile|China Telecom|3871|2023-06-01|22.67|278.33
china|maoming|mobile|China Unicom|2460|2023-06-01|33.69|209.41
china|qingyuan|mobile|China Mobile|2458|2023-06-01|28.5|132.11
china|qingyuan|mobile|China Telecom|3871|2023-06-01|29.74|255.58
china|qingyuan|mobile|China Unicom|2460|2023-06-01|23.46|335.51
china|shantou|mobile|China Mobile|2458|2023-06-01|19.54|143.93
china|shantou|mobile|China Telecom|3871|2023-06-01|21.07|190.77
china|shantou|mobile|China Unicom|2460|2023-06-01|17.2|201.72
china|shaoguan|mobile|China Mobile|2458|2023-06-01|22.64|256.3
china|shaoguan|mobile|China Telecom|3871|2023-06-01|25.19|264.28
china|shaoguan|mobile|China Unicom|2460|2023-06-01|19.22|176.18
china|shenzhen|mobile|China Mobile|2458|2023-06-01|25.77|239.55
china|shenzhen|mobile|China Telecom|3871|2023-06-01|23.87|217.3
china|shenzhen|mobile|China Unicom|2460|2023-06-01|20.11|176.36
china|zhanjiang|mobile|China Mobile|2458|2023-06-01|29.42|290.61
china|zhanjiang|mobile|China Telecom|3871|2023-06-01|39.42|224.44
china|zhanjiang|mobile|China Unicom|2460|2023-06-01|28.13|194.92
china|zhaoqing|mobile|China Mobile|2458|2023-06-01|23.35|207.85
china|zhaoqing|mobile|China Telecom|3871|2023-06-01|33.81|238.83
china|zhaoqing|mobile|China Unicom|2460|2023-06-01|27.74|305.96
china|zhongshan|mobile|China Mobile|2458|2023-06-01|29.47|289.94
china|zhongshan|mobile|China Telecom|3871|2023-06-01|38.59|283.83
china|zhongshan|mobile|China Unicom|2460|2023-06-01|40.14|316.45
china|zhuhai|mobile|China Mobile|2458|2023-06-01|41.63|297.95
china|zhuhai|mobile|China Telecom|3871|2023-06-01|35.31|234.9
china|zhuhai|mobile|China Unicom|2460|2023-06-01|33.37|260.42
china|guigang|mobile|China Mobile|2458|2023-06-01|24.1|167.11
china|guigang|mobile|China Telecom|3871|2023-06-01|32.31|152.4
china|guigang|mobile|China Unicom|2460|2023-06-01|56.11|284.3
china|guilin|mobile|China Mobile|2458|2023-06-01|23.01|242.5
china|guilin|mobile|China Telecom|3871|2023-06-01|37.41|187.5
china|guilin|mobile|China Unicom|2460|2023-06-01|25.5|131.78
china|liuzhou|mobile|China Mobile|2458|2023-06-01|21.01|259.08
china|liuzhou|mobile|China Telecom|3871|2023-06-01|26.9|136.48
china|liuzhou|mobile|China Unicom|2460|2023-06-01|30.21|172.37
china|nanning|mobile|China Mobile|2458|2023-06-01|24.26|266.34
china|nanning|mobile|China Telecom|3871|2023-06-01|25.11|153.06
china|nanning|mobile|China Unicom|2460|2023-06-01|29.2|169.83
china|qinzhou|mobile|China Mobile|2458|2023-06-01|20.95|223.98
china|qinzhou|mobile|China Telecom|3871|2023-06-01|28.97|106.62
china|wuzhou|mobile|China Telecom|3871|2023-06-01|14.11|122.34
china|wuzhou|mobile|China Unicom|2460|2023-06-01|15.32|72.19
china|yulin|mobile|China Mobile|2458|2023-06-01|24.92|229.06
china|yulin|mobile|China Telecom|3871|2023-06-01|41.83|134.72
china|guiyang|mobile|China Mobile|2458|2023-06-01|28.62|310.44
china|guiyang|mobile|China Telecom|3871|2023-06-01|21.65|124.85
china|guiyang|mobile|China Unicom|2460|2023-06-01|23.36|211.34
china|zunyi|mobile|China Mobile|2458|2023-06-01|35.12|313.83
china|zunyi|mobile|China Telecom|3871|2023-06-01|24.66|146.19
china|zunyi|mobile|China Unicom|2460|2023-06-01|24.65|161.18
china|haikou|mobile|China Mobile|2458|2023-06-01|27.97|321.53
china|haikou|mobile|China Telecom|3871|2023-06-01|55.38|291.84
china|haikou|mobile|China Unicom|2460|2023-06-01|45.34|244.47
china|baoding|mobile|China Mobile|2458|2023-06-01|38.69|379.27
china|baoding|mobile|China Telecom|3871|2023-06-01|45.62|263.11
china|baoding|mobile|China Unicom|2460|2023-06-01|51.47|299.96
china|cangzhou|mobile|China Mobile|2458|2023-06-01|37.42|413.57
china|cangzhou|mobile|China Telecom|3871|2023-06-01|32.39|278.05
china|cangzhou|mobile|China Unicom|2460|2023-06-01|40.58|174.08
china|handan|mobile|China Mobile|2458|2023-06-01|28.38|371.72
china|handan|mobile|China Telecom|3871|2023-06-01|37.69|233.44
china|handan|mobile|China Unicom|2460|2023-06-01|40.18|240.69
china|hengshui|mobile|China Mobile|2458|2023-06-01|63.15|503.24
china|hengshui|mobile|China Telecom|3871|2023-06-01|53.47|337.5
china|hengshui|mobile|China Unicom|2460|2023-06-01|53.34|296.59
china|langfang|mobile|China Mobile|2458|2023-06-01|38.0|351.76
china|langfang|mobile|China Telecom|3871|2023-06-01|66.18|319.54
china|langfang|mobile|China Unicom|2460|2023-06-01|35.37|287.34
china|qinhuangdao|mobile|China Mobile|2458|2023-06-01|40.59|411.94
china|qinhuangdao|mobile|China Telecom|3871|2023-06-01|51.82|365.06
china|qinhuangdao|mobile|China Unicom|2460|2023-06-01|40.23|290.12
china|shijiazhuang|mobile|China Mobile|2458|2023-06-01|44.86|403.65
china|shijiazhuang|mobile|China Telecom|3871|2023-06-01|44.31|326.46
china|shijiazhuang|mobile|China Unicom|2460|2023-06-01|29.33|218.5
china|tangshan|mobile|China Mobile|2458|2023-06-01|40.11|321.25
china|tangshan|mobile|China Telecom|3871|2023-06-01|50.17|249.03
china|tangshan|mobile|China Unicom|2460|2023-06-01|39.48|291.53
china|xingtai|mobile|China Mobile|2458|2023-06-01|45.38|365.5
china|xingtai|mobile|China Telecom|3871|2023-06-01|34.53|203.59
china|xingtai|mobile|China Unicom|2460|2023-06-01|29.45|116.69
china|zhangjiakou|mobile|China Mobile|2458|2023-06-01|31.5|350.01
china|zhangjiakou|mobile|China Telecom|3871|2023-06-01|47.87|241.0
china|zhangjiakou|mobile|China Unicom|2460|2023-06-01|49.94|334.44
china|harbin|mobile|China Mobile|2458|2023-06-01|41.11|288.13
china|harbin|mobile|China Telecom|3871|2023-06-01|51.12|357.07
china|harbin|mobile|China Unicom|2460|2023-06-01|27.18|310.29
china|anyang|mobile|China Mobile|2458|2023-06-01|54.78|352.5
china|anyang|mobile|China Telecom|3871|2023-06-01|49.1|179.69
china|anyang|mobile|China Unicom|2460|2023-06-01|36.06|258.17
china|jiaozuo|mobile|China Mobile|2458|2023-06-01|42.65|403.5
china|jiaozuo|mobile|China Telecom|3871|2023-06-01|38.13|312.76
china|jiaozuo|mobile|China Unicom|2460|2023-06-01|56.13|224.64
china|kaifeng|mobile|China Mobile|2458|2023-06-01|37.75|263.08
china|kaifeng|mobile|China Telecom|3871|2023-06-01|35.25|362.35
china|kaifeng|mobile|China Unicom|2460|2023-06-01|34.34|313.44
china|luoyang|mobile|China Mobile|2458|2023-06-01|56.97|368.5
china|luoyang|mobile|China Telecom|3871|2023-06-01|52.47|348.78
china|luoyang|mobile|China Unicom|2460|2023-06-01|39.66|317.39
china|nanyang|mobile|China Mobile|2458|2023-06-01|43.02|334.98
china|nanyang|mobile|China Telecom|3871|2023-06-01|30.53|319.67
china|nanyang|mobile|China Unicom|2460|2023-06-01|42.36|288.81
china|pingdingshan|mobile|China Mobile|2458|2023-06-01|36.89|329.95
china|pingdingshan|mobile|China Telecom|3871|2023-06-01|37.25|261.47
china|pingdingshan|mobile|China Unicom|2460|2023-06-01|39.19|247.5
china|puyang|mobile|China Mobile|2458|2023-06-01|51.34|452.4
china|puyang|mobile|China Unicom|2460|2023-06-01|42.99|284.18
china|shangqiu|mobile|China Mobile|2458|2023-06-01|47.63|351.54
china|shangqiu|mobile|China Telecom|3871|2023-06-01|38.05|295.33
china|shangqiu|mobile|China Unicom|2460|2023-06-01|40.43|296.37
china|xinxiang|mobile|China Mobile|2458|2023-06-01|32.83|263.4
china|xinxiang|mobile|China Telecom|3871|2023-06-01|25.72|252.98
china|xinxiang|mobile|China Unicom|2460|2023-06-01|28.22|290.96
china|xinyang|mobile|China Mobile|2458|2023-06-01|46.39|336.05
china|xinyang|mobile|China Telecom|3871|2023-06-01|32.68|256.02
china|xinyang|mobile|China Unicom|2460|2023-06-01|42.67|339.4
china|xuchang|mobile|China Mobile|2458|2023-06-01|16.88|157.53
china|xuchang|mobile|China Telecom|3871|2023-06-01|18.57|258.97
china|xuchang|mobile|China Unicom|2460|2023-06-01|46.61|326.85
china|zhengzhou|mobile|China Mobile|2458|2023-06-01|38.36|318.22
china|zhengzhou|mobile|China Telecom|3871|2023-06-01|42.95|304.71
china|zhengzhou|mobile|China Unicom|2460|2023-06-01|43.34|337.49
china|zhoukou|mobile|China Mobile|2458|2023-06-01|27.64|299.53
china|zhoukou|mobile|China Telecom|3871|2023-06-01|32.42|319.52
china|zhoukou|mobile|China Unicom|2460|2023-06-01|23.76|241.31
china|zhumadian|mobile|China Mobile|2458|2023-06-01|47.72|384.71
china|zhumadian|mobile|China Telecom|3871|2023-06-01|39.62|249.94
china|zhumadian|mobile|China Unicom|2460|2023-06-01|32.52|185.47
china|huanggang|mobile|China Mobile|2458|2023-06-01|22.69|176.21
china|huanggang|mobile|China Telecom|3871|2023-06-01|39.17|197.86
china|huanggang|mobile|China Unicom|2460|2023-06-01|21.68|207.69
china|jingzhou|mobile|China Mobile|2458|2023-06-01|26.2|286.24
china|jingzhou|mobile|China Telecom|3871|2023-06-01|32.82|247.83
china|jingzhou|mobile|China Unicom|2460|2023-06-01|39.26|267.81
china|shiyan|mobile|China Mobile|2458|2023-06-01|16.66|284.12
china|shiyan|mobile|China Telecom|3871|2023-06-01|25.44|236.57
china|wuhan|mobile|China Mobile|2458|2023-06-01|37.33|287.66
china|wuhan|mobile|China Telecom|3871|2023-06-01|39.57|272.1
china|wuhan|mobile|China Unicom|2460|2023-06-01|37.01|288.14
china|xiangyang|mobile|China Mobile|2458|2023-06-01|24.65|236.35
china|xiangyang|mobile|China Telecom|3871|2023-06-01|46.43|260.71
china|xiangyang|mobile|China Unicom|2460|2023-06-01|41.52|245.5
china|xiaogan|mobile|China Mobile|2458|2023-06-01|39.59|367.29
china|xiaogan|mobile|China Telecom|3871|2023-06-01|42.31|269.08
china|xiaogan|mobile|China Unicom|2460|2023-06-01|22.66|139.94
china|yichang|mobile|China Mobile|2458|2023-06-01|30.46|231.97
china|yichang|mobile|China Telecom|3871|2023-06-01|43.91|297.23
china|yichang|mobile|China Unicom|2460|2023-06-01|39.82|248.65
china|changde|mobile|China Telecom|3871|2023-06-01|24.19|114.79
china|changde|mobile|China Unicom|2460|2023-06-01|31.09|106.71
china|changsha|mobile|China Mobile|2458|2023-06-01|33.89|235.15
china|changsha|mobile|China Telecom|3871|2023-06-01|26.4|177.56
china|changsha|mobile|China Unicom|2460|2023-06-01|22.13|162.31
china|hengyang|mobile|China Mobile|2458|2023-06-01|26.65|265.63
china|hengyang|mobile|China Telecom|3871|2023-06-01|19.1|131.02
china|hengyang|mobile|China Unicom|2460|2023-06-01|17.38|156.4
china|shaoyang|mobile|China Mobile|2458|2023-06-01|24.51|269.15
china|shaoyang|mobile|China Telecom|3871|2023-06-01|23.68|127.28
china|xiangtan|mobile|China Telecom|3871|2023-06-01|29.82|136.03
china|xiangtan|mobile|China Unicom|2460|2023-06-01|26.01|111.19
china|yueyang|mobile|China Telecom|3871|2023-06-01|22.55|111.13
china|yueyang|mobile|China Unicom|2460|2023-06-01|27.9|173.88
china|zhuzhou|mobile|China Mobile|2458|2023-06-01|38.58|215.32
china|zhuzhou|mobile|China Telecom|3871|2023-06-01|23.77|110.15
china|zhuzhou|mobile|China Unicom|2460|2023-06-01|33.11|219.72
china|baotou|mobile|China Mobile|2458|2023-06-01|30.22|414.9
china|baotou|mobile|China Telecom|3871|2023-06-01|23.96|285.97
china|baotou|mobile|China Unicom|2460|2023-06-01|22.54|250.85
china|hohhot|mobile|China Mobile|2458|2023-06-01|51.19|386.14
china|hohhot|mobile|China Telecom|3871|2023-06-01|51.06|307.4
china|hohhot|mobile|China Unicom|2460|2023-06-01|36.87|311.77
china|changzhou|mobile|China Mobile|2458|2023-06-01|65.32|441.77
china|changzhou|mobile|China Telecom|3871|2023-06-01|54.32|256.96
china|changzhou|mobile|China Unicom|2460|2023-06-01|49.91|287.1
china|huai'an|mobile|China Mobile|2458|2023-06-01|53.94|313.68
china|huai'an|mobile|China Telecom|3871|2023-06-01|60.56|304.37
china|huai'an|mobile|China Unicom|2460|2023-06-01|51.58|240.61
china|lianyungang|mobile|China Mobile|2458|2023-06-01|29.24|308.37
china|lianyungang|mobile|China Telecom|3871|2023-06-01|50.64|254.28
china|lianyungang|mobile|China Unicom|2460|2023-06-01|56.22|254.54
china|nanjing|mobile|China Mobile|2458|2023-06-01|36.13|317.16
china|nanjing|mobile|China Telecom|3871|2023-06-01|46.82|304.59
china|nanjing|mobile|China Unicom|2460|2023-06-01|44.14|260.21
china|nantong|mobile|China Mobile|2458|2023-06-01|37.15|314.86
china|nantong|mobile|China Telecom|3871|2023-06-01|44.19|300.94
china|nantong|mobile|China Unicom|2460|2023-06-01|42.1|248.9
china|suqian|mobile|China Mobile|2458|2023-06-01|45.56|407.36
china|suqian|mobile|China Telecom|3871|2023-06-01|55.73|289.4
china|suqian|mobile|China Unicom|2460|2023-06-01|61.39|289.6
china|suzhou|mobile|China Mobile|2458|2023-06-01|36.95|322.05
china|suzhou|mobile|China Telecom|3871|2023-06-01|50.91|290.47
china|suzhou|mobile|China Unicom|2460|2023-06-01|41.16|283.23
china|taizhou|mobile|China Mobile|2458|2023-06-01|36.62|331.7
china|taizhou|mobile|China Telecom|3871|2023-06-01|60.46|331.8
china|taizhou|mobile|China Unicom|2460|2023-06-01|57.51|277.86
china|wuxi|mobile|China Mobile|2458|2023-06-01|37.96|342.86
china|wuxi|mobile|China Telecom|3871|2023-06-01|44.45|305.5
china|wuxi|mobile|China Unicom|2460|2023-06-01|43.51|285.78
china|xuzhou|mobile|China Mobile|2458|2023-06-01|51.31|340.35
china|xuzhou|mobile|China Telecom|3871|2023-06-01|50.01|240.49
china|xuzhou|mobile|China Unicom|2460|2023-06-01|44.71|257.69
china|yancheng|mobile|China Mobile|2458|2023-06-01|40.61|302.35
china|yancheng|mobile|China Telecom|3871|2023-06-01|67.4|309.03
china|yancheng|mobile|China Unicom|2460|2023-06-01|51.36|301.87
china|yangzhou|mobile|China Mobile|2458|2023-06-01|34.39|297.98
china|yangzhou|mobile|China Telecom|3871|2023-06-01|64.32|279.93
china|yangzhou|mobile|China Unicom|2460|2023-06-01|58.91|231.3
china|zhenjiang|mobile|China Mobile|2458|2023-06-01|35.67|339.89
china|zhenjiang|mobile|China Telecom|3871|2023-06-01|41.93|287.71
china|zhenjiang|mobile|China Unicom|2460|2023-06-01|35.4|288.38
china|ganzhou|mobile|China Mobile|2458|2023-06-01|38.37|308.95
china|ganzhou|mobile|China Telecom|3871|2023-06-01|26.91|169.58
china|ganzhou|mobile|China Unicom|2460|2023-06-01|25.24|150.75
china|ji'an|mobile|China Mobile|2458|2023-06-01|52.09|312.6
china|ji'an|mobile|China Telecom|3871|2023-06-01|35.77|239.94
china|ji'an|mobile|China Unicom|2460|2023-06-01|25.18|100.34
china|jiujiang|mobile|China Mobile|2458|2023-06-01|35.36|216.05
china|jiujiang|mobile|China Telecom|3871|2023-06-01|43.63|167.0
china|nanchang|mobile|China Mobile|2458|2023-06-01|47.39|309.16
china|nanchang|mobile|China Telecom|3871|2023-06-01|33.56|276.07
china|nanchang|mobile|China Unicom|2460|2023-06-01|28.14|224.96
china|shangrao|mobile|China Mobile|2458|2023-06-01|61.24|471.07
china|shangrao|mobile|China Telecom|3871|2023-06-01|47.18|248.27
china|shangrao|mobile|China Unicom|2460|2023-06-01|21.97|116.2
china|yichun|mobile|China Mobile|2458|2023-06-01|41.04|263.89
china|yichun|mobile|China Telecom|3871|2023-06-01|37.62|220.41
china|changchun|mobile|China Mobile|2458|2023-06-01|37.62|296.53
china|changchun|mobile|China Telecom|3871|2023-06-01|35.36|296.19
china|changchun|mobile|China Unicom|2460|2023-06-01|25.64|235.22
china|dalian|mobile|China Mobile|2458|2023-06-01|39.06|396.58
china|dalian|mobile|China Telecom|3871|2023-06-01|48.05|288.75
china|dalian|mobile|China Unicom|2460|2023-06-01|30.52|297.76
china|shenyang|mobile|China Mobile|2458|2023-06-01|40.7|346.7
china|shenyang|mobile|China Telecom|3871|2023-06-01|31.84|292.22
china|shenyang|mobile|China Unicom|2460|2023-06-01|36.94|295.94
china|yinchuan|mobile|China Mobile|2458|2023-06-01|51.64|362.54
china|yinchuan|mobile|China Telecom|3871|2023-06-01|40.08|298.74
china|yinchuan|mobile|China Unicom|2460|2023-06-01|45.93|307.82
china|xining|mobile|China Mobile|2458|2023-06-01|66.51|318.89
china|xining|mobile|China Telecom|3871|2023-06-01|46.19|288.91
china|xining|mobile|China Unicom|2460|2023-06-01|47.92|223.22
china|baoji|mobile|China Mobile|2458|2023-06-01|23.6|289.27
china|baoji|mobile|China Telecom|3871|2023-06-01|56.16|303.31
china|weinan|mobile|China Mobile|2458|2023-06-01|17.12|265.05
china|weinan|mobile|China Telecom|3871|2023-06-01|34.99|199.28
china|weinan|mobile|China Unicom|2460|2023-06-01|45.2|180.8
china|xi'an|mobile|China Mobile|2458|2023-06-01|33.04|273.17
china|xi'an|mobile|China Telecom|3871|2023-06-01|31.27|225.89
china|xi'an|mobile|China Unicom|2460|2023-06-01|31.39|218.56
china|xianyang|mobile|China Mobile|2458|2023-06-01|22.71|261.65
china|xianyang|mobile|China Telecom|3871|2023-06-01|23.26|134.82
china|xianyang|mobile|China Unicom|2460|2023-06-01|37.91|215.62
china|binzhou|mobile|China Mobile|2458|2023-06-01|46.13|359.72
china|binzhou|mobile|China Telecom|3871|2023-06-01|52.63|281.33
china|binzhou|mobile|China Unicom|2460|2023-06-01|53.24|296.36
china|dezhou|mobile|China Mobile|2458|2023-06-01|33.1|337.95
china|dezhou|mobile|China Telecom|3871|2023-06-01|34.01|368.61
china|dezhou|mobile|China Unicom|2460|2023-06-01|55.6|293.11
china|dongying|mobile|China Mobile|2458|2023-06-01|30.03|367.02
china|dongying|mobile|China Telecom|3871|2023-06-01|25.82|216.87
china|dongying|mobile|China Unicom|2460|2023-06-01|33.58|258.1
china|heze|mobile|China Mobile|2458|2023-06-01|36.6|319.83
china|heze|mobile|China Telecom|3871|2023-06-01|28.37|265.04
china|heze|mobile|China Unicom|2460|2023-06-01|49.95|182.1
china|jinan|mobile|China Mobile|2458|2023-06-01|34.66|316.23
china|jinan|mobile|China Telecom|3871|2023-06-01|33.99|318.38
china|jinan|mobile|China Unicom|2460|2023-06-01|38.21|294.34
china|jining|mobile|China Mobile|2458|2023-06-01|52.38|316.18
china|jining|mobile|China Telecom|3871|2023-06-01|23.89|340.12
china|jining|mobile|China Unicom|2460|2023-06-01|41.81|283.32
china|liaocheng|mobile|China Mobile|2458|2023-06-01|34.13|296.63
china|liaocheng|mobile|China Telecom|3871|2023-06-01|33.86|265.55
china|liaocheng|mobile|China Unicom|2460|2023-06-01|41.95|267.42
china|linyi|mobile|China Mobile|2458|2023-06-01|32.27|296.6
china|linyi|mobile|China Telecom|3871|2023-06-01|45.7|263.28
china|linyi|mobile|China Unicom|2460|2023-06-01|32.33|263.93
china|qingdao|mobile|China Mobile|2458|2023-06-01|32.99|290.6
china|qingdao|mobile|China Telecom|3871|2023-06-01|46.16|335.74
china|qingdao|mobile|China Unicom|2460|2023-06-01|43.52|294.53
china|rizhao|mobile|China Mobile|2458|2023-06-01|24.81|253.51
china|rizhao|mobile|China Telecom|3871|2023-06-01|38.27|303.02
china|rizhao|mobile|China Unicom|2460|2023-06-01|26.59|249.34
china|tai'an|mobile|China Mobile|2458|2023-06-01|41.4|347.85
china|tai'an|mobile|China Telecom|3871|2023-06-01|27.35|235.66
china|tai'an|mobile|China Unicom|2460|2023-06-01|59.51|304.4
china|weifang|mobile|China Mobile|2458|2023-06-01|39.58|316.56
china|weifang|mobile|China Telecom|3871|2023-06-01|46.64|322.78
china|weifang|mobile|China Unicom|2460|2023-06-01|46.96|301.21
china|weihai|mobile|China Mobile|2458|2023-06-01|47.6|316.13
china|weihai|mobile|China Telecom|3871|2023-06-01|27.87|327.8
china|weihai|mobile|China Unicom|2460|2023-06-01|34.35|295.31
china|yantai|mobile|China Mobile|2458|2023-06-01|32.09|289.27
china|yantai|mobile|China Telecom|3871|2023-06-01|33.37|345.16
china|yantai|mobile|China Unicom|2460|2023-06-01|28.89|270.35
china|zaozhuang|mobile|China Mobile|2458|2023-06-01|32.61|273.73
china|zaozhuang|mobile|China Telecom|3871|2023-06-01|22.12|312.91
china|zaozhuang|mobile|China Unicom|2460|2023-06-01|38.26|261.9
china|zibo|mobile|China Mobile|2458|2023-06-01|33.98|269.04
china|zibo|mobile|China Telecom|3871|2023-06-01|57.37|291.33
china|zibo|mobile|China Unicom|2460|2023-06-01|48.14|297.37
china|shanghai|mobile|China Mobile|2458|2023-06-01|44.94|410.83
china|shanghai|mobile|China Telecom|3871|2023-06-01|45.47|354.88
china|shanghai|mobile|China Unicom|2460|2023-06-01|45.85|303.06
china|jinzhong|mobile|China Mobile|2458|2023-06-01|44.9|271.41
china|jinzhong|mobile|China Telecom|3871|2023-06-01|30.58|329.91
china|taiyuan|mobile|China Mobile|2458|2023-06-01|45.54|351.94
china|taiyuan|mobile|China Telecom|3871|2023-06-01|47.42|353.75
china|taiyuan|mobile|China Unicom|2460|2023-06-01|31.12|327.33
china|yuncheng|mobile|China Mobile|2458|2023-06-01|24.88|168.26
china|yuncheng|mobile|China Telecom|3871|2023-06-01|28.16|311.21
china|yuncheng|mobile|China Unicom|2460|2023-06-01|33.66|348.33
china|chengdu|mobile|China Mobile|2458|2023-06-01|32.36|283.1
china|chengdu|mobile|China Telecom|3871|2023-06-01|35.91|264.43
china|chengdu|mobile|China Unicom|2460|2023-06-01|29.88|258.77
china|dazhou|mobile|China Mobile|2458|2023-06-01|34.32|280.18
china|dazhou|mobile|China Telecom|3871|2023-06-01|18.07|172.65
china|dazhou|mobile|China Unicom|2460|2023-06-01|28.73|181.38
china|deyang|mobile|China Mobile|2458|2023-06-01|41.71|270.84
china|deyang|mobile|China Telecom|3871|2023-06-01|29.55|285.31
china|deyang|mobile|China Unicom|2460|2023-06-01|28.67|159.71
china|guang'an|mobile|China Mobile|2458|2023-06-01|43.67|260.09
china|guang'an|mobile|China Telecom|3871|2023-06-01|25.68|231.05
china|guang'an|mobile|China Unicom|2460|2023-06-01|45.42|291.56
china|leshan|mobile|China Mobile|2458|2023-06-01|41.73|393.41
china|leshan|mobile|China Telecom|3871|2023-06-01|23.42|166.78
china|leshan|mobile|China Unicom|2460|2023-06-01|49.7|261.08
china|luzhou|mobile|China Mobile|2458|2023-06-01|41.53|336.89
china|luzhou|mobile|China Telecom|3871|2023-06-01|24.71|142.05
china|meishan|mobile|China Mobile|2458|2023-06-01|28.93|279.78
china|meishan|mobile|China Telecom|3871|2023-06-01|38.81|271.88
china|meishan|mobile|China Unicom|2460|2023-06-01|27.88|166.33
china|mianyang|mobile|China Mobile|2458|2023-06-01|30.15|285.39
china|mianyang|mobile|China Telecom|3871|2023-06-01|27.02|287.28
china|mianyang|mobile|China Unicom|2460|2023-06-01|37.04|310.12
china|nanchong|mobile|China Mobile|2458|2023-06-01|26.82|234.71
china|nanchong|mobile|China Telecom|3871|2023-06-01|21.99|169.35
china|nanchong|mobile|China Unicom|2460|2023-06-01|28.21|173.37
china|neijiang|mobile|China Mobile|2458|2023-06-01|35.81|269.18
china|neijiang|mobile|China Telecom|3871|2023-06-01|34.3|190.02
china|yibin|mobile|China Mobile|2458|2023-06-01|31.55|329.94
china|yibin|mobile|China Telecom|3871|2023-06-01|11.49|241.17
china|yibin|mobile|China Unicom|2460|2023-06-01|46.15|267.15
china|zigong|mobile|China Mobile|2458|2023-06-01|34.21|302.07
china|zigong|mobile|China Telecom|3871|2023-06-01|30.33|229.88
china|tianjin|mobile|China Mobile|2458|2023-06-01|49.58|367.95
china|tianjin|mobile|China Telecom|3871|2023-06-01|55.7|335.15
china|tianjin|mobile|China Unicom|2460|2023-06-01|51.71|339.22
china|urumqi|mobile|China Mobile|2458|2023-06-01|29.75|174.28
china|urumqi|mobile|China Telecom|3871|2023-06-01|28.77|216.13
china|urumqi|mobile|China Unicom|2460|2023-06-01|19.96|188.17
china|kunming|mobile|China Mobile|2458|2023-06-01|49.9|341.68
china|kunming|mobile|China Telecom|3871|2023-06-01|31.07|160.04
china|kunming|mobile|China Unicom|2460|2023-06-01|45.76|256.54
china|hangzhou|mobile|China Mobile|2458|2023-06-01|44.72|343.65
china|hangzhou|mobile|China Telecom|3871|2023-06-01|47.72|311.16
china|hangzhou|mobile|China Unicom|2460|2023-06-01|44.32|298.28
china|huzhou|mobile|China Mobile|2458|2023-06-01|42.12|353.81
china|huzhou|mobile|China Telecom|3871|2023-06-01|24.32|266.69
china|huzhou|mobile|China Unicom|2460|2023-06-01|25.33|312.61
china|jiaxing|mobile|China Mobile|2458|2023-06-01|63.31|386.92
china|jiaxing|mobile|China Telecom|3871|2023-06-01|43.95|321.9
china|jiaxing|mobile|China Unicom|2460|2023-06-01|34.83|296.99
china|jinhua|mobile|China Mobile|2458|2023-06-01|49.28|336.48
china|jinhua|mobile|China Telecom|3871|2023-06-01|40.47|284.99
china|jinhua|mobile|China Unicom|2460|2023-06-01|50.34|305.48
china|lishui|mobile|China Mobile|2458|2023-06-01|71.93|408.3
china|lishui|mobile|China Telecom|3871|2023-06-01|41.07|182.58
china|lishui|mobile|China Unicom|2460|2023-06-01|33.03|202.87
china|ningbo|mobile|China Mobile|2458|2023-06-01|49.59|302.08
china|ningbo|mobile|China Telecom|3871|2023-06-01|38.61|308.92
china|ningbo|mobile|China Unicom|2460|2023-06-01|43.55|299.73
china|shaoxing|mobile|China Mobile|2458|2023-06-01|64.82|406.1
china|shaoxing|mobile|China Telecom|3871|2023-06-01|41.94|266.76
china|shaoxing|mobile|China Unicom|2460|2023-06-01|36.64|290.61
china|taizhou|mobile|China Mobile|2458|2023-06-01|80.51|399.46
china|taizhou|mobile|China Telecom|3871|2023-06-01|50.53|318.96
china|taizhou|mobile|China Unicom|2460|2023-06-01|41.67|307.3
china|wenzhou|mobile|China Mobile|2458|2023-06-01|47.48|326.69
china|wenzhou|mobile|China Telecom|3871|2023-06-01|37.68|305.43
china|wenzhou|mobile|China Unicom|2460|2023-06-01|34.58|283.77
colombia|antioquia|mobile|Claro|2465|2023-06-01|5.0|28.61
colombia|antioquia|mobile|Movistar|2469|2023-06-01|3.27|19.26
colombia|antioquia|mobile|Tigo|2464|2023-06-01|5.19|27.8
colombia|antioquia|mobile|WOM|4393|2023-06-01|5.76|26.7
colombia|atlantico|mobile|Claro|2465|2023-06-01|6.46|35.67
colombia|atlantico|mobile|Movistar|2469|2023-06-01|3.89|22.78
colombia|atlantico|mobile|Tigo|2464|2023-06-01|5.13|27.88
colombia|atlantico|mobile|WOM|4393|2023-06-01|5.3|29.23
colombia|bogota|mobile|Claro|2465|2023-06-01|5.12|28.9
colombia|bogota|mobile|ETB|4124|2023-06-01|6.63|29.36
colombia|bogota|mobile|Movistar|2469|2023-06-01|4.0|18.35
colombia|bogota|mobile|Tigo|2464|2023-06-01|6.97|35.28
colombia|bogota|mobile|WOM|4393|2023-06-01|6.23|26.81
colombia|bolivar|mobile|Claro|2465|2023-06-01|5.28|38.31
colombia|bolivar|mobile|Movistar|2469|2023-06-01|3.55|18.48
colombia|bolivar|mobile|Tigo|2464|2023-06-01|3.86|23.07
colombia|bolivar|mobile|WOM|4393|2023-06-01|7.43|27.68
colombia|boyaca|mobile|Claro|2465|2023-06-01|3.53|25.23
colombia|boyaca|mobile|Movistar|2469|2023-06-01|1.44|12.06
colombia|boyaca|mobile|Tigo|2464|2023-06-01|5.95|25.93
colombia|boyaca|mobile|WOM|4393|2023-06-01|2.8|25.48
colombia|caldas|mobile|Claro|2465|2023-06-01|6.27|28.34
colombia|caldas|mobile|Movistar|2469|2023-06-01|5.77|22.42
colombia|caldas|mobile|Tigo|2464|2023-06-01|2.55|22.55
colombia|caldas|mobile|WOM|4393|2023-06-01|4.42|32.99
colombia|casanare|mobile|Claro|2465|2023-06-01|3.48|23.98
colombia|casanare|mobile|Movistar|2469|2023-06-01|3.44|9.94
colombia|casanare|mobile|Tigo|2464|2023-06-01|10.57|25.91
colombia|casanare|mobile|WOM|4393|2023-06-01|3.84|18.75
colombia|cauca-department|mobile|Claro|2465|2023-06-01|3.27|20.97
colombia|cauca-department|mobile|Movistar|2469|2023-06-01|1.53|13.39
colombia|cauca-department|mobile|Tigo|2464|2023-06-01|6.39|27.12
colombia|cauca-department|mobile|WOM|4393|2023-06-01|7.02|31.12
colombia|cesar|mobile|Claro|2465|2023-06-01|4.92|27.64
colombia|cesar|mobile|Movistar|2469|2023-06-01|1.9|13.26
colombia|cesar|mobile|Tigo|2464|2023-06-01|10.99|37.51
colombia|cesar|mobile|WOM|4393|2023-06-01|7.62|26.12
colombia|cordoba|mobile|Claro|2465|2023-06-01|5.73|34.89
colombia|cordoba|mobile|Movistar|2469|2023-06-01|3.59|19.91
colombia|cordoba|mobile|Tigo|2464|2023-06-01|3.86|21.95
colombia|cordoba|mobile|WOM|4393|2023-06-01|3.31|18.01
colombia|cundinamarca|mobile|Claro|2465|2023-06-01|3.54|24.18
colombia|cundinamarca|mobile|Movistar|2469|2023-06-01|2.27|15.32
colombia|cundinamarca|mobile|Tigo|2464|2023-06-01|3.75|20.94
colombia|cundinamarca|mobile|WOM|4393|2023-06-01|3.58|24.8
colombia|huila|mobile|Claro|2465|2023-06-01|2.93|21.91
colombia|huila|mobile|Movistar|2469|2023-06-01|1.33|16.09
colombia|huila|mobile|Tigo|2464|2023-06-01|9.03|26.25
colombia|huila|mobile|WOM|4393|2023-06-01|7.68|31.8
colombia|la-guajira|mobile|Claro|2465|2023-06-01|3.66|21.25
colombia|la-guajira|mobile|Movistar|2469|2023-06-01|2.26|8.63
colombia|la-guajira|mobile|Tigo|2464|2023-06-01|3.88|29.1
colombia|magdalena|mobile|Claro|2465|2023-06-01|5.31|35.42
colombia|magdalena|mobile|Movistar|2469|2023-06-01|3.57|19.05
colombia|magdalena|mobile|Tigo|2464|2023-06-01|4.82|29.63
colombia|magdalena|mobile|WOM|4393|2023-06-01|6.91|25.28
colombia|meta|mobile|Claro|2465|2023-06-01|3.86|24.99
colombia|meta|mobile|Movistar|2469|2023-06-01|1.86|15.13
colombia|meta|mobile|Tigo|2464|2023-06-01|6.88|27.74
colombia|meta|mobile|WOM|4393|2023-06-01|3.76|26.18
colombia|narino|mobile|Claro|2465|2023-06-01|5.28|31.7
colombia|narino|mobile|Movistar|2469|2023-06-01|2.26|18.15
colombia|narino|mobile|Tigo|2464|2023-06-01|5.29|26.57
colombia|narino|mobile|WOM|4393|2023-06-01|4.57|16.82
colombia|north-santander|mobile|Claro|2465|2023-06-01|3.51|20.28
colombia|north-santander|mobile|Movistar|2469|2023-06-01|3.61|21.79
colombia|north-santander|mobile|Tigo|2464|2023-06-01|8.61|24.16
colombia|north-santander|mobile|WOM|4393|2023-06-01|5.11|21.75
colombia|quindio|mobile|Claro|2465|2023-06-01|6.33|34.18
colombia|quindio|mobile|Movistar|2469|2023-06-01|5.8|21.37
colombia|quindio|mobile|Tigo|2464|2023-06-01|4.83|22.51
colombia|quindio|mobile|WOM|4393|2023-06-01|5.82|28.87
colombia|risaralda|mobile|Claro|2465|2023-06-01|5.72|25.44
colombia|risaralda|mobile|Movistar|2469|2023-06-01|2.47|17.96
colombia|risaralda|mobile|Tigo|2464|2023-06-01|5.12|18.31
colombia|risaralda|mobile|WOM|4393|2023-06-01|6.9|21.8
colombia|santander-department|mobile|Claro|2465|2023-06-01|6.04|27.76
colombia|santander-department|mobile|Movistar|2469|2023-06-01|3.61|22.57
colombia|santander-department|mobile|Tigo|2464|2023-06-01|5.09|22.81
colombia|santander-department|mobile|WOM|4393|2023-06-01|5.68|26.49
colombia|sucre|mobile|Claro|2465|2023-06-01|4.3|23.24
colombia|sucre|mobile|Movistar|2469|2023-06-01|3.87|17.12
colombia|sucre|mobile|Tigo|2464|2023-06-01|4.58|24.25
colombia|sucre|mobile|WOM|4393|2023-06-01|5.46|36.53
colombia|tolima|mobile|Claro|2465|2023-06-01|4.41|31.14
colombia|tolima|mobile|Movistar|2469|2023-06-01|2.97|23.34
colombia|tolima|mobile|Tigo|2464|2023-06-01|3.38|21.1
colombia|tolima|mobile|WOM|4393|2023-06-01|5.5|22.76
colombia|valle-del-cauca|mobile|Claro|2465|2023-06-01|5.46|28.09
colombia|valle-del-cauca|mobile|Movistar|2469|2023-06-01|3.49|21.26
colombia|valle-del-cauca|mobile|Tigo|2464|2023-06-01|8.06|36.22
colombia|valle-del-cauca|mobile|WOM|4393|2023-06-01|5.55|23.16
colombia|bello|mobile|Claro|2465|2023-06-01|4.56|20.91
colombia|bello|mobile|Movistar|2469|2023-06-01|2.72|18.64
colombia|bello|mobile|Tigo|2464|2023-06-01|3.41|20.53
colombia|bello|mobile|WOM|4393|2023-06-01|4.06|14.79
colombia|envigado|mobile|Claro|2465|2023-06-01|9.93|33.49
colombia|envigado|mobile|Movistar|2469|2023-06-01|5.57|25.44
colombia|envigado|mobile|Tigo|2464|2023-06-01|6.28|36.53
colombia|itagui|mobile|Claro|2465|2023-06-01|7.89|36.35
colombia|itagui|mobile|Movistar|2469|2023-06-01|5.57|14.87
colombia|itagui|mobile|Tigo|2464|2023-06-01|3.86|20.71
colombia|medellin|mobile|Claro|2465|2023-06-01|5.29|31.79
colombia|medellin|mobile|Movistar|2469|2023-06-01|3.77|21.43
colombia|medellin|mobile|Tigo|2464|2023-06-01|5.41|27.3
colombia|medellin|mobile|WOM|4393|2023-06-01|5.76|28.45
colombia|barranquilla|mobile|Claro|2465|2023-06-01|6.83|35.86
colombia|barranquilla|mobile|Movistar|2469|2023-06-01|4.04|24.56
colombia|barranquilla|mobile|Tigo|2464|2023-06-01|5.23|29.01
colombia|barranquilla|mobile|WOM|4393|2023-06-01|5.53|34.16
colombia|soledad|mobile|Claro|2465|2023-06-01|4.52|37.48
colombia|soledad|mobile|Movistar|2469|2023-06-01|3.02|16.41
colombia|soledad|mobile|Tigo|2464|2023-06-01|3.77|24.56
colombia|soledad|mobile|WOM|4393|2023-06-01|2.65|20.59
colombia|bogota|mobile|Claro|2465|2023-06-01|5.12|28.9
colombia|bogota|mobile|ETB|4124|2023-06-01|6.62|29.2
colombia|bogota|mobile|Movistar|2469|2023-06-01|4.0|18.35
colombia|bogota|mobile|Tigo|2464|2023-06-01|6.97|35.28
colombia|bogota|mobile|WOM|4393|2023-06-01|6.2|26.81
colombia|cartagena|mobile|Claro|2465|2023-06-01|8.43|39.45
colombia|cartagena|mobile|Movistar|2469|2023-06-01|5.18|18.18
colombia|cartagena|mobile|Tigo|2464|2023-06-01|5.0|27.2
colombia|cartagena|mobile|WOM|4393|2023-06-01|10.34|31.26
colombia|tunja|mobile|Claro|2465|2023-06-01|5.81|28.26
colombia|tunja|mobile|Movistar|2469|2023-06-01|3.81|18.67
colombia|manizales|mobile|Claro|2465|2023-06-01|7.64|30.47
colombia|manizales|mobile|Movistar|2469|2023-06-01|9.41|25.77
colombia|manizales|mobile|Tigo|2464|2023-06-01|3.68|25.06
colombia|manizales|mobile|WOM|4393|2023-06-01|10.87|40.3
colombia|popayan|mobile|Claro|2465|2023-06-01|3.22|20.15
colombia|popayan|mobile|Movistar|2469|2023-06-01|1.86|13.84
colombia|popayan|mobile|Tigo|2464|2023-06-01|11.2|30.97
colombia|valledupar|mobile|Claro|2465|2023-06-01|5.51|31.32
colombia|valledupar|mobile|Movistar|2469|2023-06-01|5.48|24.27
colombia|valledupar|mobile|Tigo|2464|2023-06-01|11.7|38.54
colombia|valledupar|mobile|WOM|4393|2023-06-01|10.67|36.28
colombia|monteria|mobile|Claro|2465|2023-06-01|8.59|39.74
colombia|monteria|mobile|Tigo|2464|2023-06-01|4.43|22.54
colombia|chia|mobile|Claro|2465|2023-06-01|2.48|25.22
colombia|chia|mobile|Movistar|2469|2023-06-01|4.61|16.72
colombia|soacha|mobile|Claro|2465|2023-06-01|3.51|19.54
colombia|soacha|mobile|Movistar|2469|2023-06-01|3.72|15.63
colombia|soacha|mobile|Tigo|2464|2023-06-01|1.05|11.53
colombia|soacha|mobile|WOM|4393|2023-06-01|2.63|21.45
colombia|neiva|mobile|Claro|2465|2023-06-01|8.14|46.91
colombia|neiva|mobile|Movistar|2469|2023-06-01|6.04|22.99
colombia|santa-marta|mobile|Claro|2465|2023-06-01|4.25|41.8
colombia|santa-marta|mobile|Movistar|2469|2023-06-01|3.69|17.57
colombia|santa-marta|mobile|Tigo|2464|2023-06-01|4.66|31.67
colombia|villavicencio|mobile|Claro|2465|2023-06-01|4.59|30.07
colombia|villavicencio|mobile|Movistar|2469|2023-06-01|3.69|26.06
colombia|villavicencio|mobile|Tigo|2464|2023-06-01|7.92|27.35
colombia|villavicencio|mobile|WOM|4393|2023-06-01|6.22|21.38
colombia|pasto|mobile|Claro|2465|2023-06-01|2.55|26.23
colombia|pasto|mobile|Movistar|2469|2023-06-01|4.33|19.78
colombia|pasto|mobile|Tigo|2464|2023-06-01|5.99|27.41
colombia|cucuta|mobile|Claro|2465|2023-06-01|3.11|18.94
colombia|cucuta|mobile|Movistar|2469|2023-06-01|5.99|23.82
colombia|cucuta|mobile|Tigo|2464|2023-06-01|9.92|27.76
colombia|cucuta|mobile|WOM|4393|2023-06-01|5.2|21.73
colombia|armenia|mobile|Claro|2465|2023-06-01|7.07|35.94
colombia|armenia|mobile|Movistar|2469|2023-06-01|6.69|22.51
colombia|armenia|mobile|Tigo|2464|2023-06-01|4.23|17.35
colombia|pereira|mobile|Claro|2465|2023-06-01|7.72|29.59
colombia|pereira|mobile|Movistar|2469|2023-06-01|7.14|20.56
colombia|pereira|mobile|Tigo|2464|2023-06-01|3.52|17.03
colombia|pereira|mobile|WOM|4393|2023-06-01|9.7|30.21
colombia|bucaramanga|mobile|Claro|2465|2023-06-01|9.89|36.2
colombia|bucaramanga|mobile|Movistar|2469|2023-06-01|3.87|22.79
colombia|bucaramanga|mobile|Tigo|2464|2023-06-01|9.9|30.03
colombia|bucaramanga|mobile|WOM|4393|2023-06-01|8.56|28.0
colombia|floridablanca|mobile|Claro|2465|2023-06-01|6.75|29.0
colombia|floridablanca|mobile|Movistar|2469|2023-06-01|6.71|28.64
colombia|floridablanca|mobile|Tigo|2464|2023-06-01|6.85|23.7
colombia|ibague|mobile|Claro|2465|2023-06-01|9.47|31.73
colombia|ibague|mobile|Movistar|2469|2023-06-01|5.2|26.57
colombia|ibague|mobile|Tigo|2464|2023-06-01|6.15|26.63
colombia|ibague|mobile|WOM|4393|2023-06-01|7.69|22.99
colombia|cali|mobile|Claro|2465|2023-06-01|5.72|28.95
colombia|cali|mobile|Movistar|2469|2023-06-01|3.75|22.54
colombia|cali|mobile|Tigo|2464|2023-06-01|11.22|40.32
colombia|cali|mobile|WOM|4393|2023-06-01|6.2|22.43
costa-rica|alajuela|mobile|Claro|3367|2023-06-01|5.41|105.77
costa-rica|alajuela|mobile|Liberty|3368|2023-06-01|9.43|46.87
costa-rica|alajuela|mobile|klbi|2472|2023-06-01|4.78|49.34
costa-rica|cartago|mobile|Claro|3367|2023-06-01|4.1|116.69
costa-rica|cartago|mobile|Liberty|3368|2023-06-01|9.83|42.83
costa-rica|cartago|mobile|klbi|2472|2023-06-01|6.12|66.83
costa-rica|guanacaste|mobile|Claro|3367|2023-06-01|19.82|120.88
costa-rica|guanacaste|mobile|Liberty|3368|2023-06-01|13.94|56.56
costa-rica|guanacaste|mobile|klbi|2472|2023-06-01|3.47|58.56
costa-rica|heredia-province|mobile|Claro|3367|2023-06-01|23.23|137.88
costa-rica|heredia-province|mobile|Liberty|3368|2023-06-01|9.06|51.37
costa-rica|heredia-province|mobile|klbi|2472|2023-06-01|5.39|59.98
costa-rica|limon|mobile|Claro|3367|2023-06-01|4.72|85.15
costa-rica|limon|mobile|Liberty|3368|2023-06-01|13.37|51.89
costa-rica|limon|mobile|klbi|2472|2023-06-01|4.62|47.12
costa-rica|puntarenas|mobile|Claro|3367|2023-06-01|5.95|125.66
costa-rica|puntarenas|mobile|Liberty|3368|2023-06-01|12.35|57.05
costa-rica|puntarenas|mobile|klbi|2472|2023-06-01|5.05|54.47
costa-rica|san-jose|mobile|Claro|3367|2023-06-01|8.65|110.48
costa-rica|san-jose|mobile|Liberty|3368|2023-06-01|10.08|47.5
costa-rica|san-jose|mobile|klbi|2472|2023-06-01|6.85|56.09
costa-rica|alajuela|mobile|Claro|3367|2023-06-01|19.03|89.83
costa-rica|alajuela|mobile|Liberty|3368|2023-06-01|11.33|45.46
costa-rica|alajuela|mobile|klbi|2472|2023-06-01|8.33|70.11
costa-rica|cartago|mobile|Claro|3367|2023-06-01|10.94|105.23
costa-rica|cartago|mobile|Liberty|3368|2023-06-01|8.09|38.39
costa-rica|cartago|mobile|klbi|2472|2023-06-01|6.63|66.81
costa-rica|curridabat|mobile|Claro|3367|2023-06-01|19.34|111.06
costa-rica|curridabat|mobile|Liberty|3368|2023-06-01|16.21|62.25
costa-rica|curridabat|mobile|klbi|2472|2023-06-01|6.55|63.51
costa-rica|desamparados|mobile|Claro|3367|2023-06-01|27.25|125.47
costa-rica|desamparados|mobile|klbi|2472|2023-06-01|9.21|70.8
costa-rica|san-jose|mobile|Claro|3367|2023-06-01|5.77|98.12
costa-rica|san-jose|mobile|Liberty|3368|2023-06-01|8.83|46.55
costa-rica|san-jose|mobile|klbi|2472|2023-06-01|6.65|56.46
costa-rica|san-pedro|mobile|Claro|3367|2023-06-01|4.84|120.65
costa-rica|san-pedro|mobile|klbi|2472|2023-06-01|6.31|45.24
costa-rica|san-rafael|mobile|Claro|3367|2023-06-01|12.58|101.97
costa-rica|san-rafael|mobile|Liberty|3368|2023-06-01|14.92|66.5
costa-rica|san-rafael|mobile|klbi|2472|2023-06-01|9.18|87.09
costa-rica|san-rafael|mobile|Claro|3367|2023-06-01|12.58|101.97
costa-rica|san-rafael|mobile|Liberty|3368|2023-06-01|14.92|66.5
costa-rica|san-rafael|mobile|klbi|2472|2023-06-01|9.18|87.09
croatia|bjelovar-bilogora-county|mobile|A1|2665|2023-06-01|25.12|127.12
croatia|bjelovar-bilogora-county|mobile|Hrvatski Telekom|2663|2023-06-01|26.34|223.93
croatia|bjelovar-bilogora-county|mobile|Telemach|2664|2023-06-01|32.57|156.17
croatia|brod-posavina-county|mobile|A1|2665|2023-06-01|25.9|152.27
croatia|brod-posavina-county|mobile|Hrvatski Telekom|2663|2023-06-01|36.79|327.27
croatia|brod-posavina-county|mobile|Telemach|2664|2023-06-01|40.42|135.94
croatia|city-of-zagreb|mobile|A1|2665|2023-06-01|27.01|150.28
croatia|city-of-zagreb|mobile|Hrvatski Telekom|2663|2023-06-01|41.05|320.61
croatia|city-of-zagreb|mobile|Telemach|2664|2023-06-01|49.27|235.1
croatia|dubrovnik-neretva-county|mobile|A1|2665|2023-06-01|22.57|138.74
croatia|dubrovnik-neretva-county|mobile|Hrvatski Telekom|2663|2023-06-01|38.77|251.53
croatia|dubrovnik-neretva-county|mobile|Telemach|2664|2023-06-01|48.18|168.72
croatia|istria-county|mobile|A1|2665|2023-06-01|19.56|116.65
croatia|istria-county|mobile|Hrvatski Telekom|2663|2023-06-01|22.22|175.26
croatia|istria-county|mobile|Telemach|2664|2023-06-01|42.95|159.54
croatia|karlovac-county|mobile|A1|2665|2023-06-01|25.78|101.58
croatia|karlovac-county|mobile|Hrvatski Telekom|2663|2023-06-01|18.9|209.62
croatia|karlovac-county|mobile|Telemach|2664|2023-06-01|23.71|142.63
croatia|koprivnica-krizevci-county|mobile|A1|2665|2023-06-01|20.43|80.11
croatia|koprivnica-krizevci-county|mobile|Hrvatski Telekom|2663|2023-06-01|39.09|216.71
croatia|koprivnica-krizevci-county|mobile|Telemach|2664|2023-06-01|44.97|144.83
croatia|krapina-zagorje-county|mobile|A1|2665|2023-06-01|17.25|118.0
croatia|krapina-zagorje-county|mobile|Hrvatski Telekom|2663|2023-06-01|19.24|113.15
croatia|krapina-zagorje-county|mobile|Telemach|2664|2023-06-01|28.78|126.19
croatia|medjimurje-county|mobile|A1|2665|2023-06-01|26.64|122.06
croatia|medjimurje-county|mobile|Hrvatski Telekom|2663|2023-06-01|37.34|256.18
croatia|medjimurje-county|mobile|Telemach|2664|2023-06-01|51.74|188.7
croatia|osijek-baranja-county|mobile|A1|2665|2023-06-01|41.73|181.68
croatia|osijek-baranja-county|mobile|Hrvatski Telekom|2663|2023-06-01|49.67|308.77
croatia|osijek-baranja-county|mobile|Telemach|2664|2023-06-01|59.78|194.92
croatia|primorje-gorski-kotar-county|mobile|A1|2665|2023-06-01|28.63|137.83
croatia|primorje-gorski-kotar-county|mobile|Hrvatski Telekom|2663|2023-06-01|41.89|243.77
croatia|primorje-gorski-kotar-county|mobile|Telemach|2664|2023-06-01|47.55|218.39
croatia|sisak-moslavina-county|mobile|A1|2665|2023-06-01|20.09|89.79
croatia|sisak-moslavina-county|mobile|Hrvatski Telekom|2663|2023-06-01|33.51|146.38
croatia|sisak-moslavina-county|mobile|Telemach|2664|2023-06-01|29.52|159.08
croatia|split-dalmatia-county|mobile|A1|2665|2023-06-01|19.94|136.23
croatia|split-dalmatia-county|mobile|Hrvatski Telekom|2663|2023-06-01|26.64|248.12
croatia|split-dalmatia-county|mobile|Telemach|2664|2023-06-01|35.25|216.65
croatia|varazdin-county|mobile|A1|2665|2023-06-01|26.98|133.29
croatia|varazdin-county|mobile|Hrvatski Telekom|2663|2023-06-01|28.95|171.68
croatia|varazdin-county|mobile|Telemach|2664|2023-06-01|29.63|188.07
croatia|vukovar-srijem-county|mobile|A1|2665|2023-06-01|34.6|103.62
croatia|vukovar-srijem-county|mobile|Hrvatski Telekom|2663|2023-06-01|49.7|278.81
croatia|vukovar-srijem-county|mobile|Telemach|2664|2023-06-01|49.06|131.54
croatia|zadar-county|mobile|A1|2665|2023-06-01|14.98|119.85
croatia|zadar-county|mobile|Hrvatski Telekom|2663|2023-06-01|21.96|155.38
croatia|zadar-county|mobile|Telemach|2664|2023-06-01|41.03|188.06
croatia|zagreb-county|mobile|A1|2665|2023-06-01|23.66|129.32
croatia|zagreb-county|mobile|Hrvatski Telekom|2663|2023-06-01|26.22|179.98
croatia|zagreb-county|mobile|Telemach|2664|2023-06-01|33.64|156.75
croatia|sibenik-knin-county|mobile|A1|2665|2023-06-01|24.27|154.39
croatia|sibenik-knin-county|mobile|Hrvatski Telekom|2663|2023-06-01|26.18|211.61
croatia|sibenik-knin-county|mobile|Telemach|2664|2023-06-01|50.7|206.09
croatia|slavonski-brod|mobile|A1|2665|2023-06-01|36.9|194.61
croatia|slavonski-brod|mobile|Hrvatski Telekom|2663|2023-06-01|44.18|544.18
croatia|slavonski-brod|mobile|Telemach|2664|2023-06-01|40.41|150.83
croatia|sesvete|mobile|A1|2665|2023-06-01|28.62|135.11
croatia|sesvete|mobile|Hrvatski Telekom|2663|2023-06-01|46.29|534.09
croatia|zagreb|mobile|A1|2665|2023-06-01|31.67|166.29
croatia|zagreb|mobile|Hrvatski Telekom|2663|2023-06-01|42.18|340.1
croatia|zagreb|mobile|Telemach|2664|2023-06-01|48.87|238.22
croatia|pula|mobile|A1|2665|2023-06-01|24.95|131.72
croatia|pula|mobile|Hrvatski Telekom|2663|2023-06-01|35.41|371.44
croatia|pula|mobile|Telemach|2664|2023-06-01|49.78|207.98
croatia|osijek|mobile|A1|2665|2023-06-01|51.04|333.41
croatia|osijek|mobile|Hrvatski Telekom|2663|2023-06-01|121.69|621.45
croatia|osijek|mobile|Telemach|2664|2023-06-01|78.68|377.34
croatia|rijeka|mobile|A1|2665|2023-06-01|35.79|160.03
croatia|rijeka|mobile|Hrvatski Telekom|2663|2023-06-01|106.21|532.57
croatia|rijeka|mobile|Telemach|2664|2023-06-01|49.13|374.76
croatia|split|mobile|A1|2665|2023-06-01|34.82|162.68
croatia|split|mobile|Hrvatski Telekom|2663|2023-06-01|34.09|344.63
croatia|split|mobile|Telemach|2664|2023-06-01|59.92|449.14
croatia|varazdin|mobile|A1|2665|2023-06-01|32.49|172.56
croatia|varazdin|mobile|Hrvatski Telekom|2663|2023-06-01|64.5|584.53
croatia|varazdin|mobile|Telemach|2664|2023-06-01|30.9|298.37
croatia|zadar|mobile|A1|2665|2023-06-01|13.82|137.08
croatia|zadar|mobile|Hrvatski Telekom|2663|2023-06-01|40.22|475.14
croatia|zadar|mobile|Telemach|2664|2023-06-01|70.32|294.62
croatia|velika-gorica|mobile|A1|2665|2023-06-01|37.02|463.35
croatia|velika-gorica|mobile|Hrvatski Telekom|2663|2023-06-01|55.1|664.49
croatia|velika-gorica|mobile|Telemach|2664|2023-06-01|64.64|286.23
cyprus|larnaca|mobile|Cyta|2480|2023-06-01|51.54|252.52
cyprus|larnaca|mobile|Lemontel|2481|2023-06-01|15.67|50.69
cyprus|larnaca|mobile|PrimeTel|2482|2023-06-01|8.79|66.31
cyprus|larnaca|mobile|epic|2483|2023-06-01|50.91|208.69
cyprus|limassol|mobile|Cyta|2480|2023-06-01|59.81|471.46
cyprus|limassol|mobile|Lemontel|2481|2023-06-01|17.9|50.08
cyprus|limassol|mobile|PrimeTel|2482|2023-06-01|7.57|48.2
cyprus|limassol|mobile|epic|2483|2023-06-01|48.37|230.78
cyprus|nicosia|mobile|Cyta|2480|2023-06-01|47.95|501.25
cyprus|nicosia|mobile|Lemontel|2481|2023-06-01|15.89|51.05
cyprus|nicosia|mobile|PrimeTel|2482|2023-06-01|8.9|69.49
cyprus|nicosia|mobile|epic|2483|2023-06-01|60.96|288.9
cyprus|paphos|mobile|Cyta|2480|2023-06-01|39.55|415.43
cyprus|paphos|mobile|Lemontel|2481|2023-06-01|12.31|48.6
cyprus|paphos|mobile|PrimeTel|2482|2023-06-01|7.84|59.22
cyprus|paphos|mobile|epic|2483|2023-06-01|47.37|200.49
cyprus|larnaca|mobile|Cyta|2480|2023-06-01|83.89|593.78
cyprus|larnaca|mobile|Lemontel|2481|2023-06-01|24.87|57.68
cyprus|larnaca|mobile|PrimeTel|2482|2023-06-01|6.43|77.05
cyprus|larnaca|mobile|epic|2483|2023-06-01|82.43|391.59
cyprus|limassol|mobile|Cyta|2480|2023-06-01|59.93|541.39
cyprus|limassol|mobile|Lemontel|2481|2023-06-01|17.56|50.3
cyprus|limassol|mobile|PrimeTel|2482|2023-06-01|8.5|54.12
cyprus|limassol|mobile|epic|2483|2023-06-01|50.74|350.63
cyprus|nicosia|mobile|Cyta|2480|2023-06-01|45.27|520.43
cyprus|nicosia|mobile|Lemontel|2481|2023-06-01|18.77|57.12
cyprus|nicosia|mobile|PrimeTel|2482|2023-06-01|6.67|63.33
cyprus|nicosia|mobile|epic|2483|2023-06-01|55.56|311.52
cyprus|strovolos|mobile|Cyta|2480|2023-06-01|144.72|823.31
cyprus|strovolos|mobile|Lemontel|2481|2023-06-01|19.16|53.8
cyprus|strovolos|mobile|epic|2483|2023-06-01|88.67|430.87
cyprus|paphos|mobile|Cyta|2480|2023-06-01|47.18|668.1
cyprus|paphos|mobile|Lemontel|2481|2023-06-01|17.8|51.83
cyprus|paphos|mobile|PrimeTel|2482|2023-06-01|12.31|84.02
cyprus|paphos|mobile|epic|2483|2023-06-01|93.59|413.85
czechia|central-bohemian-region|mobile|O2|2487|2023-06-01|16.62|107.44
czechia|central-bohemian-region|mobile|T-Mobile|2486|2023-06-01|11.79|118.3
czechia|central-bohemian-region|mobile|Vodafone|3369|2023-06-01|9.81|86.91
czechia|hlavni-mesto-praha|mobile|O2|2487|2023-06-01|22.93|170.82
czechia|hlavni-mesto-praha|mobile|T-Mobile|2486|2023-06-01|25.69|161.34
czechia|hlavni-mesto-praha|mobile|Vodafone|3369|2023-06-01|10.07|92.86
czechia|hradec-kralove-region|mobile|O2|2487|2023-06-01|12.65|106.15
czechia|hradec-kralove-region|mobile|T-Mobile|2486|2023-06-01|12.86|122.14
czechia|hradec-kralove-region|mobile|Vodafone|3369|2023-06-01|10.09|89.46
czechia|karlovy-vary-region|mobile|O2|2487|2023-06-01|14.36|82.6
czechia|karlovy-vary-region|mobile|T-Mobile|2486|2023-06-01|12.3|126.99
czechia|karlovy-vary-region|mobile|Vodafone|3369|2023-06-01|10.91|136.65
czechia|liberec-region|mobile|O2|2487|2023-06-01|11.35|78.0
czechia|liberec-region|mobile|T-Mobile|2486|2023-06-01|10.67|124.47
czechia|liberec-region|mobile|Vodafone|3369|2023-06-01|10.07|114.94
czechia|moravian-silesian-region|mobile|O2|2487|2023-06-01|20.43|141.59
czechia|moravian-silesian-region|mobile|T-Mobile|2486|2023-06-01|28.44|121.68
czechia|moravian-silesian-region|mobile|Vodafone|3369|2023-06-01|10.11|104.47
czechia|olomouc-region|mobile|O2|2487|2023-06-01|20.75|139.62
czechia|olomouc-region|mobile|T-Mobile|2486|2023-06-01|33.7|150.17
czechia|olomouc-region|mobile|Vodafone|3369|2023-06-01|10.1|134.65
czechia|pardubice-region|mobile|O2|2487|2023-06-01|17.52|106.86
czechia|pardubice-region|mobile|T-Mobile|2486|2023-06-01|11.36|99.8
czechia|pardubice-region|mobile|Vodafone|3369|2023-06-01|9.82|87.27
czechia|plzen-region|mobile|O2|2487|2023-06-01|16.08|94.58
czechia|plzen-region|mobile|T-Mobile|2486|2023-06-01|17.37|133.6
czechia|plzen-region|mobile|Vodafone|3369|2023-06-01|9.82|80.45
czechia|south-bohemian-region|mobile|O2|2487|2023-06-01|11.0|81.68
czechia|south-bohemian-region|mobile|T-Mobile|2486|2023-06-01|12.4|139.93
czechia|south-bohemian-region|mobile|Vodafone|3369|2023-06-01|10.34|105.39
czechia|south-moravian-region|mobile|O2|2487|2023-06-01|20.36|127.8
czechia|south-moravian-region|mobile|T-Mobile|2486|2023-06-01|23.72|141.38
czechia|south-moravian-region|mobile|Vodafone|3369|2023-06-01|10.04|84.52
czechia|vysocina-region|mobile|O2|2487|2023-06-01|9.14|85.51
czechia|vysocina-region|mobile|T-Mobile|2486|2023-06-01|9.8|77.35
czechia|vysocina-region|mobile|Vodafone|3369|2023-06-01|9.98|80.61
czechia|zlin-region|mobile|O2|2487|2023-06-01|30.05|142.35
czechia|zlin-region|mobile|T-Mobile|2486|2023-06-01|30.83|141.04
czechia|zlin-region|mobile|Vodafone|3369|2023-06-01|10.23|119.67
czechia|usti-nad-labem-region|mobile|O2|2487|2023-06-01|16.26|103.11
czechia|usti-nad-labem-region|mobile|T-Mobile|2486|2023-06-01|13.96|104.51
czechia|usti-nad-labem-region|mobile|Vodafone|3369|2023-06-01|11.33|107.45
czechia|prague|mobile|O2|2487|2023-06-01|22.93|170.82
czechia|prague|mobile|T-Mobile|2486|2023-06-01|25.69|161.34
czechia|prague|mobile|Vodafone|3369|2023-06-01|10.07|92.86
czechia|ostrava|mobile|O2|2487|2023-06-01|32.72|197.24
czechia|ostrava|mobile|T-Mobile|2486|2023-06-01|45.79|159.86
czechia|ostrava|mobile|Vodafone|3369|2023-06-01|10.05|87.26
czechia|pilsen|mobile|O2|2487|2023-06-01|20.9|148.37
czechia|pilsen|mobile|T-Mobile|2486|2023-06-01|70.79|191.69
czechia|pilsen|mobile|Vodafone|3369|2023-06-01|9.58|85.34
czechia|brno|mobile|O2|2487|2023-06-01|28.5|130.04
czechia|brno|mobile|T-Mobile|2486|2023-06-01|40.7|181.75
czechia|brno|mobile|Vodafone|3369|2023-06-01|10.09|85.76
cote-d'ivoire|lagunes|mobile|MTN|2443|2023-06-01|7.72|43.25
cote-d'ivoire|lagunes|mobile|Moov Africa|2441|2023-06-01|4.2|31.55
cote-d'ivoire|lagunes|mobile|Orange|2444|2023-06-01|8.76|48.19
cote-d'ivoire|abidjan|mobile|MTN|2443|2023-06-01|7.48|42.34
cote-d'ivoire|abidjan|mobile|Moov Africa|2441|2023-06-01|4.41|32.94
cote-d'ivoire|abidjan|mobile|Orange|2444|2023-06-01|9.15|49.28
denmark|capital-region-of-denmark|mobile|3|2502|2023-06-01|47.93|466.62
denmark|capital-region-of-denmark|mobile|Telenor|2505|2023-06-01|49.18|452.79
denmark|capital-region-of-denmark|mobile|Telia|2508|2023-06-01|47.71|372.72
denmark|capital-region-of-denmark|mobile|YouSee|2506|2023-06-01|63.23|347.11
denmark|central-denmark-region|mobile|3|2502|2023-06-01|36.28|375.27
denmark|central-denmark-region|mobile|Telenor|2505|2023-06-01|30.26|319.72
denmark|central-denmark-region|mobile|Telia|2508|2023-06-01|21.59|210.97
denmark|central-denmark-region|mobile|YouSee|2506|2023-06-01|57.18|264.18
denmark|north-denmark-region|mobile|3|2502|2023-06-01|34.77|461.97
denmark|north-denmark-region|mobile|Telenor|2505|2023-06-01|25.93|323.21
denmark|north-denmark-region|mobile|Telia|2508|2023-06-01|29.02|180.72
denmark|north-denmark-region|mobile|YouSee|2506|2023-06-01|62.07|300.2
denmark|region-syddanmark|mobile|3|2502|2023-06-01|34.63|362.12
denmark|region-syddanmark|mobile|Telenor|2505|2023-06-01|25.56|232.46
denmark|region-syddanmark|mobile|Telia|2508|2023-06-01|29.76|246.31
denmark|region-syddanmark|mobile|YouSee|2506|2023-06-01|53.3|255.99
denmark|region-zealand|mobile|3|2502|2023-06-01|39.42|330.78
denmark|region-zealand|mobile|Telenor|2505|2023-06-01|26.59|244.06
denmark|region-zealand|mobile|Telia|2508|2023-06-01|27.98|180.85
denmark|region-zealand|mobile|YouSee|2506|2023-06-01|46.32|259.91
denmark|copenhagen|mobile|3|2502|2023-06-01|48.91|480.56
denmark|copenhagen|mobile|Telenor|2505|2023-06-01|55.77|465.86
denmark|copenhagen|mobile|Telia|2508|2023-06-01|67.16|487.9
denmark|copenhagen|mobile|YouSee|2506|2023-06-01|65.82|454.16
denmark|frederiksberg|mobile|3|2502|2023-06-01|46.92|494.6
denmark|frederiksberg|mobile|Telenor|2505|2023-06-01|54.42|477.14
denmark|frederiksberg|mobile|Telia|2508|2023-06-01|58.24|434.95
denmark|frederiksberg|mobile|YouSee|2506|2023-06-01|62.98|350.63
denmark|kastrup|mobile|3|2502|2023-06-01|35.32|483.19
denmark|kastrup|mobile|Telenor|2505|2023-06-01|67.84|352.58
denmark|kastrup|mobile|YouSee|2506|2023-06-01|43.37|470.81
denmark|aarhus|mobile|3|2502|2023-06-01|78.74|508.23
denmark|aarhus|mobile|Telenor|2505|2023-06-01|55.58|469.16
denmark|aarhus|mobile|Telia|2508|2023-06-01|83.26|468.49
denmark|aarhus|mobile|YouSee|2506|2023-06-01|66.11|483.22
denmark|randers|mobile|3|2502|2023-06-01|48.0|470.67
denmark|randers|mobile|Telenor|2505|2023-06-01|58.58|498.9
denmark|randers|mobile|YouSee|2506|2023-06-01|55.48|214.7
denmark|aalborg|mobile|3|2502|2023-06-01|126.08|746.52
denmark|aalborg|mobile|Telenor|2505|2023-06-01|87.35|509.46
denmark|aalborg|mobile|Telia|2508|2023-06-01|47.0|442.1
denmark|aalborg|mobile|YouSee|2506|2023-06-01|123.54|628.16
denmark|esbjerg|mobile|Telenor|2505|2023-06-01|39.5|458.84
denmark|esbjerg|mobile|YouSee|2506|2023-06-01|93.63|293.68
denmark|kolding|mobile|Telenor|2505|2023-06-01|30.8|437.13
denmark|kolding|mobile|YouSee|2506|2023-06-01|69.28|305.74
denmark|odense|mobile|3|2502|2023-06-01|45.6|483.29
denmark|odense|mobile|Telenor|2505|2023-06-01|37.94|433.35
denmark|odense|mobile|Telia|2508|2023-06-01|30.14|320.88
denmark|odense|mobile|YouSee|2506|2023-06-01|98.59|556.9
denmark|vejle|mobile|3|2502|2023-06-01|55.39|535.39
denmark|vejle|mobile|Telenor|2505|2023-06-01|55.12|352.09
denmark|vejle|mobile|YouSee|2506|2023-06-01|57.62|262.21
denmark|roskilde|mobile|3|2502|2023-06-01|58.71|524.03
denmark|roskilde|mobile|Telenor|2505|2023-06-01|50.8|476.47
denmark|roskilde|mobile|Telia|2508|2023-06-01|45.3|312.29
denmark|roskilde|mobile|YouSee|2506|2023-06-01|58.36|419.1
denmark|slagelse|mobile|3|2502|2023-06-01|77.14|349.38
denmark|slagelse|mobile|Telenor|2505|2023-06-01|56.98|339.54
denmark|slagelse|mobile|YouSee|2506|2023-06-01|41.09|260.65
dominican-republic|la-altagracia-province|mobile|Altice|2510|2023-06-01|3.4|24.17
dominican-republic|la-altagracia-province|mobile|Claro|2512|2023-06-01|7.79|80.07
dominican-republic|la-vega|mobile|Altice|2510|2023-06-01|8.66|56.78
dominican-republic|la-vega|mobile|Claro|2512|2023-06-01|11.79|87.06
dominican-republic|national-district|mobile|Altice|2510|2023-06-01|7.07|62.62
dominican-republic|national-district|mobile|Claro|2512|2023-06-01|18.83|194.22
dominican-republic|national-district|mobile|Viva|2509|2023-06-01|7.44|33.06
dominican-republic|puerto-plata|mobile|Altice|2510|2023-06-01|6.12|25.91
dominican-republic|puerto-plata|mobile|Claro|2512|2023-06-01|7.48|65.1
dominican-republic|santiago|mobile|Altice|2510|2023-06-01|6.48|43.51
dominican-republic|santiago|mobile|Claro|2512|2023-06-01|6.94|73.13
dominican-republic|santiago|mobile|Viva|2509|2023-06-01|8.01|31.95
dominican-republic|santo-domingo|mobile|Altice|2510|2023-06-01|3.51|36.31
dominican-republic|santo-domingo|mobile|Claro|2512|2023-06-01|4.98|59.02
dominican-republic|santo-domingo|mobile|Viva|2509|2023-06-01|3.38|21.12
dominican-republic|punta-cana|mobile|Altice|2510|2023-06-01|5.43|25.67
dominican-republic|punta-cana|mobile|Claro|2512|2023-06-01|9.52|106.95
dominican-republic|santo-domingo|mobile|Altice|2510|2023-06-01|7.05|63.37
dominican-republic|santo-domingo|mobile|Claro|2512|2023-06-01|19.12|195.4
dominican-republic|santo-domingo|mobile|Viva|2509|2023-06-01|7.44|33.06
dominican-republic|santiago-de-los-caballeros|mobile|Altice|2510|2023-06-01|5.68|43.88
dominican-republic|santiago-de-los-caballeros|mobile|Claro|2512|2023-06-01|7.08|76.17
dominican-republic|santiago-de-los-caballeros|mobile|Viva|2509|2023-06-01|8.01|33.11
dominican-republic|santo-domingo-este|mobile|Altice|2510|2023-06-01|3.62|38.37
dominican-republic|santo-domingo-este|mobile|Claro|2512|2023-06-01|6.12|63.41
dominican-republic|santo-domingo-este|mobile|Viva|2509|2023-06-01|4.49|21.7
