taiwan|kaohsiung-city|2023-11-01|65.94|12.86|20|166.21|87.14|5
taiwan|new-taipei-city|2023-11-01|73.63|14.93|17|195.86|98.85|4
taiwan|taichung-city|2023-11-01|69.87|13.55|20|135.69|78.31|4
taiwan|tainan-city|2023-11-01|69.03|12.48|22|192.23|94.01|6
taiwan|taipei-city|2023-11-01|28.03|7.71|24|0.0|0.0|0
taiwan|taoyuan-city|2023-11-01|74.36|13.77|18|165.01|60.62|4
taiwan|kaohsiung|2023-11-01|66.75|13.1|20|163.51|80.95|5
taiwan|new-taipei|2023-11-01|73.05|14.9|17|197.08|99.27|4
taiwan|taichung|2023-11-01|69.24|13.67|20|132.5|76.34|4
taiwan|tainan|2023-11-01|70.84|12.87|21|178.44|85.59|6
taiwan|taoyuan|2023-11-01|76.38|14.29|18|165.03|61.22|4
tajikistan|districts-of-republican-subordination|2023-11-01|10.22|5.89|21|31.54|33.07|3
tajikistan|sughd-province|2023-11-01|7.9|4.34|30|9.69|9.58|11
tajikistan|dushanbe|2023-11-01|10.65|6.15|21|30.52|30.93|3
tajikistan|khujand|2023-11-01|8.37|5.44|29|7.76|9.47|10
tanzania|arusha-region|2023-11-01|0.0|0.0|0|18.27|9.69|18
tanzania|pwani|2023-11-01|26.29|12.33|20|19.2|14.19|20
tanzania|arusha|2023-11-01|0.0|0.0|0|18.62|11.65|15
tanzania|dar-es-salaam|2023-11-01|26.95|12.69|20|19.23|14.36|20
thailand|amnat-charoen|2023-11-01|31.58|9.72|31|171.42|154.66|18
thailand|ang-thong|2023-11-01|39.69|11.98|24|194.25|163.07|4
thailand|bangkok|2023-11-01|43.3|14.79|22|231.99|198.01|6
thailand|bueng-kan|2023-11-01|32.57|8.9|31|174.09|141.48|9
thailand|buri-ram|2023-11-01|38.73|11.23|27|157.71|143.21|9
thailand|chachoengsao|2023-11-01|35.86|12.14|23|181.3|158.24|5
thailand|chai-nat|2023-11-01|25.14|10.84|30|167.29|161.28|13
thailand|chaiyaphum|2023-11-01|36.27|10.41|27|185.1|170.64|7
thailand|chanthaburi|2023-11-01|40.55|11.94|26|171.46|157.59|7
thailand|chiang-mai|2023-11-01|34.96|13.65|32|190.11|163.55|5
thailand|chiang-rai|2023-11-01|31.46|11.07|39|137.97|128.05|8
thailand|chon-buri|2023-11-01|43.36|15.08|23|201.1|176.18|5
thailand|chumphon|2023-11-01|30.48|10.12|29|171.14|142.75|7
thailand|kalasin|2023-11-01|31.06|10.64|29|184.47|175.47|6
thailand|kamphaeng-phet|2023-11-01|26.25|9.5|29|167.4|144.52|12
thailand|kanchanaburi|2023-11-01|35.42|11.15|25|195.09|166.42|5
thailand|khon-kaen|2023-11-01|45.55|12.22|27|221.94|190.39|5
thailand|krabi|2023-11-01|47.48|14.02|33|107.02|97.7|7
thailand|lampang|2023-11-01|29.14|11.5|35|190.61|160.94|7
thailand|lamphun|2023-11-01|28.78|10.86|34|172.13|156.45|20
thailand|loei|2023-11-01|41.56|12.31|29|162.47|147.96|9
thailand|lopburi|2023-11-01|40.18|13.52|24|229.3|204.44|5
thailand|mae-hong-son|2023-11-01|32.73|9.63|37|88.76|81.21|23
thailand|maha-sarakham|2023-11-01|36.67|11.41|28|179.44|154.93|6
thailand|mukdahan|2023-11-01|37.62|13.99|29|166.29|169.9|9
thailand|nakhon-nayok|2023-11-01|29.86|10.32|26|149.5|124.13|8
thailand|nakhon-pathom|2023-11-01|39.65|13.39|23|230.74|201.95|4
thailand|nakhon-phanom|2023-11-01|38.26|10.78|32|148.02|118.09|9
thailand|nakhon-ratchasima|2023-11-01|47.8|13.28|23|200.43|174.29|5
thailand|nakhon-sawan|2023-11-01|26.5|11.67|29|193.92|181.48|8
thailand|nakhon-si-thammarat|2023-11-01|26.84|9.5|33|172.23|147.01|7
thailand|nan|2023-11-01|26.42|11.11|38|152.42|131.53|18
thailand|narathiwat|2023-11-01|28.36|10.03|38|180.44|161.15|19
thailand|nong-bua-lam-phu|2023-11-01|36.53|10.31|28|156.97|150.88|8
thailand|nong-khai|2023-11-01|37.5|12.58|29|168.81|155.72|8
thailand|nonthaburi|2023-11-01|48.68|15.28|21|265.33|222.19|5
thailand|pathum-thani|2023-11-01|43.49|14.82|21|256.51|217.68|5
thailand|pattani|2023-11-01|26.8|9.69|33|116.84|99.04|15
thailand|phang-nga|2023-11-01|34.77|10.42|32|115.62|99.69|9
thailand|phatthalung|2023-11-01|25.24|8.87|38|171.55|156.81|7
thailand|phayao|2023-11-01|29.48|10.98|36|154.5|150.19|17
thailand|phetchabun|2023-11-01|27.7|9.98|31|160.34|151.09|9
thailand|phetchaburi|2023-11-01|39.1|12.7|24|173.33|145.85|5
thailand|phichit|2023-11-01|25.87|9.76|28|217.92|215.34|6
thailand|phitsanulok|2023-11-01|30.28|12.76|28|212.98|191.56|5
thailand|phra-nakhon-si-ayutthaya|2023-11-01|36.98|13.01|23|232.0|201.26|4
thailand|phrae|2023-11-01|26.15|11.27|35|200.46|162.53|10
thailand|phuket|2023-11-01|55.44|15.15|35|170.5|144.92|7
thailand|prachin-buri|2023-11-01|34.93|10.9|26|184.77|154.45|7
thailand|prachuap-khiri-khan|2023-11-01|42.98|13.01|25|188.31|156.38|7
thailand|ranong|2023-11-01|43.34|12.54|32|185.33|155.43|7
thailand|ratchaburi|2023-11-01|30.75|10.33|24|235.2|214.56|4
thailand|rayong|2023-11-01|43.99|13.1|23|214.07|193.23|5
thailand|roi-et|2023-11-01|34.31|10.74|29|165.03|137.12|6
thailand|sa-kaeo|2023-11-01|33.85|9.89|28|65.81|62.54|8
thailand|sakon-nakhon|2023-11-01|36.87|10.71|29|155.92|124.34|8
thailand|samut-prakan|2023-11-01|50.92|16.56|21|227.41|185.91|5
thailand|samut-sakhon|2023-11-01|32.27|12.01|23|238.27|208.72|5
thailand|samut-songkhram|2023-11-01|36.02|11.57|24|240.28|220.07|4
thailand|saraburi|2023-11-01|35.7|13.02|24|246.24|207.99|5
thailand|satun|2023-11-01|29.22|9.58|39|125.0|95.22|8
thailand|si-sa-ket|2023-11-01|30.21|10.02|29|200.6|174.97|13
thailand|sing-buri|2023-11-01|34.87|12.76|24|225.99|196.8|5
thailand|songkhla|2023-11-01|34.59|12.6|35|199.29|176.56|6
thailand|sukhothai|2023-11-01|29.68|9.59|30|171.07|153.79|11
thailand|suphan-buri|2023-11-01|35.14|11.52|24|191.28|163.26|6
thailand|surat-thani|2023-11-01|33.24|10.86|30|176.26|156.39|6
thailand|surin|2023-11-01|33.85|10.69|26|157.05|145.61|10
thailand|tak|2023-11-01|31.03|11.12|32|124.2|105.32|14
thailand|trang|2023-11-01|30.35|9.47|38|136.9|121.91|7
thailand|trat|2023-11-01|34.12|10.47|27|90.45|86.64|9
thailand|ubon-ratchathani|2023-11-01|36.56|11.56|30|204.36|176.44|13
thailand|udon-thani|2023-11-01|43.41|12.96|24|210.46|192.87|6
thailand|uthai-thani|2023-11-01|29.46|10.11|29|183.63|164.08|14
thailand|uttaradit|2023-11-01|25.35|10.51|30|181.41|170.01|12
thailand|yala|2023-11-01|29.53|10.75|35|173.62|160.26|22
thailand|yasothon|2023-11-01|39.83|11.24|30|139.33|120.2|16
thailand|bang-kaeo|2023-11-01|0.0|0.0|0|235.38|244.18|5
thailand|bangkok|2023-11-01|43.3|14.79|22|231.99|198.01|6
thailand|bang-samak|2023-11-01|30.69|11.7|23|0.0|0.0|0
thailand|na-muang|2023-11-01|48.61|16.53|22|216.33|159.95|5
thailand|wang-takhian|2023-11-01|0.0|0.0|0|173.01|153.91|6
thailand|chanthaburi|2023-11-01|48.73|17.68|27|124.04|100.09|8
thailand|fa-ham|2023-11-01|83.27|21.34|32|0.0|0.0|0
thailand|huai-kaeo|2023-11-01|0.0|0.0|0|214.93|182.6|6
thailand|mae-pong|2023-11-01|0.0|0.0|0|144.59|136.41|14
thailand|nong-phueng|2023-11-01|0.0|0.0|0|229.58|196.54|4
thailand|pa-daet|2023-11-01|36.65|15.87|33|211.96|189.88|4
thailand|pa-miang|2023-11-01|0.0|0.0|0|225.0|208.72|4
thailand|san-kamphaeng|2023-11-01|0.0|0.0|0|229.55|201.04|6
thailand|thep-sadet|2023-11-01|0.0|0.0|0|233.0|213.68|4
thailand|1771669|2023-11-01|32.34|11.51|33|229.46|201.98|4
thailand|ban-du|2023-11-01|0.0|0.0|0|180.06|168.84|9
thailand|mae-chedi-mai|2023-11-01|0.0|0.0|0|215.06|175.96|6
thailand|mae-sai|2023-11-01|0.0|0.0|0|45.51|39.41|3
thailand|mueang-chiang-rai|2023-11-01|34.52|12.51|38|162.43|136.77|9
thailand|ban-bueng|2023-11-01|37.19|13.94|23|238.35|218.45|4
thailand|ban-kao|2023-11-01|40.76|12.72|23|0.0|0.0|0
thailand|ban-suan|2023-11-01|54.15|18.21|21|229.08|187.33|4
thailand|bang-phra|2023-11-01|43.88|13.94|22|196.77|187.58|4
thailand|bang-pla-soi|2023-11-01|0.0|0.0|0|328.91|286.04|4
thailand|bo-thong|2023-11-01|0.0|0.0|0|105.85|118.63|6
thailand|bo-win|2023-11-01|46.44|14.95|22|195.85|179.67|5
thailand|don-huaro|2023-11-01|32.08|15.06|22|239.66|212.49|4
thailand|huai-kapi|2023-11-01|0.0|0.0|0|268.42|231.51|4
thailand|khao-khan-song|2023-11-01|0.0|0.0|0|205.38|191.5|5
thailand|khao-sok|2023-11-01|0.0|0.0|0|116.55|99.36|6
thailand|khlong-kiu|2023-11-01|0.0|0.0|0|152.55|127.53|5
thailand|khlong-tamru|2023-11-01|35.33|15.32|22|0.0|0.0|0
thailand|laem-chabang|2023-11-01|43.36|14.47|22|229.32|201.45|5
thailand|na-chom-thian|2023-11-01|48.93|15.18|22|104.34|104.83|5
thailand|na-pa|2023-11-01|45.78|17.3|21|240.28|214.79|4
thailand|na-phrathat|2023-11-01|0.0|0.0|0|299.22|222.16|3
thailand|nong-kakha|2023-11-01|0.0|0.0|0|273.55|196.87|4
thailand|nong-mai-daeng|2023-11-01|32.94|15.12|21|0.0|0.0|0
thailand|nong-yai|2023-11-01|0.0|0.0|0|136.29|135.93|5
thailand|pattaya|2023-11-01|43.5|15.18|23|117.66|98.81|5
thailand|phlu-ta-luang|2023-11-01|0.0|0.0|0|251.1|225.68|6
thailand|pong|2023-11-01|0.0|0.0|0|146.62|140.85|5
thailand|saen-suk|2023-11-01|70.19|21.82|21|195.19|156.72|4
thailand|samet|2023-11-01|55.19|17.77|21|244.07|208.4|4
thailand|sattahip|2023-11-01|43.8|14.57|23|256.48|227.2|5
thailand|si-racha|2023-11-01|61.23|22.29|22|141.94|158.27|5
thailand|kalasin|2023-11-01|0.0|0.0|0|150.66|134.01|7
thailand|nai-mueang|2023-11-01|0.0|0.0|0|179.07|135.54|7
thailand|pak-phraek|2023-11-01|38.85|14.41|23|187.39|159.83|4
thailand|kham-pom|2023-11-01|0.0|0.0|0|227.33|210.07|6
thailand|khon-kaen|2023-11-01|54.71|14.27|26|240.85|198.72|5
thailand|na-ngio|2023-11-01|0.0|0.0|0|117.24|112.06|3
thailand|non-som-bun|2023-11-01|0.0|0.0|0|124.99|93.58|4
thailand|ao-nang|2023-11-01|55.34|14.74|34|73.11|69.21|8
thailand|pak-nam|2023-11-01|0.0|0.0|0|99.73|90.41|7
thailand|chae-son|2023-11-01|0.0|0.0|0|205.44|179.19|6
thailand|phrabat|2023-11-01|32.26|14.46|34|0.0|0.0|0
thailand|ban-klang|2023-11-01|32.31|12.57|35|0.0|0.0|0
thailand|wiang-yong|2023-11-01|0.0|0.0|0|138.32|142.28|23
thailand|tha-le-chup-sorn|2023-11-01|0.0|0.0|0|318.35|246.48|5
thailand|talat|2023-11-01|62.16|15.09|28|176.8|134.95|6
thailand|bang-krathuk|2023-11-01|0.0|0.0|0|295.63|242.12|6
thailand|bang-toei|2023-11-01|92.28|22.46|21|0.0|0.0|0
thailand|krathum-lom|2023-11-01|0.0|0.0|0|278.9|230.09|5
thailand|nakhon-pathom|2023-11-01|49.51|17.18|22|279.75|233.55|3
thailand|rai-khing|2023-11-01|27.25|10.05|23|251.64|205.15|5
thailand|salaya|2023-11-01|42.6|14.55|22|156.21|153.75|6
thailand|sam-phran|2023-11-01|0.0|0.0|0|225.82|192.44|4
thailand|wat-lamut|2023-11-01|0.0|0.0|0|265.23|226.84|4
thailand|nai-mueang|2023-11-01|0.0|0.0|0|146.19|102.5|9
thailand|chang-thong|2023-11-01|0.0|0.0|0|265.8|223.79|3
thailand|cho-ho|2023-11-01|0.0|0.0|0|292.42|246.6|4
thailand|nakhon-ratchasima|2023-11-01|63.97|19.48|22|198.48|178.72|6
thailand|nong-ngu-lueam|2023-11-01|52.0|13.86|19|169.72|151.05|7
thailand|pak-chong|2023-11-01|54.03|13.29|24|199.45|171.02|5
thailand|tha-chang|2023-11-01|0.0|0.0|0|235.24|219.22|5
thailand|thong-lang|2023-11-01|0.0|0.0|0|291.18|230.6|4
thailand|nakhon-sawan|2023-11-01|29.55|13.44|28|223.36|194.59|6
thailand|nakhon-si-thammarat|2023-11-01|31.36|12.62|33|181.03|144.89|7
thailand|nai-wiang|2023-11-01|0.0|0.0|0|170.62|145.95|11
thailand|bang-bua-thong|2023-11-01|48.54|16.0|21|258.83|221.7|5
thailand|bang-khun-kong|2023-11-01|0.0|0.0|0|287.59|246.18|5
thailand|bang-krang|2023-11-01|50.64|15.05|21|287.66|239.14|6
thailand|bang-kruai|2023-11-01|63.99|19.04|21|265.77|218.59|6
thailand|bang-len|2023-11-01|0.0|0.0|0|318.16|239.19|6
thailand|bang-mae-nang|2023-11-01|58.09|12.84|21|292.35|235.24|6
thailand|bang-muang|2023-11-01|0.0|0.0|0|290.54|219.36|5
thailand|bang-phlap|2023-11-01|0.0|0.0|0|264.58|238.42|6
thailand|bang-rak-noi|2023-11-01|0.0|0.0|0|274.92|224.67|5
thailand|bang-rak-phatthana|2023-11-01|50.69|15.59|21|291.15|224.99|5
thailand|bang-rak-yai|2023-11-01|0.0|0.0|0|325.02|234.99|5
thailand|bang-si-thong|2023-11-01|0.0|0.0|0|338.43|248.92|6
thailand|bang-yai|2023-11-01|0.0|0.0|0|323.33|233.96|6
thailand|khlong-khoi|2023-11-01|0.0|0.0|0|311.53|234.74|6
thailand|maha-sawat|2023-11-01|43.2|11.02|23|284.2|222.21|6
thailand|nonthaburi|2023-11-01|55.59|18.42|20|277.04|228.45|5
thailand|pak-kret|2023-11-01|50.3|17.69|20|244.56|213.37|5
thailand|phimonrat|2023-11-01|58.67|16.38|22|241.41|212.04|6
thailand|sai-ma|2023-11-01|20.5|8.28|24|262.25|219.3|5
thailand|sai-noi|2023-11-01|0.0|0.0|0|245.25|208.51|6
thailand|sala-klang|2023-11-01|0.0|0.0|0|275.83|225.79|6
thailand|sano-loi|2023-11-01|0.0|0.0|0|287.19|224.78|5
thailand|sao-thong-hin|2023-11-01|104.12|24.13|19|241.87|202.03|5
thailand|tha-it|2023-11-01|0.0|0.0|0|337.23|272.12|5
thailand|wat-chalo|2023-11-01|0.0|0.0|0|297.33|242.14|6
thailand|ban-klang|2023-11-01|51.56|16.6|21|250.7|210.94|4
thailand|bang-dua|2023-11-01|0.0|0.0|0|273.15|223.08|5
thailand|bang-khu-wat|2023-11-01|44.66|16.07|21|286.78|228.8|6
thailand|bang-luang|2023-11-01|0.0|0.0|0|236.92|224.5|5
thailand|bang-phun|2023-11-01|37.03|10.71|20|282.62|228.75|5
thailand|bang-prok|2023-11-01|40.5|17.2|21|239.07|211.89|5
thailand|bang-yitho|2023-11-01|41.14|15.75|21|291.34|225.05|4
thailand|bung-kham-proi|2023-11-01|36.57|11.65|22|272.84|235.27|5
thailand|khlong-hok|2023-11-01|56.19|18.39|20|0.0|0.0|0
thailand|khlong-nung|2023-11-01|38.7|15.48|21|223.27|193.33|5
thailand|khlong-sam|2023-11-01|38.35|12.96|21|264.92|220.6|4
thailand|khlong-si|2023-11-01|0.0|0.0|0|291.43|224.83|4
thailand|khlong-song|2023-11-01|39.56|12.99|22|266.89|215.83|5
thailand|khu-khot|2023-11-01|48.54|17.23|21|285.98|223.45|5
thailand|lak-hok|2023-11-01|54.92|17.45|21|216.82|173.89|5
thailand|lam-luk-ka|2023-11-01|0.0|0.0|0|242.55|216.18|5
thailand|lam-phak-kut|2023-11-01|0.0|0.0|0|293.82|231.27|4
thailand|lat-sawai|2023-11-01|51.72|12.01|20|292.36|230.36|5
thailand|rangsit|2023-11-01|54.74|19.66|20|250.5|220.86|5
thailand|rangsit|2023-11-01|54.74|19.66|20|250.5|220.86|5
thailand|baraho|2023-11-01|0.0|0.0|0|92.3|93.04|11
thailand|cha-am|2023-11-01|50.19|14.08|23|195.08|145.62|6
thailand|ban-na|2023-11-01|0.0|0.0|0|251.28|224.62|4
thailand|noen-po|2023-11-01|0.0|0.0|0|250.27|221.52|5
thailand|nong-sano|2023-11-01|0.0|0.0|0|224.1|221.66|5
thailand|phai-rop|2023-11-01|0.0|0.0|0|271.02|225.34|5
thailand|ban-khlong|2023-11-01|30.53|13.09|26|238.79|218.7|6
thailand|phitsanulok|2023-11-01|29.42|13.27|27|211.66|169.1|5
thailand|tha-pho|2023-11-01|0.0|0.0|0|178.79|148.79|12
thailand|ban-len|2023-11-01|29.24|10.54|23|0.0|0.0|0
thailand|chiang-rak-noi|2023-11-01|40.65|16.92|21|0.0|0.0|0
thailand|khan-ham|2023-11-01|38.48|14.42|22|0.0|0.0|0
thailand|khlong-chik|2023-11-01|36.76|11.83|22|0.0|0.0|0
thailand|lam-sai|2023-11-01|31.55|12.42|23|0.0|0.0|0
thailand|phra-nakhon-si-ayutthaya|2023-11-01|64.8|17.64|21|227.15|195.37|4
thailand|phra-non|2023-11-01|0.0|0.0|0|328.74|293.78|3
thailand|suan-plik|2023-11-01|0.0|0.0|0|252.7|217.15|4
thailand|wang-daeng|2023-11-01|0.0|0.0|0|330.13|228.32|3
thailand|pa-maet|2023-11-01|0.0|0.0|0|246.51|206.93|10
thailand|chalong|2023-11-01|55.56|17.4|34|204.38|160.62|7
thailand|choeng-thale|2023-11-01|0.0|0.0|0|165.76|143.64|8
thailand|karon|2023-11-01|39.34|11.8|38|75.54|59.74|9
thailand|kathu|2023-11-01|0.0|0.0|0|157.38|146.3|7
thailand|koh-keaw|2023-11-01|0.0|0.0|0|211.01|184.01|6
thailand|patong|2023-11-01|59.62|15.53|35|80.82|72.03|9
thailand|phuket|2023-11-01|57.16|15.91|35|136.82|115.65|8
thailand|ratsada|2023-11-01|56.62|16.39|34|263.14|220.01|8
thailand|rawai|2023-11-01|0.0|0.0|0|120.17|115.84|7
thailand|sa-khu|2023-11-01|85.29|17.44|32|0.0|0.0|0
thailand|si-sunthon|2023-11-01|0.0|0.0|0|237.99|220.7|7
thailand|wichit|2023-11-01|71.75|21.78|34|193.96|150.6|8
thailand|tha-tum|2023-11-01|42.95|13.63|26|228.78|176.06|7
thailand|hua-hin|2023-11-01|58.03|17.37|24|148.62|127.45|7
thailand|nong-kae|2023-11-01|55.78|14.53|24|141.64|110.17|8
thailand|ko-phlappla|2023-11-01|0.0|0.0|0|279.29|227.18|4
thailand|na-muang|2023-11-01|42.02|17.62|23|226.26|168.6|4
thailand|pho-hak|2023-11-01|0.0|0.0|0|321.67|245.44|3
thailand|ban-chang|2023-11-01|54.26|12.94|22|271.48|235.47|5
thailand|huai-pong|2023-11-01|42.86|14.84|23|0.0|0.0|0
thailand|makham-khu|2023-11-01|0.0|0.0|0|222.21|176.05|5
thailand|map-ta-phut|2023-11-01|43.04|15.66|23|0.0|0.0|0
thailand|mapkha|2023-11-01|0.0|0.0|0|274.63|230.1|4
thailand|mapyangphon|2023-11-01|38.17|12.73|23|159.72|152.46|5
thailand|nikhom-phatthana|2023-11-01|0.0|0.0|0|256.8|222.32|4
thailand|nong-rai|2023-11-01|0.0|0.0|0|104.8|109.53|5
thailand|pa-yup-nai|2023-11-01|0.0|0.0|0|126.81|133.08|6
thailand|pluak-daeng|2023-11-01|31.72|10.6|24|199.96|189.4|5
thailand|ta-sit|2023-11-01|34.72|11.15|23|0.0|0.0|0
thailand|thapma|2023-11-01|52.02|14.25|23|278.9|235.86|5
thailand|aranyaprathet|2023-11-01|34.26|9.52|29|32.33|30.68|9
thailand|pa-rai|2023-11-01|0.0|0.0|0|22.92|28.1|10
thailand|ban-khlong-suan|2023-11-01|0.0|0.0|0|254.05|219.96|6
thailand|bang-bo|2023-11-01|43.88|12.18|22|282.3|212.05|6
thailand|bang-chalong|2023-11-01|33.31|16.73|21|235.5|203.98|5
thailand|bang-kaeo|2023-11-01|68.97|20.18|21|171.01|133.91|5
thailand|bang-muang|2023-11-01|44.93|12.1|21|303.77|226.32|5
thailand|bang-muang-mai|2023-11-01|0.0|0.0|0|322.31|238.25|5
thailand|bang-phli-yai|2023-11-01|42.57|14.25|21|271.52|218.91|5
thailand|bang-phriang|2023-11-01|36.77|12.55|23|236.93|209.14|6
thailand|bang-pla|2023-11-01|34.6|14.6|21|198.61|169.52|6
thailand|bang-pu-mai|2023-11-01|30.94|17.13|21|0.0|0.0|0
thailand|bang-sao-thong|2023-11-01|43.82|15.49|22|193.06|133.1|7
thailand|lat-luang|2023-11-01|42.09|15.65|22|294.75|231.24|6
thailand|nai-khlong-bang-pla-kot|2023-11-01|44.29|14.82|22|291.39|231.72|6
thailand|nong-prue|2023-11-01|93.9|29.45|19|60.15|56.95|5
thailand|phraeksa|2023-11-01|30.39|13.59|22|284.5|226.66|5
thailand|phraeksa-mai|2023-11-01|38.39|13.51|21|272.15|215.9|5
thailand|rachathewa|2023-11-01|48.28|13.96|21|241.07|189.65|5
thailand|sam-rong-nua|2023-11-01|49.18|17.95|21|282.73|222.51|5
thailand|samrong|2023-11-01|36.91|13.69|22|302.19|235.27|5
thailand|samut-prakan|2023-11-01|49.43|17.68|21|290.0|216.97|5
thailand|srisa-chorakhe-noi|2023-11-01|0.0|0.0|0|270.07|215.43|5
thailand|thai-ban-mai|2023-11-01|42.3|17.53|20|224.66|173.7|5
thailand|thepharak|2023-11-01|48.27|16.18|21|311.27|228.77|5
thailand|bang-nam-chut|2023-11-01|34.34|13.45|23|0.0|0.0|0
thailand|khok-kham|2023-11-01|31.74|12.08|23|0.0|0.0|0
thailand|na-di|2023-11-01|52.65|16.77|21|0.0|0.0|0
thailand|phanthai-norasing|2023-11-01|33.48|11.02|23|313.56|244.46|5
thailand|samut-sakhon|2023-11-01|36.73|15.75|22|291.69|239.8|5
thailand|suan-luang|2023-11-01|0.0|0.0|0|302.98|239.83|5
thailand|tha-sai|2023-11-01|30.61|11.56|23|0.0|0.0|0
thailand|pak-prieo|2023-11-01|43.49|17.39|23|282.22|233.89|5
thailand|mueang-tai|2023-11-01|0.0|0.0|0|200.1|164.25|13
thailand|hat-yai|2023-11-01|40.77|14.96|34|187.51|168.3|6
thailand|khao-rup-chang|2023-11-01|30.48|11.48|37|260.14|222.7|4
thailand|khlong-hae|2023-11-01|0.0|0.0|0|234.97|220.84|5
thailand|kho-hong|2023-11-01|49.29|15.51|34|222.6|200.48|5
thailand|khuan-lang|2023-11-01|50.46|13.47|35|215.67|181.26|5
thailand|phichit|2023-11-01|0.0|0.0|0|293.9|231.03|4
thailand|songkhla|2023-11-01|36.77|11.02|38|222.93|177.96|7
thailand|thung-yai|2023-11-01|0.0|0.0|0|284.72|228.98|4
thailand|rai-rot|2023-11-01|0.0|0.0|0|71.64|56.39|4
thailand|ko-pha-ngan|2023-11-01|0.0|0.0|0|156.41|121.88|6
thailand|ko-samui|2023-11-01|38.24|11.47|30|155.1|128.76|6
thailand|phuang-phromkhon|2023-11-01|0.0|0.0|0|191.53|177.45|6
thailand|surat-thani|2023-11-01|45.51|13.96|29|221.61|186.09|4
thailand|nai-mueang|2023-11-01|36.76|12.65|24|176.09|172.08|8
thailand|nong-trut|2023-11-01|0.0|0.0|0|144.58|121.3|8
thailand|trang|2023-11-01|45.96|13.08|37|151.96|110.81|8
thailand|kham-yai|2023-11-01|38.7|15.76|28|221.58|182.27|11
thailand|ban-lueam|2023-11-01|47.75|16.42|29|281.47|238.07|6
thailand|phan-don|2023-11-01|47.61|13.17|19|206.84|186.77|7
thailand|udon-thani|2023-11-01|55.8|18.17|28|211.45|176.96|6
thailand|yala|2023-11-01|31.67|12.76|33|166.69|155.35|17
togo|maritime|2023-11-01|50.52|10.51|17|29.49|7.96|7
togo|plateaux|2023-11-01|0.0|0.0|0|28.25|3.54|7
togo|lome|2023-11-01|0.0|0.0|0|30.74|9.15|7
trinidad-and-tobago|arima|2023-11-01|0.0|0.0|0|102.87|42.43|8
trinidad-and-tobago|chaguanas|2023-11-01|0.0|0.0|0|114.46|47.32|8
trinidad-and-tobago|couva-tabaquite-talparo|2023-11-01|0.0|0.0|0|112.18|66.25|5
trinidad-and-tobago|diego-martin|2023-11-01|0.0|0.0|0|112.65|33.1|10
trinidad-and-tobago|penal-debe|2023-11-01|0.0|0.0|0|100.52|35.03|10
trinidad-and-tobago|point-fortin|2023-11-01|0.0|0.0|0|121.54|25.26|11
trinidad-and-tobago|princes-town|2023-11-01|0.0|0.0|0|98.44|31.04|11
trinidad-and-tobago|rio-claro-mayaro|2023-11-01|0.0|0.0|0|102.91|30.19|11
trinidad-and-tobago|san-juan-laventille|2023-11-01|26.48|11.93|23|97.0|47.88|7
trinidad-and-tobago|sangre-grande|2023-11-01|0.0|0.0|0|99.14|45.15|9
trinidad-and-tobago|siparia|2023-11-01|0.0|0.0|0|108.34|25.3|11
trinidad-and-tobago|tunapuna-piarco|2023-11-01|0.0|0.0|0|103.47|44.87|8
trinidad-and-tobago|western-tobago|2023-11-01|0.0|0.0|0|91.72|83.7|7
trinidad-and-tobago|arima|2023-11-01|0.0|0.0|0|99.25|39.21|8
trinidad-and-tobago|chaguanas|2023-11-01|0.0|0.0|0|123.91|62.1|5
trinidad-and-tobago|endeavour|2023-11-01|0.0|0.0|0|92.84|25.2|10
trinidad-and-tobago|enterprise|2023-11-01|0.0|0.0|0|152.47|25.3|10
trinidad-and-tobago|couva|2023-11-01|0.0|0.0|0|148.62|49.43|9
trinidad-and-tobago|freeport|2023-11-01|0.0|0.0|0|117.07|62.19|5
trinidad-and-tobago|diego-martin|2023-11-01|0.0|0.0|0|134.16|36.85|9
trinidad-and-tobago|gasparillo|2023-11-01|0.0|0.0|0|137.48|25.18|11
trinidad-and-tobago|san-fernando|2023-11-01|0.0|0.0|0|94.61|32.37|10
trinidad-and-tobago|port-of-spain|2023-11-01|28.45|12.14|23|92.9|40.9|8
trinidad-and-tobago|san-juan|2023-11-01|0.0|0.0|0|130.34|37.65|9
trinidad-and-tobago|arouca|2023-11-01|0.0|0.0|0|133.64|52.34|5
trinidad-and-tobago|blanchisseuse|2023-11-01|0.0|0.0|0|94.45|94.52|5
trinidad-and-tobago|d'abadie|2023-11-01|0.0|0.0|0|118.39|46.44|9
trinidad-and-tobago|trincity|2023-11-01|0.0|0.0|0|104.15|61.25|6
tunisia|ariana|2023-11-01|0.0|0.0|0|8.24|2.6|23
tunisia|beja|2023-11-01|0.0|0.0|0|8.56|0.88|27
tunisia|ben-arous|2023-11-01|21.4|12.95|18|9.7|2.17|24
tunisia|bizerte|2023-11-01|21.72|13.11|22|8.74|1.0|27
tunisia|gabes|2023-11-01|0.0|0.0|0|9.17|1.82|28
tunisia|gafsa|2023-11-01|0.0|0.0|0|8.5|0.82|31
tunisia|jendouba|2023-11-01|0.0|0.0|0|9.11|1.7|26
tunisia|kairouan|2023-11-01|0.0|0.0|0|8.57|0.86|28
tunisia|kasserine|2023-11-01|0.0|0.0|0|8.1|0.79|31
tunisia|kebili|2023-11-01|0.0|0.0|0|8.08|0.82|37
tunisia|kef|2023-11-01|0.0|0.0|0|10.33|4.84|22
tunisia|la-manouba|2023-11-01|0.0|0.0|0|8.54|2.02|24
tunisia|mahdia|2023-11-01|0.0|0.0|0|9.15|0.89|27
tunisia|medenine|2023-11-01|36.12|14.18|29|8.15|0.83|35
tunisia|monastir|2023-11-01|22.04|11.39|21|8.6|1.21|27
tunisia|nabeul|2023-11-01|33.84|13.14|20|9.08|1.9|26
tunisia|sfax|2023-11-01|28.39|18.84|22|9.01|1.88|27
tunisia|sidi-bou-zid|2023-11-01|0.0|0.0|0|8.73|0.84|31
tunisia|siliana|2023-11-01|0.0|0.0|0|8.62|2.44|31
tunisia|sousse|2023-11-01|21.96|13.16|20|9.12|1.75|26
tunisia|tataouine|2023-11-01|0.0|0.0|0|8.25|1.07|33
tunisia|tozeur|2023-11-01|0.0|0.0|0|8.79|2.06|31
tunisia|tunis|2023-11-01|26.16|16.55|19|9.56|3.04|24
tunisia|zaghouan|2023-11-01|0.0|0.0|0|10.81|4.78|21
tunisia|cebalat|2023-11-01|0.0|0.0|0|8.88|3.56|22
tunisia|beja|2023-11-01|0.0|0.0|0|8.47|0.82|28
tunisia|ben-arous|2023-11-01|0.0|0.0|0|9.38|1.7|25
tunisia|bou-mhel-el-bassatine|2023-11-01|0.0|0.0|0|8.24|0.83|25
tunisia|el-mourouj|2023-11-01|0.0|0.0|0|11.55|4.81|20
tunisia|ez-zahra|2023-11-01|0.0|0.0|0|9.51|3.59|24
tunisia|fouchana|2023-11-01|0.0|0.0|0|8.72|0.9|24
tunisia|hammam-lif|2023-11-01|0.0|0.0|0|9.09|2.84|22
tunisia|megrine|2023-11-01|0.0|0.0|0|10.3|3.78|22
tunisia|rades|2023-11-01|0.0|0.0|0|9.85|1.88|23
tunisia|bizerte|2023-11-01|0.0|0.0|0|8.64|1.07|27
tunisia|mateur|2023-11-01|0.0|0.0|0|10.17|1.7|24
tunisia|menzel-bourguiba|2023-11-01|0.0|0.0|0|8.72|0.83|29
tunisia|gabes|2023-11-01|0.0|0.0|0|9.71|1.84|26
tunisia|gafsa|2023-11-01|0.0|0.0|0|9.02|1.41|31
tunisia|jendouba|2023-11-01|0.0|0.0|0|9.07|2.05|25
tunisia|al-qayrawan|2023-11-01|0.0|0.0|0|8.69|0.95|28
tunisia|el-kef|2023-11-01|0.0|0.0|0|9.37|2.1|26
tunisia|mahdia|2023-11-01|0.0|0.0|0|9.7|1.23|27
tunisia|houmt-souk|2023-11-01|0.0|0.0|0|8.14|0.8|35
tunisia|ksar-hellal|2023-11-01|0.0|0.0|0|8.6|0.87|26
tunisia|monastir|2023-11-01|0.0|0.0|0|9.08|1.71|27
tunisia|tabulbah|2023-11-01|0.0|0.0|0|8.54|0.83|27
tunisia|hammamet|2023-11-01|0.0|0.0|0|9.38|2.27|27
tunisia|kelibia|2023-11-01|0.0|0.0|0|9.59|1.01|26
tunisia|nabeul|2023-11-01|0.0|0.0|0|8.65|1.81|26
tunisia|sulayman|2023-11-01|0.0|0.0|0|8.34|1.02|25
tunisia|sakiet-ezzit|2023-11-01|0.0|0.0|0|9.19|3.28|25
tunisia|sfax|2023-11-01|26.48|19.25|22|9.37|1.79|27
tunisia|sidi-bouzid|2023-11-01|0.0|0.0|0|9.46|0.9|29
tunisia|masakin|2023-11-01|0.0|0.0|0|8.98|0.85|26
tunisia|sousse|2023-11-01|20.9|13.11|20|9.19|1.72|26
tunisia|ariana|2023-11-01|25.03|15.82|19|9.15|2.1|24
tunisia|carthage|2023-11-01|0.0|0.0|0|9.7|2.04|23
tunisia|den-den|2023-11-01|0.0|0.0|0|8.29|2.04|26
tunisia|la-marsa|2023-11-01|0.0|0.0|0|9.73|1.85|25
tunisia|manouba|2023-11-01|0.0|0.0|0|8.95|0.9|25
tunisia|oued-ellil|2023-11-01|0.0|0.0|0|8.49|2.06|26
tunisia|tunis|2023-11-01|24.68|17.26|19|9.72|3.19|24
tunisia|el-fahs|2023-11-01|0.0|0.0|0|20.72|18.43|6
tunisia|zaghouan|2023-11-01|0.0|0.0|0|9.8|3.28|22
turkey|adana|2023-11-01|28.3|12.11|23|39.19|9.52|8
turkey|adiyaman-province|2023-11-01|0.0|0.0|0|31.48|9.45|12
turkey|afyonkarahisar-province|2023-11-01|38.83|12.72|37|31.75|9.55|11
turkey|aksaray|2023-11-01|0.0|0.0|0|38.8|11.86|18
turkey|amasya-province|2023-11-01|0.0|0.0|0|39.48|12.15|9
turkey|ankara|2023-11-01|32.69|13.23|22|48.6|10.79|8
turkey|antalya|2023-11-01|37.72|15.08|27|39.87|10.47|14
turkey|artvin|2023-11-01|0.0|0.0|0|25.95|8.05|15
turkey|aydin-province|2023-11-01|37.03|11.86|21|31.2|9.33|13
turkey|agri|2023-11-01|0.0|0.0|0|31.53|9.08|12
turkey|balikesir-province|2023-11-01|36.06|11.97|26|29.43|7.24|11
turkey|bartin-province|2023-11-01|0.0|0.0|0|27.94|7.76|10
turkey|batman|2023-11-01|0.0|0.0|0|36.21|11.43|9
turkey|bilecik|2023-11-01|0.0|0.0|0|32.11|10.94|8
turkey|bolu|2023-11-01|0.0|0.0|0|25.78|5.88|11
turkey|burdur-province|2023-11-01|0.0|0.0|0|26.67|8.0|10
turkey|bursa|2023-11-01|33.09|13.24|20|36.26|9.52|7
turkey|denizli|2023-11-01|27.95|11.27|23|34.36|5.85|11
turkey|diyarbakir|2023-11-01|37.19|13.0|24|36.48|10.89|10
turkey|duzce-province|2023-11-01|0.0|0.0|0|28.6|8.57|11
turkey|edirne|2023-11-01|32.53|12.69|22|36.24|5.74|10
turkey|elazig|2023-11-01|0.0|0.0|0|30.55|10.86|9
turkey|erzincan|2023-11-01|0.0|0.0|0|34.52|5.69|9
turkey|erzurum|2023-11-01|0.0|0.0|0|34.0|7.18|9
turkey|eskisehir-province|2023-11-01|28.97|12.43|36|37.92|7.51|8
turkey|gaziantep|2023-11-01|26.28|11.44|26|28.88|8.38|12
turkey|giresun|2023-11-01|0.0|0.0|0|30.27|9.85|23
turkey|hatay|2023-11-01|25.58|12.58|31|7.01|7.6|16
turkey|isparta-province|2023-11-01|28.52|12.91|30|29.7|9.36|10
turkey|istanbul|2023-11-01|39.2|14.89|22|49.52|13.57|7
turkey|izmir|2023-11-01|36.84|14.83|19|46.66|10.76|7
turkey|kahramanmaras-province|2023-11-01|24.04|10.94|38|23.56|9.52|15
turkey|karabuk|2023-11-01|0.0|0.0|0|34.24|12.3|8
turkey|karaman|2023-11-01|0.0|0.0|0|27.38|5.34|11
turkey|kars|2023-11-01|0.0|0.0|0|28.85|9.36|13
turkey|kastamonu|2023-11-01|0.0|0.0|0|30.25|9.57|14
turkey|kayseri-province|2023-11-01|32.68|13.9|31|43.24|10.83|12
turkey|kilis|2023-11-01|0.0|0.0|0|6.88|12.66|11
turkey|kocaeli|2023-11-01|26.4|11.7|21|35.05|10.99|8
turkey|konya|2023-11-01|28.49|12.29|34|30.48|6.49|12
turkey|kutahya|2023-11-01|30.09|11.95|30|28.0|8.37|10
turkey|kirklareli|2023-11-01|0.0|0.0|0|33.34|10.87|10
turkey|kirikkale|2023-11-01|0.0|0.0|0|51.17|10.62|7
turkey|kirsehir|2023-11-01|0.0|0.0|0|29.22|9.86|9
turkey|malatya|2023-11-01|0.0|0.0|0|36.51|14.23|15
turkey|manisa|2023-11-01|31.5|12.5|20|33.27|7.54|10
turkey|mardin|2023-11-01|0.0|0.0|0|24.03|8.06|13
turkey|mersin-province|2023-11-01|31.41|13.61|26|34.39|9.17|10
turkey|mugla-province|2023-11-01|37.03|11.64|27|27.7|8.91|20
turkey|nevsehir|2023-11-01|0.0|0.0|0|24.86|8.56|11
turkey|nigde|2023-11-01|0.0|0.0|0|24.26|9.86|10
turkey|ordu|2023-11-01|39.8|11.86|33|28.84|9.0|11
turkey|osmaniye|2023-11-01|0.0|0.0|0|36.07|10.58|10
turkey|rize|2023-11-01|0.0|0.0|0|27.31|7.91|14
turkey|sakarya|2023-11-01|27.03|10.43|25|32.07|10.64|12
turkey|samsun|2023-11-01|26.4|11.79|29|35.7|9.68|8
turkey|siirt-province|2023-11-01|0.0|0.0|0|33.25|10.88|9
turkey|sinop-province|2023-11-01|0.0|0.0|0|24.86|7.53|10
turkey|sivas|2023-11-01|0.0|0.0|0|30.65|9.18|12
turkey|tekirdag|2023-11-01|30.83|12.02|21|39.83|11.35|8
turkey|tokat|2023-11-01|0.0|0.0|0|25.84|8.07|15
turkey|trabzon|2023-11-01|38.32|13.85|33|33.18|10.76|22
turkey|usak|2023-11-01|0.0|0.0|0|33.65|11.31|8
turkey|van|2023-11-01|0.0|0.0|0|32.6|11.05|12
turkey|yalova-province|2023-11-01|38.27|12.07|22|30.53|7.43|8
turkey|yozgat|2023-11-01|0.0|0.0|0|26.93|8.12|12
turkey|zonguldak|2023-11-01|29.18|11.89|29|28.53|5.39|10
turkey|canakkale|2023-11-01|34.61|11.22|33|34.14|9.69|13
turkey|cankiri|2023-11-01|0.0|0.0|0|25.45|7.86|9
turkey|corum-province|2023-11-01|0.0|0.0|0|28.28|9.14|9
turkey|sanliurfa-province|2023-11-01|27.51|11.54|42|27.94|10.26|12
turkey|sirnak|2023-11-01|0.0|0.0|0|27.5|9.31|13
turkey|adana|2023-11-01|38.38|14.31|20|37.04|5.96|8
turkey|adiyaman|2023-11-01|0.0|0.0|0|26.98|9.01|12
turkey|afyonkarahisar|2023-11-01|0.0|0.0|0|41.32|11.89|11
turkey|aksaray|2023-11-01|0.0|0.0|0|33.3|9.56|12
turkey|ankara|2023-11-01|32.4|13.31|22|45.19|10.22|8
turkey|pursaklar|2023-11-01|0.0|0.0|0|37.87|10.94|6
turkey|akdamlar|2023-11-01|21.95|11.93|19|41.93|11.2|15
turkey|alanya|2023-11-01|49.04|16.84|29|31.5|9.91|9
turkey|antalya|2023-11-01|35.31|16.07|25|44.45|9.41|15
turkey|kargicak-belediyesi|2023-11-01|0.0|0.0|0|33.12|11.56|6
turkey|manavgat|2023-11-01|0.0|0.0|0|31.06|7.97|9
turkey|side-belediyesi|2023-11-01|0.0|0.0|0|13.58|6.95|19
turkey|aydin|2023-11-01|31.18|12.88|20|38.62|10.16|11
turkey|didim|2023-11-01|0.0|0.0|0|20.92|5.74|16
turkey|kusadasi|2023-11-01|0.0|0.0|0|37.43|10.94|10
turkey|nazilli|2023-11-01|0.0|0.0|0|27.04|8.83|14
turkey|balikesir|2023-11-01|0.0|0.0|0|41.93|4.8|9
turkey|bandirma|2023-11-01|0.0|0.0|0|46.15|8.34|10
turkey|bartin|2023-11-01|0.0|0.0|0|29.7|10.39|10
turkey|batman|2023-11-01|0.0|0.0|0|33.02|9.43|9
turkey|bolu|2023-11-01|0.0|0.0|0|36.76|4.76|10
turkey|alasarkoy-mahallesi|2023-11-01|0.0|0.0|0|37.08|14.17|7
turkey|bursa|2023-11-01|33.78|14.08|20|31.5|8.23|8
turkey|gorukle-sakarya-mahallesi|2023-11-01|0.0|0.0|0|82.02|14.18|4
turkey|gursu|2023-11-01|0.0|0.0|0|30.88|9.86|7
turkey|inegol|2023-11-01|0.0|0.0|0|27.35|8.86|8
turkey|kestel|2023-11-01|0.0|0.0|0|42.61|9.32|6
turkey|mudanya|2023-11-01|0.0|0.0|0|68.4|10.18|6
turkey|denizli|2023-11-01|29.03|12.33|22|41.42|5.1|10
turkey|diyarbakir|2023-11-01|37.57|14.55|24|43.0|11.89|10
turkey|duzce|2023-11-01|0.0|0.0|0|28.57|9.39|11
turkey|edirne|2023-11-01|0.0|0.0|0|48.39|4.79|12
turkey|elazig|2023-11-01|0.0|0.0|0|30.36|10.66|8
turkey|erzincan|2023-11-01|0.0|0.0|0|47.33|4.81|9
turkey|erzurum|2023-11-01|0.0|0.0|0|43.03|4.82|8
turkey|eskisehir|2023-11-01|29.83|13.19|36|40.91|7.44|7
turkey|gaziantep|2023-11-01|26.22|11.83|26|26.77|7.17|12
turkey|giresun|2023-11-01|0.0|0.0|0|34.19|11.54|16
turkey|hatay|2023-11-01|20.61|14.52|29|5.18|7.64|14
turkey|iskenderun|2023-11-01|0.0|0.0|0|24.58|7.62|14
turkey|reyhanli|2023-11-01|0.0|0.0|0|17.88|7.79|16
turkey|isparta|2023-11-01|0.0|0.0|0|34.96|11.53|9
turkey|alkent-2000-mahallesi|2023-11-01|0.0|0.0|0|48.9|10.04|7
turkey|arnavutkoy|2023-11-01|0.0|0.0|0|38.84|14.77|6
turkey|buyukcekmece|2023-11-01|41.85|11.97|20|36.33|9.62|7
turkey|gokturk-merkez-mahallesi|2023-11-01|0.0|0.0|0|58.55|14.04|6
turkey|istanbul|2023-11-01|37.91|14.46|22|49.69|13.7|7
turkey|maslak-mahallesi|2023-11-01|0.0|0.0|0|50.76|13.89|6
turkey|silivri|2023-11-01|0.0|0.0|0|28.76|9.38|10
turkey|sultanbeyli|2023-11-01|0.0|0.0|0|49.63|11.45|6
turkey|cayirova|2023-11-01|0.0|0.0|0|50.98|12.83|7
turkey|izmir|2023-11-01|36.7|15.3|19|43.51|10.65|7
turkey|kemalpasa|2023-11-01|0.0|0.0|0|61.97|13.37|6
turkey|menemen|2023-11-01|0.0|0.0|0|55.7|16.92|6
turkey|kahramanmaras|2023-11-01|0.0|0.0|0|35.59|10.92|16
turkey|karabuk|2023-11-01|0.0|0.0|0|35.67|12.91|8
turkey|karaman|2023-11-01|0.0|0.0|0|32.0|4.9|10
turkey|kayseri|2023-11-01|34.21|14.33|30|43.5|10.69|12
turkey|talas|2023-11-01|0.0|0.0|0|63.09|12.67|10
turkey|kilis|2023-11-01|0.0|0.0|0|5.82|12.3|12
turkey|darica|2023-11-01|0.0|0.0|0|31.76|9.02|9
turkey|derince|2023-11-01|0.0|0.0|0|32.38|9.03|7
turkey|dogantepe|2023-11-01|0.0|0.0|0|34.28|9.52|8
turkey|gebze|2023-11-01|29.58|13.34|21|38.2|7.42|9
turkey|golcuk|2023-11-01|0.0|0.0|0|30.56|9.46|8
turkey|izmit|2023-11-01|29.77|14.28|20|39.72|8.71|8
turkey|kartepe|2023-11-01|0.0|0.0|0|47.56|13.59|7
turkey|korfez|2023-11-01|0.0|0.0|0|37.95|11.92|6
turkey|konya|2023-11-01|32.54|13.73|33|31.94|5.63|10
turkey|sille-subasi-mahallesi|2023-11-01|0.0|0.0|0|35.24|8.95|12
turkey|kutahya|2023-11-01|0.0|0.0|0|26.64|8.04|10
turkey|kirklareli|2023-11-01|0.0|0.0|0|36.99|11.9|9
turkey|luleburgaz|2023-11-01|0.0|0.0|0|32.07|10.48|10
turkey|kirikkale|2023-11-01|0.0|0.0|0|29.58|9.45|7
turkey|kirsehir|2023-11-01|0.0|0.0|0|31.28|10.13|9
turkey|malatya|2023-11-01|0.0|0.0|0|35.63|13.7|14
turkey|akhisar|2023-11-01|0.0|0.0|0|29.48|9.5|13
turkey|manisa|2023-11-01|0.0|0.0|0|46.53|4.82|8
turkey|turgutlu|2023-11-01|0.0|0.0|0|24.4|7.27|12
turkey|mersin|2023-11-01|31.82|14.63|23|41.42|8.97|8
turkey|tarsus|2023-11-01|0.0|0.0|0|38.28|4.86|11
turkey|bodrum|2023-11-01|0.0|0.0|0|31.25|9.21|19
turkey|fethiye|2023-11-01|0.0|0.0|0|26.16|8.7|21
turkey|marmaris|2023-11-01|0.0|0.0|0|31.31|9.32|15
turkey|mugla|2023-11-01|0.0|0.0|0|26.73|9.2|19
turkey|nigde|2023-11-01|0.0|0.0|0|33.94|11.91|8
turkey|ordu|2023-11-01|0.0|0.0|0|35.69|11.1|12
turkey|osmaniye|2023-11-01|0.0|0.0|0|25.34|8.59|11
turkey|rize|2023-11-01|0.0|0.0|0|31.63|10.3|14
turkey|sakarya|2023-11-01|24.93|11.37|24|32.03|10.19|12
turkey|samsun|2023-11-01|28.55|15.39|28|40.69|8.18|9
turkey|siirt|2023-11-01|0.0|0.0|0|35.07|10.88|9
turkey|sinop|2023-11-01|0.0|0.0|0|26.24|7.23|10
turkey|savcun|2023-11-01|0.0|0.0|0|32.01|10.36|13
turkey|sivas|2023-11-01|0.0|0.0|0|37.44|11.68|12
turkey|tekirdag|2023-11-01|0.0|0.0|0|44.34|5.3|9
turkey|cerkezkoy|2023-11-01|0.0|0.0|0|61.66|18.49|7
turkey|corlu|2023-11-01|0.0|0.0|0|42.48|9.12|8
turkey|tokat|2023-11-01|0.0|0.0|0|30.58|10.14|14
turkey|trabzon|2023-11-01|0.0|0.0|0|32.8|9.64|17
turkey|usak|2023-11-01|0.0|0.0|0|34.62|10.55|9
turkey|van|2023-11-01|0.0|0.0|0|32.34|11.92|12
turkey|yalova|2023-11-01|0.0|0.0|0|29.06|6.12|7
turkey|ciftlikkoy|2023-11-01|0.0|0.0|0|28.95|7.31|8
turkey|yozgat|2023-11-01|0.0|0.0|0|29.0|8.55|10
turkey|eregli|2023-11-01|0.0|0.0|0|41.82|4.74|10
turkey|zonguldak|2023-11-01|0.0|0.0|0|41.32|4.78|10
turkey|canakkale|2023-11-01|0.0|0.0|0|35.29|11.5|11
turkey|corum|2023-11-01|0.0|0.0|0|29.44|10.45|9
turkey|sanliurfa|2023-11-01|29.05|12.79|28|25.29|9.59|12
turkmenistan|ahal|2023-11-01|0.0|0.0|0|5.78|3.76|89
turkmenistan|ashgabat|2023-11-01|0.0|0.0|0|5.27|7.05|73
turkmenistan|ashgabat|2023-11-01|0.0|0.0|0|5.35|7.06|72
uganda|central-region|2023-11-01|42.86|19.23|20|12.92|13.86|6
uganda|kampala|2023-11-01|44.01|19.93|19|12.99|14.01|6
ukraine|cherkas'ka-oblast|2023-11-01|22.86|7.64|37|74.9|82.38|5
ukraine|chernihivs'ka-oblast|2023-11-01|24.48|9.37|35|59.45|71.66|6
ukraine|chernivets'ka-oblast|2023-11-01|32.03|12.26|32|78.69|86.96|3
ukraine|crimea|2023-11-01|0.0|0.0|0|67.3|71.94|3
ukraine|dnipropetrovsk-oblast|2023-11-01|26.79|12.03|37|73.88|81.12|5
ukraine|donetsk-oblast|2023-11-01|9.59|6.12|27|50.57|55.72|3
ukraine|ivano-frankivs'ka-oblast|2023-11-01|24.34|14.04|35|61.91|67.17|4
ukraine|kharkiv-oblast|2023-11-01|30.5|11.39|38|76.23|87.56|3
ukraine|khersons'ka-oblast|2023-11-01|21.59|10.0|37|49.27|52.63|12
ukraine|khmel'nyts'ka-oblast|2023-11-01|17.76|11.44|35|66.98|77.46|8
ukraine|kirovohrads'ka-oblast|2023-11-01|24.85|11.11|37|54.39|57.55|10
ukraine|kyiv-city|2023-11-01|24.67|11.63|31|91.11|92.81|3
ukraine|kyivs'ka-oblast|2023-11-01|29.98|10.39|29|83.19|87.59|3
ukraine|luhans'ka-oblast|2023-11-01|0.0|0.0|0|28.48|33.4|5
ukraine|lviv-oblast|2023-11-01|22.76|13.17|30|79.69|80.27|3
ukraine|mykolaivs'ka-oblast|2023-11-01|22.71|11.17|38|53.18|64.54|12
ukraine|odessa-oblast|2023-11-01|22.66|11.53|39|71.58|74.93|3
ukraine|poltavs'ka-oblast|2023-11-01|24.96|10.13|34|70.35|77.38|8
ukraine|rivnens'ka-oblast|2023-11-01|22.86|14.52|36|62.09|72.63|7
ukraine|sevastopol'-city|2023-11-01|0.0|0.0|0|80.68|85.01|2
ukraine|sums'ka-oblast|2023-11-01|26.15|11.22|39|56.39|62.33|9
ukraine|ternopil's'ka-oblast|2023-11-01|24.05|14.28|34|76.03|85.41|3
ukraine|vinnyts'ka-oblast|2023-11-01|23.29|10.14|35|62.64|59.51|8
ukraine|volyns'ka-oblast|2023-11-01|25.17|13.05|33|71.31|77.93|6
ukraine|zakarpats'ka-oblast|2023-11-01|31.05|9.4|37|48.96|50.4|6
ukraine|zaporiz'ka-oblast|2023-11-01|26.1|11.49|41|53.3|58.72|9
ukraine|zhytomyrs'ka-oblast|2023-11-01|24.03|12.94|34|65.71|73.2|5
ukraine|cherkasy|2023-11-01|22.6|9.8|37|74.7|82.44|4
ukraine|kaniv|2023-11-01|0.0|0.0|0|56.29|68.16|6
ukraine|korsun'-shevchenkivs'kyi|2023-11-01|0.0|0.0|0|70.66|80.6|5
ukraine|shpola|2023-11-01|0.0|0.0|0|71.47|67.86|7
ukraine|smila|2023-11-01|0.0|0.0|0|66.55|72.52|4
ukraine|uman'|2023-11-01|0.0|0.0|0|84.39|91.35|8
ukraine|zolotonosha|2023-11-01|0.0|0.0|0|76.55|81.48|4
ukraine|chernihiv|2023-11-01|24.46|11.02|33|58.01|69.47|6
ukraine|nizhyn|2023-11-01|0.0|0.0|0|71.06|80.94|8
ukraine|novhorod-sivers'kyi|2023-11-01|0.0|0.0|0|48.96|72.94|12
ukraine|pryluky|2023-11-01|0.0|0.0|0|56.73|67.84|6
ukraine|chernivtsi|2023-11-01|32.03|14.33|32|89.19|93.05|3
ukraine|alushta|2023-11-01|0.0|0.0|0|49.28|49.63|4
ukraine|bakhchysarai|2023-11-01|0.0|0.0|0|80.47|90.84|2
ukraine|feodosia|2023-11-01|0.0|0.0|0|29.23|30.26|5
ukraine|kerch|2023-11-01|0.0|0.0|0|49.81|49.99|7
ukraine|simferopol|2023-11-01|0.0|0.0|0|70.7|74.77|3
ukraine|yalta|2023-11-01|0.0|0.0|0|64.54|76.42|2
ukraine|yevpatoriya|2023-11-01|0.0|0.0|0|52.32|57.99|3
ukraine|dnepropetrovsk|2023-11-01|29.02|13.54|37|79.0|84.94|3
ukraine|dniprodzerzhyns'k|2023-11-01|23.69|12.06|38|66.65|80.64|10
ukraine|kryvyi-rih|2023-11-01|21.04|10.8|38|77.32|85.26|9
ukraine|nikopol'|2023-11-01|0.0|0.0|0|49.68|59.9|6
ukraine|novomoskovs'k|2023-11-01|0.0|0.0|0|62.56|53.3|3
ukraine|pavlohrad|2023-11-01|0.0|0.0|0|55.8|59.09|17
ukraine|pidhorodne|2023-11-01|0.0|0.0|0|62.94|72.53|3
ukraine|synel'nykove|2023-11-01|0.0|0.0|0|48.91|52.5|3
ukraine|ternivka|2023-11-01|0.0|0.0|0|59.14|64.94|14
ukraine|zhovti-vody|2023-11-01|0.0|0.0|0|72.49|77.56|5
ukraine|donetsk|2023-11-01|9.73|7.63|21|51.79|54.63|3
ukraine|druzhkivka|2023-11-01|0.0|0.0|0|48.66|49.2|3
ukraine|horlivka|2023-11-01|0.0|0.0|0|47.65|57.08|3
ukraine|kostyantynivka|2023-11-01|0.0|0.0|0|51.78|65.9|11
ukraine|kramatorsk|2023-11-01|0.0|0.0|0|62.11|74.99|2
ukraine|krasnoarmiis'k|2023-11-01|0.0|0.0|0|54.36|59.63|3
ukraine|kurakhove|2023-11-01|0.0|0.0|0|47.32|60.78|3
ukraine|makiivka|2023-11-01|0.0|0.0|0|60.09|71.78|2
ukraine|shakhtars'k|2023-11-01|0.0|0.0|0|72.31|78.77|2
ukraine|slovyansk|2023-11-01|0.0|0.0|0|65.56|86.19|2
ukraine|yasynuvata|2023-11-01|0.0|0.0|0|45.29|57.17|2
ukraine|yenakijeve|2023-11-01|0.0|0.0|0|58.18|68.62|3
ukraine|ivano-frankivsk|2023-11-01|18.32|14.64|34|70.75|74.8|4
ukraine|kalush|2023-11-01|0.0|0.0|0|58.72|73.58|12
ukraine|kolomyya|2023-11-01|0.0|0.0|0|61.54|68.97|3
ukraine|kosiv|2023-11-01|0.0|0.0|0|55.24|51.63|2
ukraine|nadvirna|2023-11-01|0.0|0.0|0|52.15|59.18|7
ukraine|chuhuiv|2023-11-01|0.0|0.0|0|89.52|89.35|3
ukraine|kharkiv|2023-11-01|33.96|14.21|37|78.3|89.3|3
ukraine|lozova|2023-11-01|0.0|0.0|0|58.11|68.39|14
ukraine|pervomais'kyi|2023-11-01|0.0|0.0|0|52.62|63.83|6
ukraine|pisochyn|2023-11-01|0.0|0.0|0|86.57|92.62|2
ukraine|solonytsivka|2023-11-01|0.0|0.0|0|88.1|92.64|2
ukraine|kherson|2023-11-01|26.75|12.54|35|55.78|60.66|12
ukraine|kam'yanets'-podil's'kyi|2023-11-01|0.0|0.0|0|67.7|78.44|14
ukraine|khmelnytskyi|2023-11-01|16.86|12.62|32|69.28|79.72|4
ukraine|krasyliv|2023-11-01|0.0|0.0|0|46.4|52.17|4
ukraine|netishyn|2023-11-01|0.0|0.0|0|68.27|77.08|10
ukraine|polonne|2023-11-01|0.0|0.0|0|48.88|58.03|13
ukraine|shepetivka|2023-11-01|0.0|0.0|0|63.44|69.92|11
ukraine|slavuta|2023-11-01|0.0|0.0|0|62.39|69.92|10
ukraine|starokostyantyniv|2023-11-01|0.0|0.0|0|70.12|80.02|10
ukraine|kirovohrad|2023-11-01|24.16|13.72|34|59.98|60.71|11
ukraine|oleksandriya|2023-11-01|0.0|0.0|0|49.29|50.91|7
ukraine|svitlovods'k|2023-11-01|0.0|0.0|0|58.09|64.73|11
ukraine|kiev|2023-11-01|25.63|11.75|30|91.12|92.81|3
ukraine|berezan'|2023-11-01|0.0|0.0|0|91.9|94.01|3
ukraine|bila-tserkva|2023-11-01|0.0|0.0|0|89.4|93.27|3
ukraine|bilohorodka|2023-11-01|0.0|0.0|0|82.73|87.27|3
ukraine|boryspil'|2023-11-01|0.0|0.0|0|54.67|56.78|3
ukraine|boyarka|2023-11-01|0.0|0.0|0|83.12|82.22|3
ukraine|brovary|2023-11-01|31.15|13.4|30|77.83|84.88|3
ukraine|bucha|2023-11-01|0.0|0.0|0|92.62|93.25|3
ukraine|fastiv|2023-11-01|0.0|0.0|0|91.39|90.84|3
ukraine|hatne|2023-11-01|0.0|0.0|0|90.94|93.14|3
ukraine|irpin'|2023-11-01|26.64|12.68|27|91.94|93.52|3
ukraine|kozyn|2023-11-01|0.0|0.0|0|85.37|61.98|4
ukraine|kriukivshchyna|2023-11-01|0.0|0.0|0|87.2|93.21|3
ukraine|obukhiv|2023-11-01|0.0|0.0|0|77.56|86.21|4
ukraine|pereyaslav-khmel'nyts'kyi|2023-11-01|0.0|0.0|0|76.73|85.24|3
ukraine|petropavlivs'ka-borshchahivka|2023-11-01|0.0|0.0|0|77.33|84.02|2
ukraine|petrushky|2023-11-01|0.0|0.0|0|83.61|56.78|3
ukraine|sofiivska-borshchahivka|2023-11-01|25.38|11.36|28|84.76|86.71|3
ukraine|ukrainka|2023-11-01|0.0|0.0|0|97.92|94.44|3
ukraine|vasylkiv|2023-11-01|0.0|0.0|0|92.37|92.81|3
ukraine|vyshhorod|2023-11-01|0.0|0.0|0|84.5|88.57|3
ukraine|vyshneve|2023-11-01|0.0|0.0|0|88.27|92.53|3
ukraine|krasnodon|2023-11-01|0.0|0.0|0|44.69|49.39|3
ukraine|luhansk|2023-11-01|0.0|0.0|0|50.41|54.79|3
ukraine|stakhanov|2023-11-01|0.0|0.0|0|21.65|31.41|6
ukraine|starobil's'k|2023-11-01|0.0|0.0|0|20.26|29.44|9
ukraine|sverdlovs'k|2023-11-01|0.0|0.0|0|20.31|28.18|6
ukraine|boryslav|2023-11-01|0.0|0.0|0|49.58|65.59|5
ukraine|brody|2023-11-01|0.0|0.0|0|54.44|57.63|4
ukraine|chervonohrad|2023-11-01|0.0|0.0|0|59.45|68.23|6
ukraine|drohobych|2023-11-01|0.0|0.0|0|64.07|66.83|3
ukraine|lviv|2023-11-01|20.99|15.36|30|88.54|89.16|3
ukraine|sambir|2023-11-01|0.0|0.0|0|49.86|52.04|5
ukraine|sokilnyky|2023-11-01|0.0|0.0|0|55.63|56.56|3
ukraine|stryi|2023-11-01|0.0|0.0|0|38.39|47.14|5
ukraine|truskavets|2023-11-01|0.0|0.0|0|58.02|56.44|4
ukraine|vynnyky|2023-11-01|0.0|0.0|0|92.02|93.6|3
ukraine|zolochiv|2023-11-01|0.0|0.0|0|325.47|300.57|3
ukraine|zymna-voda|2023-11-01|0.0|0.0|0|86.17|87.28|3
ukraine|sofiyivka|2023-11-01|0.0|0.0|0|89.0|85.69|3
ukraine|mykolaiv|2023-11-01|24.5|13.17|36|52.59|65.37|12
ukraine|pervomais'k|2023-11-01|0.0|0.0|0|60.25|76.38|3
ukraine|voznesens'k|2023-11-01|0.0|0.0|0|51.5|51.3|19
ukraine|yuzhnoukrains'k|2023-11-01|0.0|0.0|0|50.92|55.56|22
ukraine|balta|2023-11-01|0.0|0.0|0|47.75|49.84|10
ukraine|bilhorod-dnistrovs'kyi|2023-11-01|0.0|0.0|0|64.42|72.26|3
ukraine|chornomorsk|2023-11-01|0.0|0.0|0|76.2|88.85|3
ukraine|izmail|2023-11-01|0.0|0.0|0|56.51|74.96|7
ukraine|kryzhanivka|2023-11-01|0.0|0.0|0|62.59|63.26|3
ukraine|odessa|2023-11-01|24.5|13.28|38|72.59|74.7|3
ukraine|reni|2023-11-01|0.0|0.0|0|49.63|58.44|9
ukraine|hadyach|2023-11-01|0.0|0.0|0|49.11|53.26|3
ukraine|khorol|2023-11-01|0.0|0.0|0|67.76|80.58|12
ukraine|komsomol's'k|2023-11-01|0.0|0.0|0|83.05|87.84|10
ukraine|kremenchuk|2023-11-01|26.61|11.53|40|80.27|86.8|4
ukraine|lubny|2023-11-01|0.0|0.0|0|43.58|42.09|11
ukraine|myrhorod|2023-11-01|0.0|0.0|0|66.98|76.99|9
ukraine|poltava|2023-11-01|24.22|10.46|33|69.6|77.12|4
ukraine|rivne|2023-11-01|19.99|17.42|35|68.17|80.46|7
ukraine|sarny|2023-11-01|0.0|0.0|0|47.53|49.31|11
ukraine|sevastopol|2023-11-01|0.0|0.0|0|80.76|85.06|2
ukraine|konotop|2023-11-01|0.0|0.0|0|46.31|48.61|9
ukraine|lebedyn|2023-11-01|0.0|0.0|0|87.17|87.95|10
ukraine|okhtyrka|2023-11-01|0.0|0.0|0|50.2|49.91|2
ukraine|romny|2023-11-01|0.0|0.0|0|41.5|45.63|11
ukraine|shostka|2023-11-01|0.0|0.0|0|60.03|71.41|14
ukraine|sumy|2023-11-01|27.85|13.72|38|63.71|74.91|7
ukraine|chortkiv|2023-11-01|0.0|0.0|0|63.19|67.42|4
ukraine|ternopil|2023-11-01|22.44|17.71|33|80.5|87.6|4
ukraine|mohyliv-podil's'kyi|2023-11-01|0.0|0.0|0|50.18|51.26|19
ukraine|tul'chyn|2023-11-01|0.0|0.0|0|55.4|58.05|9
ukraine|vinnytsia|2023-11-01|21.49|11.12|34|66.76|50.73|7
ukraine|kivertsi|2023-11-01|0.0|0.0|0|53.76|67.1|17
ukraine|kovel'|2023-11-01|0.0|0.0|0|48.25|51.59|4
ukraine|lutsk|2023-11-01|24.4|17.8|32|87.53|92.65|5
ukraine|novovolynsk|2023-11-01|0.0|0.0|0|66.31|71.64|12
ukraine|volodymyr-volynsky|2023-11-01|0.0|0.0|0|71.18|82.46|3
ukraine|khust|2023-11-01|0.0|0.0|0|29.07|32.4|5
ukraine|mukacheve|2023-11-01|0.0|0.0|0|50.85|50.84|5
ukraine|uzhhorod|2023-11-01|37.29|11.68|37|73.63|78.24|7
ukraine|vynohradiv|2023-11-01|0.0|0.0|0|58.95|67.67|5
ukraine|berdyans'k|2023-11-01|0.0|0.0|0|42.0|47.68|2
ukraine|enerhodar|2023-11-01|0.0|0.0|0|38.28|46.34|89
ukraine|melitopol'|2023-11-01|0.0|0.0|0|31.58|36.34|11
ukraine|zaporizhia|2023-11-01|27.83|12.94|40|66.06|73.6|4
ukraine|berdychiv|2023-11-01|0.0|0.0|0|52.79|47.77|7
ukraine|korosten'|2023-11-01|0.0|0.0|0|49.64|55.18|5
ukraine|korostyshiv|2023-11-01|0.0|0.0|0|84.72|92.4|5
ukraine|malyn|2023-11-01|0.0|0.0|0|139.42|127.61|5
ukraine|novohrad-volyns'kyi|2023-11-01|0.0|0.0|0|52.86|58.78|11
ukraine|zhytomyr|2023-11-01|20.65|18.28|33|68.87|77.01|5
united-arab-emirates|abu-dhabi|2023-11-01|307.23|28.89|21|282.9|118.77|5
united-arab-emirates|ajman|2023-11-01|260.38|26.64|21|289.92|117.9|4
united-arab-emirates|dubai|2023-11-01|382.74|33.61|18|191.08|87.86|5
united-arab-emirates|fujairah|2023-11-01|287.18|28.32|20|273.33|117.8|5
united-arab-emirates|ras-al-khaimah|2023-11-01|232.98|24.61|21|295.5|118.71|6
united-arab-emirates|sharjah|2023-11-01|206.73|25.83|19|241.18|116.76|4
united-arab-emirates|umm-al-quwain|2023-11-01|0.0|0.0|0|290.2|117.72|7
united-arab-emirates|abu-dhabi|2023-11-01|324.05|30.2|20|287.0|118.81|5
united-arab-emirates|al-ain|2023-11-01|417.36|31.24|20|267.12|118.78|5
united-arab-emirates|al-samha|2023-11-01|0.0|0.0|0|205.43|98.87|7
united-arab-emirates|al-yahar|2023-11-01|0.0|0.0|0|271.98|144.19|5
united-arab-emirates|madinat-zayed|2023-11-01|0.0|0.0|0|240.42|104.21|7
united-arab-emirates|ruwais|2023-11-01|0.0|0.0|0|281.26|118.25|10
united-arab-emirates|ajman|2023-11-01|257.53|26.64|20|290.06|117.9|4
united-arab-emirates|al-awir|2023-11-01|0.0|0.0|0|304.82|169.86|5
united-arab-emirates|dubai|2023-11-01|386.62|33.85|18|189.07|87.45|5
united-arab-emirates|dibba-al-fujairah|2023-11-01|0.0|0.0|0|111.99|76.17|5
united-arab-emirates|fujairah|2023-11-01|0.0|0.0|0|240.43|116.04|4
united-arab-emirates|al-jazirah-al-hamra|2023-11-01|0.0|0.0|0|291.83|117.94|7
united-arab-emirates|al-riffa|2023-11-01|0.0|0.0|0|313.32|122.58|6
united-arab-emirates|ras-al-khaimah|2023-11-01|272.23|24.07|21|299.23|118.77|6
united-arab-emirates|al-dhaid|2023-11-01|0.0|0.0|0|127.54|56.74|7
united-arab-emirates|almadam|2023-11-01|0.0|0.0|0|203.47|64.61|7
united-arab-emirates|sharjah|2023-11-01|216.07|26.32|19|240.78|117.35|4
united-arab-emirates|al-salamah|2023-11-01|0.0|0.0|0|314.61|159.41|8
united-arab-emirates|umm-al-quwain|2023-11-01|0.0|0.0|0|160.66|93.19|5
united-kingdom|england|2023-11-01|50.52|7.13|33|93.17|25.82|12
united-kingdom|northern-ireland|2023-11-01|33.49|7.17|52|117.42|30.73|26
united-kingdom|scotland|2023-11-01|41.16|7.37|44|84.86|24.83|23
united-kingdom|wales|2023-11-01|42.52|6.19|35|70.62|19.3|16
united-states|alabama|2023-11-01|87.69|7.97|32|213.71|28.28|18
united-states|alaska|2023-11-01|41.41|7.01|56|127.74|21.99|11
united-states|arizona|2023-11-01|120.88|9.02|28|202.63|28.85|12
united-states|arkansas|2023-11-01|72.19|7.72|46|162.19|38.31|14
united-states|california|2023-11-01|113.52|10.69|27|229.95|22.92|13
united-states|colorado|2023-11-01|108.29|8.95|33|205.75|23.02|13
united-states|connecticut|2023-11-01|99.81|9.77|32|249.59|36.52|13
united-states|delaware|2023-11-01|107.62|9.78|29|239.77|37.89|13
united-states|district-of-columbia|2023-11-01|126.19|13.58|29|192.92|38.22|10
united-states|florida|2023-11-01|112.91|8.58|29|242.33|23.75|13
united-states|georgia|2023-11-01|98.36|8.59|30|193.27|28.28|13
united-states|hawaii|2023-11-01|75.6|14.0|24|230.75|22.62|12
united-states|idaho|2023-11-01|87.53|8.23|45|142.96|29.44|14
united-states|illinois|2023-11-01|148.1|11.1|26|192.33|23.03|14
united-states|indiana|2023-11-01|117.0|9.19|29|202.31|24.59|18
united-states|iowa|2023-11-01|81.84|9.97|38|167.93|51.29|22
united-states|kansas|2023-11-01|104.94|8.87|35|211.44|49.57|11
united-states|kentucky|2023-11-01|95.34|8.71|40|216.1|23.46|22
united-states|louisiana|2023-11-01|83.24|8.61|35|205.15|22.67|14
united-states|maine|2023-11-01|52.65|7.27|43|208.33|19.12|19
united-states|maryland|2023-11-01|106.48|10.18|30|229.68|47.78|12
united-states|massachusetts|2023-11-01|116.16|13.44|28|228.97|24.46|13
united-states|michigan|2023-11-01|125.03|8.71|30|204.23|22.01|16
united-states|minnesota|2023-11-01|134.52|9.57|28|183.21|23.14|13
united-states|mississippi|2023-11-01|47.55|5.12|43|183.83|51.9|14
united-states|missouri|2023-11-01|110.99|8.78|34|210.51|27.48|12
united-states|montana|2023-11-01|68.52|8.11|70|110.09|11.6|20
united-states|nebraska|2023-11-01|83.58|10.16|32|203.34|40.49|10
united-states|nevada|2023-11-01|135.0|11.94|25|233.74|36.03|11
united-states|new-hampshire|2023-11-01|63.33|7.8|36|238.01|35.35|16
united-states|new-jersey|2023-11-01|129.62|12.92|29|236.55|40.64|11
united-states|new-mexico|2023-11-01|56.74|8.85|50|131.2|16.27|15
united-states|new-york|2023-11-01|120.06|14.06|29|230.7|28.06|12
united-states|north-carolina|2023-11-01|85.5|7.76|34|235.44|22.79|16
united-states|north-dakota|2023-11-01|125.49|12.84|35|209.89|68.38|8
united-states|ohio|2023-11-01|118.08|9.43|35|221.36|21.04|19
united-states|oklahoma|2023-11-01|88.13|9.19|35|192.87|40.4|11
united-states|oregon|2023-11-01|94.76|7.72|28|196.89|22.95|12
united-states|pennsylvania|2023-11-01|113.43|10.46|31|209.64|23.93|15
united-states|rhode-island|2023-11-01|141.68|14.09|28|261.49|57.0|9
united-states|south-carolina|2023-11-01|105.27|8.53|33|230.42|23.04|19
united-states|south-dakota|2023-11-01|86.59|11.5|37|194.8|35.66|10
united-states|tennessee|2023-11-01|111.0|9.24|33|236.23|40.11|14
united-states|texas|2023-11-01|101.12|8.26|31|227.52|32.75|13
united-states|utah|2023-11-01|117.4|10.45|27|217.62|43.62|9
united-states|vermont|2023-11-01|50.14|5.66|45|142.7|23.35|17
united-states|virginia|2023-11-01|81.88|9.36|34|219.86|41.87|12
united-states|washington|2023-11-01|108.02|8.74|27|190.07|21.5|13
united-states|west-virginia|2023-11-01|67.18|8.75|47|176.01|22.09|14
united-states|wisconsin|2023-11-01|84.0|7.95|34|205.61|17.36|18
united-states|wyoming|2023-11-01|49.04|7.44|58|107.35|19.76|14
uruguay|canelones|2023-11-01|37.6|9.93|25|139.49|33.96|5
uruguay|colonia|2023-11-01|0.0|0.0|0|82.44|32.23|11
uruguay|florida|2023-11-01|0.0|0.0|0|95.84|31.94|7
uruguay|lavalleja|2023-11-01|0.0|0.0|0|90.61|32.57|8
uruguay|maldonado|2023-11-01|0.0|0.0|0|94.52|32.88|8
uruguay|montevideo-department|2023-11-01|69.87|16.27|19|151.39|33.67|4
uruguay|paysandu|2023-11-01|0.0|0.0|0|121.55|34.53|10
uruguay|san-jose|2023-11-01|0.0|0.0|0|127.15|32.0|6
uruguay|ciudad-de-la-costa|2023-11-01|0.0|0.0|0|137.48|33.17|4
uruguay|maldonado|2023-11-01|0.0|0.0|0|108.76|32.59|8
uruguay|punta-del-este|2023-11-01|0.0|0.0|0|78.58|35.33|8
uruguay|montevideo|2023-11-01|70.14|16.3|19|151.06|33.65|4
uzbekistan|andijan-region|2023-11-01|16.42|6.85|27|40.96|45.66|12
uzbekistan|bukhara-province|2023-11-01|21.31|11.59|28|44.83|44.77|18
uzbekistan|ferghana-province|2023-11-01|16.81|6.47|26|40.0|42.47|10
uzbekistan|jizzakh-province|2023-11-01|0.0|0.0|0|49.71|54.25|15
uzbekistan|kashkadarya-province|2023-11-01|18.42|10.75|29|44.28|40.49|17
uzbekistan|khorezm-province|2023-11-01|0.0|0.0|0|34.19|37.2|22
uzbekistan|namangan-province|2023-11-01|22.38|9.27|25|38.03|41.71|13
uzbekistan|navoiy-province|2023-11-01|0.0|0.0|0|41.95|36.76|18
uzbekistan|republic-of-karakalpakstan|2023-11-01|0.0|0.0|0|29.38|33.38|27
uzbekistan|samarkand-province|2023-11-01|25.2|13.8|26|46.38|46.49|16
uzbekistan|sirdarya-province|2023-11-01|0.0|0.0|0|54.66|68.26|16
uzbekistan|surxondaryo-region|2023-11-01|0.0|0.0|0|42.76|42.21|21
uzbekistan|tashkent-province|2023-11-01|24.81|11.15|20|68.5|71.39|7
uzbekistan|andijan|2023-11-01|0.0|0.0|0|42.99|49.26|11
uzbekistan|bukhara|2023-11-01|0.0|0.0|0|45.84|45.59|18
uzbekistan|fergana|2023-11-01|0.0|0.0|0|43.24|42.22|8
uzbekistan|kokand|2023-11-01|0.0|0.0|0|44.02|48.03|10
uzbekistan|navoi|2023-11-01|0.0|0.0|0|46.7|43.45|10
uzbekistan|samarkand|2023-11-01|27.53|13.87|25|46.66|47.13|16
venezuela|anzoategui|2023-11-01|12.81|6.0|39|40.62|36.5|16
venezuela|apure|2023-11-01|0.0|0.0|0|12.17|8.15|49
venezuela|aragua|2023-11-01|8.99|5.24|39|44.8|47.0|7
venezuela|barinas|2023-11-01|0.0|0.0|0|51.8|52.01|9
venezuela|bolivar|2023-11-01|7.49|5.17|48|25.31|22.81|24
venezuela|capital-district|2023-11-01|11.9|6.54|33|26.0|20.2|18
venezuela|carabobo|2023-11-01|9.06|4.64|34|38.88|38.94|9
venezuela|cojedes|2023-11-01|0.0|0.0|0|27.18|26.27|11
venezuela|falcon|2023-11-01|0.0|0.0|0|64.06|63.64|5
venezuela|guarico|2023-11-01|0.0|0.0|0|13.17|11.29|32
venezuela|lara|2023-11-01|8.39|4.0|41|50.92|51.32|7
venezuela|miranda|2023-11-01|6.81|4.4|31|29.21|29.75|8
venezuela|monagas|2023-11-01|0.0|0.0|0|34.26|32.34|7
venezuela|merida|2023-11-01|0.0|0.0|0|27.58|28.63|11
venezuela|nueva-esparta|2023-11-01|0.0|0.0|0|44.72|44.92|4
venezuela|portuguesa|2023-11-01|0.0|0.0|0|43.12|44.82|15
venezuela|sucre|2023-11-01|0.0|0.0|0|34.38|36.49|19
venezuela|trujillo|2023-11-01|0.0|0.0|0|15.09|15.25|24
venezuela|tachira|2023-11-01|13.32|6.15|64|21.28|14.21|8
venezuela|vargas|2023-11-01|0.0|0.0|0|53.69|53.13|4
venezuela|yaracuy|2023-11-01|0.0|0.0|0|32.79|35.05|12
venezuela|zulia|2023-11-01|17.42|7.23|46|78.86|86.8|4
venezuela|anaco|2023-11-01|0.0|0.0|0|50.72|51.82|6
venezuela|barcelona|2023-11-01|0.0|0.0|0|39.52|36.55|13
venezuela|el-tigre|2023-11-01|0.0|0.0|0|47.61|48.68|18
venezuela|lecheria|2023-11-01|0.0|0.0|0|47.79|30.08|19
venezuela|puerto-la-cruz|2023-11-01|0.0|0.0|0|40.1|28.93|9
venezuela|san-fernando-de-apure|2023-11-01|0.0|0.0|0|67.9|71.53|3
venezuela|cagua|2023-11-01|0.0|0.0|0|51.3|54.74|4
venezuela|maracay|2023-11-01|9.35|5.53|45|46.16|45.06|6
venezuela|palo-negro|2023-11-01|0.0|0.0|0|32.33|37.04|6
venezuela|turmero|2023-11-01|0.0|0.0|0|40.83|45.67|5
venezuela|barinas|2023-11-01|0.0|0.0|0|68.69|73.0|4
venezuela|ciudad-bolivar|2023-11-01|0.0|0.0|0|29.03|37.32|24
venezuela|guayana-city|2023-11-01|0.0|0.0|0|28.14|23.4|24
venezuela|caracas|2023-11-01|11.9|6.55|33|26.02|20.18|18
venezuela|el-limon|2023-11-01|0.0|0.0|0|58.72|60.08|5
venezuela|guacara|2023-11-01|0.0|0.0|0|47.22|47.65|6
venezuela|los-guayos|2023-11-01|0.0|0.0|0|35.42|33.76|8
venezuela|naguanagua|2023-11-01|0.0|0.0|0|40.22|39.61|7
venezuela|puerto-cabello|2023-11-01|0.0|0.0|0|29.75|32.47|6
venezuela|san-diego|2023-11-01|0.0|0.0|0|43.28|38.42|8
venezuela|san-joaquin|2023-11-01|0.0|0.0|0|36.14|34.56|8
venezuela|santa-rita|2023-11-01|0.0|0.0|0|35.56|40.73|4
venezuela|tocuyito|2023-11-01|0.0|0.0|0|43.13|42.39|8
venezuela|valencia|2023-11-01|10.12|4.64|33|31.92|28.59|9
venezuela|san-carlos|2023-11-01|0.0|0.0|0|23.27|24.29|13
venezuela|tinaquillo|2023-11-01|0.0|0.0|0|28.06|26.8|10
venezuela|coro|2023-11-01|0.0|0.0|0|76.94|75.48|6
venezuela|punta-cardon|2023-11-01|0.0|0.0|0|82.56|82.26|4
venezuela|punto-fijo|2023-11-01|0.0|0.0|0|48.08|47.91|4
venezuela|san-juan-de-los-morros|2023-11-01|0.0|0.0|0|18.29|27.4|16
venezuela|barquisimeto|2023-11-01|8.89|5.42|44|52.38|51.89|5
venezuela|cabudare|2023-11-01|0.0|0.0|0|61.98|61.84|4
venezuela|carora|2023-11-01|0.0|0.0|0|29.59|34.51|20
venezuela|carrizal-municipality|2023-11-01|0.0|0.0|0|69.79|62.55|4
venezuela|charallave|2023-11-01|0.0|0.0|0|39.7|41.47|6
venezuela|cua|2023-11-01|0.0|0.0|0|9.55|5.15|19
venezuela|guarenas|2023-11-01|0.0|0.0|0|50.01|50.7|5
venezuela|guatire|2023-11-01|0.0|0.0|0|38.57|36.29|5
venezuela|los-teques|2023-11-01|0.0|0.0|0|55.75|64.41|4
venezuela|san-antonio-de-los-altos|2023-11-01|0.0|0.0|0|44.8|42.5|6
venezuela|santa-lucia|2023-11-01|0.0|0.0|0|4.08|0.73|48
venezuela|santa-teresa-del-tuy|2023-11-01|0.0|0.0|0|6.23|8.95|44
venezuela|maturin|2023-11-01|0.0|0.0|0|37.58|36.26|5
venezuela|merida|2023-11-01|0.0|0.0|0|24.08|21.46|11
venezuela|la-asuncion|2023-11-01|0.0|0.0|0|41.08|42.6|3
venezuela|pampatar|2023-11-01|0.0|0.0|0|44.25|40.14|4
venezuela|porlamar|2023-11-01|0.0|0.0|0|52.0|49.31|4
venezuela|acarigua|2023-11-01|0.0|0.0|0|49.07|51.65|23
venezuela|araure|2023-11-01|0.0|0.0|0|62.38|61.22|4
venezuela|guanare|2023-11-01|0.0|0.0|0|34.44|32.83|18
venezuela|carupano|2023-11-01|0.0|0.0|0|5.32|0.74|84
venezuela|cumana|2023-11-01|0.0|0.0|0|41.72|45.82|18
venezuela|valera|2023-11-01|0.0|0.0|0|34.08|39.2|16
venezuela|san-cristobal|2023-11-01|0.0|0.0|0|23.73|14.5|6
venezuela|tariba|2023-11-01|0.0|0.0|0|23.41|16.08|7
venezuela|caraballeda|2023-11-01|0.0|0.0|0|73.8|75.51|4
venezuela|catia-la-mar|2023-11-01|0.0|0.0|0|74.45|79.47|4
venezuela|la-guaira|2023-11-01|0.0|0.0|0|63.96|72.08|3
venezuela|macuto|2023-11-01|0.0|0.0|0|58.73|52.24|4
venezuela|maiquetia|2023-11-01|0.0|0.0|0|57.08|60.62|4
venezuela|san-felipe|2023-11-01|0.0|0.0|0|43.62|47.22|13
venezuela|cabimas|2023-11-01|0.0|0.0|0|90.87|93.96|3
venezuela|ciudad-ojeda|2023-11-01|0.0|0.0|0|84.8|92.85|3
venezuela|los-puertos-de-altagracia|2023-11-01|0.0|0.0|0|64.2|76.98|4
venezuela|maracaibo|2023-11-01|19.59|8.03|47|82.55|89.95|4
vietnam|ba-ria-vung-tau|2023-11-01|62.88|27.97|21|91.26|90.41|6
vietnam|bac-giang|2023-11-01|45.53|13.96|28|86.62|87.76|6
vietnam|bac-lieu|2023-11-01|60.82|31.23|24|154.22|130.82|8
vietnam|bac-ninh|2023-11-01|47.3|15.1|26|110.55|96.71|5
vietnam|ben-tre|2023-11-01|53.14|23.93|27|94.19|93.36|6
vietnam|binh-dinh|2023-11-01|56.65|23.55|27|87.51|86.56|8
vietnam|binh-duong|2023-11-01|43.22|18.1|19|100.76|94.68|4
vietnam|binh-phuoc|2023-11-01|48.37|19.94|23|108.24|94.77|5
vietnam|binh-thuan|2023-11-01|48.72|21.6|27|86.24|85.65|10
vietnam|bac-kan|2023-11-01|0.0|0.0|0|86.4|79.65|6
vietnam|ca-mau|2023-11-01|57.53|23.51|26|124.84|118.32|9
vietnam|can-tho|2023-11-01|51.83|26.21|22|95.11|94.04|6
vietnam|cao-bang|2023-11-01|48.7|21.42|27|166.24|92.61|6
vietnam|da-nang|2023-11-01|59.92|27.55|22|104.79|100.97|0
vietnam|dak-nong|2023-11-01|49.12|20.11|31|78.19|81.49|14
vietnam|dien-bien|2023-11-01|0.0|0.0|0|85.36|82.52|9
vietnam|dong-nai|2023-11-01|50.07|20.36|22|97.84|94.58|5
vietnam|gia-lai|2023-11-01|51.42|21.57|26|87.86|84.95|9
vietnam|an-giang|2023-11-01|57.08|25.41|23|105.2|95.01|7
vietnam|ha-giang|2023-11-01|0.0|0.0|0|93.04|93.36|8
vietnam|ha-tinh|2023-11-01|54.44|23.43|28|69.3|69.89|9
vietnam|hai-duong|2023-11-01|40.4|15.57|24|87.6|88.02|5
vietnam|haiphong|2023-11-01|41.92|15.21|23|106.06|100.95|0
vietnam|hanoi|2023-11-01|40.75|15.23|24|93.91|93.49|3
vietnam|hau-giang|2023-11-01|0.0|0.0|0|136.62|124.77|7
vietnam|ho-chi-minh|2023-11-01|47.05|21.82|19|130.12|105.23|3
vietnam|hoa-binh|2023-11-01|47.76|16.43|24|138.73|94.01|7
vietnam|hung-yen|2023-11-01|38.2|11.48|24|92.76|93.13|4
vietnam|ha-nam|2023-11-01|56.32|23.86|22|93.86|93.88|5
vietnam|khanh-hoa|2023-11-01|54.11|24.05|28|90.62|91.8|10
vietnam|kien-giang|2023-11-01|58.38|22.93|26|84.27|83.83|9
vietnam|kon-tum|2023-11-01|0.0|0.0|0|83.83|87.31|8
vietnam|lai-chau|2023-11-01|0.0|0.0|0|85.12|79.49|8
vietnam|lang-son|2023-11-01|49.32|18.6|26|93.45|93.83|6
vietnam|lao-cai|2023-11-01|44.65|18.5|29|85.61|86.99|8
vietnam|long-an-province|2023-11-01|56.1|22.82|23|94.82|94.21|5
vietnam|lam-djong|2023-11-01|52.1|21.41|28|92.83|93.06|10
vietnam|nam-dinh|2023-11-01|45.36|18.28|24|81.99|83.2|6
vietnam|nghe-an|2023-11-01|51.65|23.5|25|79.0|77.76|8
vietnam|ninh-binh|2023-11-01|47.26|19.9|24|77.53|79.88|6
vietnam|ninh-thuan|2023-11-01|0.0|0.0|0|92.0|93.0|9
vietnam|phu-tho|2023-11-01|51.21|18.5|26|91.34|92.08|5
vietnam|phu-yen|2023-11-01|54.83|21.32|30|88.03|88.82|9
vietnam|quang-binh|2023-11-01|52.24|22.3|28|72.53|67.94|9
vietnam|quang-nam|2023-11-01|54.63|24.26|26|85.34|84.94|5
vietnam|quang-ngai|2023-11-01|53.16|25.15|27|87.82|88.78|7
vietnam|quang-ninh|2023-11-01|46.18|16.58|24|84.77|81.19|7
vietnam|quang-tri|2023-11-01|66.96|29.44|23|84.45|84.32|6
vietnam|soc-trang|2023-11-01|61.1|26.07|26|102.04|94.91|7
vietnam|son-la|2023-11-01|55.72|19.71|25|85.5|83.89|8
vietnam|thai-binh|2023-11-01|45.96|16.45|23|88.79|90.91|6
vietnam|thai-nguyen|2023-11-01|41.54|16.87|25|86.2|88.38|5
vietnam|thanh-hoa|2023-11-01|49.04|20.81|25|82.94|82.46|7
vietnam|thua-thien-hue|2023-11-01|42.76|20.38|26|89.47|87.62|5
vietnam|tien-giang|2023-11-01|53.89|22.3|24|91.14|92.53|5
vietnam|tra-vinh|2023-11-01|52.43|22.23|21|92.84|92.8|6
vietnam|tuyen-quang|2023-11-01|0.0|0.0|0|93.71|93.3|6
vietnam|tay-ninh|2023-11-01|53.07|23.26|23|98.47|94.1|6
vietnam|vinh-long|2023-11-01|48.61|25.17|26|108.26|96.09|5
vietnam|vinh-phuc|2023-11-01|39.07|13.27|27|90.56|78.49|6
vietnam|yen-bai|2023-11-01|0.0|0.0|0|81.83|81.82|7
vietnam|djak-lak|2023-11-01|54.29|20.91|32|87.77|90.58|12
vietnam|djong-thap-province|2023-11-01|54.68|24.67|26|96.45|94.32|7
vietnam|tp.-ba-ria|2023-11-01|0.0|0.0|0|92.33|92.53|5
vietnam|tp.-vung-tau|2023-11-01|66.82|27.99|21|92.24|92.33|6
vietnam|tp.-bac-giang|2023-11-01|0.0|0.0|0|78.07|75.9|6
vietnam|tp.-bac-lieu|2023-11-01|0.0|0.0|0|93.33|90.85|7
vietnam|tp.-bac-ninh|2023-11-01|48.72|16.48|23|89.34|91.61|5
vietnam|tx.-tu-son|2023-11-01|0.0|0.0|0|90.17|86.57|4
vietnam|tp.-ben-tre|2023-11-01|0.0|0.0|0|92.09|89.51|6
vietnam|tp.-quy-nhon|2023-11-01|53.72|24.75|27|90.52|87.49|8
vietnam|tx.-an-nhon|2023-11-01|0.0|0.0|0|89.84|91.25|8
vietnam|di-an|2023-11-01|24.79|13.48|19|92.45|92.37|4
vietnam|tp.-thu-dau-mot|2023-11-01|48.5|25.08|19|94.72|94.36|4
vietnam|tx.-ben-cat|2023-11-01|47.76|17.68|19|91.86|93.19|4
vietnam|tx.-thuan-an|2023-11-01|41.87|18.24|19|127.04|112.61|4
vietnam|tx.-tan-uyen|2023-11-01|47.05|21.01|19|94.9|94.65|4
vietnam|tx.-djong-xoai|2023-11-01|0.0|0.0|0|113.82|94.76|5
vietnam|phan-thiet|2023-11-01|0.0|0.0|0|81.15|78.67|9
vietnam|tp.-bac-kan|2023-11-01|0.0|0.0|0|82.09|74.55|6
vietnam|tp.-ca-mau|2023-11-01|0.0|0.0|0|88.89|91.07|8
vietnam|can-tho|2023-11-01|49.42|27.28|22|100.0|94.39|6
vietnam|tp.-cao-bang|2023-11-01|0.0|0.0|0|81.0|72.55|7
vietnam|da-nang|2023-11-01|58.33|29.0|23|104.8|100.97|0
vietnam|tx.-gia-nghia|2023-11-01|0.0|0.0|0|71.07|76.02|14
vietnam|tp.-djien-bien-phu|2023-11-01|0.0|0.0|0|65.1|68.15|9
vietnam|bien-hoa|2023-11-01|55.66|21.91|21|94.7|94.1|5
vietnam|long-khanh|2023-11-01|0.0|0.0|0|91.84|89.73|5
vietnam|tp.-pleiku|2023-11-01|0.0|0.0|0|86.75|79.01|9
vietnam|tp.-chau-djoc|2023-11-01|0.0|0.0|0|92.04|92.1|7
vietnam|tp.-long-xuyen|2023-11-01|0.0|0.0|0|94.79|93.74|6
vietnam|tp.-ha-giang|2023-11-01|0.0|0.0|0|87.59|89.92|8
vietnam|tp.-ha-tinh|2023-11-01|0.0|0.0|0|69.29|71.15|9
vietnam|tp.-hai-duong|2023-11-01|33.89|17.51|26|82.48|78.51|5
vietnam|tx.-chi-linh|2023-11-01|0.0|0.0|0|75.1|70.42|6
vietnam|hai-phong|2023-11-01|46.04|17.66|22|92.58|90.3|4
vietnam|hanoi|2023-11-01|41.14|16.17|25|105.39|100.89|2
vietnam|tx.-son-tay|2023-11-01|0.0|0.0|0|79.15|81.38|4
vietnam|tp.-vi-thanh|2023-11-01|0.0|0.0|0|84.9|81.54|6
vietnam|ho-chi-minh-city|2023-11-01|47.03|21.81|19|130.12|105.23|3
vietnam|tp.-hoa-binh|2023-11-01|0.0|0.0|0|69.29|68.03|5
vietnam|tp.-hung-yen|2023-11-01|0.0|0.0|0|75.08|72.92|6
vietnam|tp.-phu-ly|2023-11-01|0.0|0.0|0|72.12|68.16|5
vietnam|cam-ranh|2023-11-01|0.0|0.0|0|99.24|105.02|11
vietnam|natural-heritage-area-trang|2023-11-01|49.74|22.76|28|90.39|91.55|10
vietnam|ninh-hoa|2023-11-01|0.0|0.0|0|89.48|93.94|11
vietnam|phu-quoc|2023-11-01|63.64|21.89|28|60.02|57.34|11
vietnam|tp.-rach-gia|2023-11-01|0.0|0.0|0|87.06|85.56|7
vietnam|tp.-kon-tum|2023-11-01|0.0|0.0|0|82.02|86.64|8
vietnam|tp.-lang-son|2023-11-01|0.0|0.0|0|84.96|84.59|6
vietnam|tp.-lao-cai|2023-11-01|0.0|0.0|0|91.55|91.58|8
vietnam|tan-an|2023-11-01|0.0|0.0|0|94.01|89.67|5
vietnam|tp.-bao-loc|2023-11-01|0.0|0.0|0|104.74|94.45|11
vietnam|tp.-dja-lat|2023-11-01|51.77|20.75|27|90.9|90.89|10
vietnam|tp.-nam-djinh|2023-11-01|0.0|0.0|0|73.25|67.74|6
vietnam|tp.-vinh|2023-11-01|49.7|24.89|22|72.3|71.28|8
vietnam|tp.-ninh-binh|2023-11-01|0.0|0.0|0|73.28|75.35|6
vietnam|tp.-phan-rang-thap-cham|2023-11-01|0.0|0.0|0|93.27|93.35|9
vietnam|tp.-viet-tri|2023-11-01|0.0|0.0|0|67.77|64.04|6
vietnam|tx.-phu-tho|2023-11-01|0.0|0.0|0|87.74|90.62|6
vietnam|tp.-tuy-hoa|2023-11-01|0.0|0.0|0|90.87|91.71|9
vietnam|tp.-djong-hoi|2023-11-01|0.0|0.0|0|71.62|68.05|8
vietnam|tp.-hoi-an|2023-11-01|0.0|0.0|0|70.02|60.32|5
vietnam|tp.-tam-ky|2023-11-01|0.0|0.0|0|79.39|75.14|6
vietnam|tp.-quang-ngai|2023-11-01|0.0|0.0|0|88.38|88.98|6
vietnam|tp.-cam-pha|2023-11-01|0.0|0.0|0|75.79|73.36|7
vietnam|tp.-ha-long|2023-11-01|48.47|18.7|23|78.52|73.14|7
vietnam|tp.-mong-cai|2023-11-01|0.0|0.0|0|88.6|82.86|9
vietnam|tp.-uong-bi|2023-11-01|0.0|0.0|0|72.74|71.19|7
vietnam|tx.-quang-yen|2023-11-01|0.0|0.0|0|85.89|77.56|7
vietnam|tp.-djong-ha|2023-11-01|0.0|0.0|0|89.0|90.61|6
vietnam|tp.-soc-trang|2023-11-01|0.0|0.0|0|105.92|100.86|7
vietnam|tp.-son-la|2023-11-01|0.0|0.0|0|78.0|70.26|8
vietnam|tp.-thai-binh|2023-11-01|0.0|0.0|0|76.84|75.43|6
vietnam|tp.-song-cong|2023-11-01|0.0|0.0|0|89.5|92.82|5
vietnam|tp.-thai-nguyen|2023-11-01|38.56|17.21|26|88.6|91.28|5
vietnam|tp.-thanh-hoa|2023-11-01|44.27|25.06|25|81.97|81.65|7
vietnam|tp.-hue|2023-11-01|39.74|19.87|27|89.73|88.58|5
vietnam|tx.-huong-thuy|2023-11-01|0.0|0.0|0|91.8|92.55|5
vietnam|tx.-huong-tra|2023-11-01|0.0|0.0|0|82.53|81.12|5
vietnam|tp.-my-tho|2023-11-01|0.0|0.0|0|92.38|93.06|4
vietnam|tp.-tra-vinh|2023-11-01|0.0|0.0|0|91.12|87.42|6
vietnam|tp.-tuyen-quang|2023-11-01|0.0|0.0|0|89.14|87.76|6
vietnam|tay-ninh|2023-11-01|0.0|0.0|0|112.99|98.6|6
vietnam|tp.-vinh-long|2023-11-01|0.0|0.0|0|158.34|146.28|5
vietnam|tp.-vinh-yen|2023-11-01|0.0|0.0|0|117.73|93.0|5
vietnam|tx.-phuc-yen|2023-11-01|0.0|0.0|0|68.76|67.6|5
vietnam|tp.-yen-bai|2023-11-01|0.0|0.0|0|81.79|74.28|6
vietnam|buon-ma-thuot|2023-11-01|56.98|23.26|34|90.04|91.93|12
vietnam|tx.-buon-ho|2023-11-01|0.0|0.0|0|88.5|92.9|11
vietnam|tp.-cao-lanh|2023-11-01|0.0|0.0|0|91.34|91.99|6
vietnam|tp.-sa-djec|2023-11-01|0.0|0.0|0|101.25|93.68|6
western-sahara|laayoune-boujdour-sakia-el-hamra|2023-11-01|0.0|0.0|0|19.79|17.58|33
western-sahara|oued-ed-dahab-lagouira|2023-11-01|0.0|0.0|0|20.27|10.94|42
western-sahara|el-aaiun|2023-11-01|0.0|0.0|0|21.06|18.9|32
western-sahara|dakhla|2023-11-01|0.0|0.0|0|20.27|10.94|42
yemen|aden|2023-11-01|0.0|0.0|0|4.06|0.84|60
yemen|amanat-al-asimah|2023-11-01|6.43|6.5|29|5.6|1.1|37
yemen|dhamar|2023-11-01|0.0|0.0|0|5.47|0.79|41
yemen|hadramaut|2023-11-01|2.31|4.81|48|5.54|0.94|133
yemen|ibb|2023-11-01|3.51|3.87|23|4.25|0.79|47
yemen|lahij|2023-11-01|0.0|0.0|0|7.46|2.29|40
yemen|sana'a|2023-11-01|0.0|0.0|0|6.53|1.65|37
yemen|ta'izz|2023-11-01|0.0|0.0|0|4.03|0.72|50
yemen|aden|2023-11-01|0.0|0.0|0|3.78|0.77|62
yemen|shaykh-uthman|2023-11-01|0.0|0.0|0|5.25|1.87|51
yemen|sana'a|2023-11-01|6.43|6.5|29|5.6|1.1|37
yemen|dhamar|2023-11-01|0.0|0.0|0|3.96|0.7|51
yemen|ibb|2023-11-01|0.0|0.0|0|4.21|0.82|48
yemen|taizz|2023-11-01|0.0|0.0|0|3.95|0.71|47
zambia|lusaka|2023-11-01|26.65|8.77|21|27.18|6.75|194
zambia|lusaka|2023-11-01|25.72|8.82|21|27.05|6.79|194
zimbabwe|harare|2023-11-01|44.72|16.89|19|14.56|14.29|10
zimbabwe|mashonaland-east|2023-11-01|0.0|0.0|0|18.39|14.06|10
zimbabwe|mashonaland-west|2023-11-01|0.0|0.0|0|29.23|26.06|6
zimbabwe|harare|2023-11-01|44.72|17.26|18|14.52|14.24|10
