united-states|alabama-alabaster|2023-07-01|0.0|0.0|0|254.29|21.73|15
united-states|alabama-alabaster|2023-06-01|0.0|0.0|0|275.84|21.73|16
united-states|alabama-alabaster|2023-05-01|0.0|0.0|0|247.9|21.58|15
united-states|alabama-alabaster|2023-04-01|0.0|0.0|0|239.9|22.4|15
united-states|alabama-alabaster|2023-03-01|0.0|0.0|0|239.37|22.14|16
united-states|alabama-alabaster|2023-02-01|0.0|0.0|0|236.5|21.82|16
united-states|alabama-alabaster|2023-01-01|0.0|0.0|0|271.79|21.92|16
united-states|alabama-alabaster|2022-12-01|0.0|0.0|0|253.81|21.01|17
united-states|alabama-alabaster|2022-11-01|0.0|0.0|0|230.62|20.62|17
united-states|alabama-alabaster|2022-10-01|0.0|0.0|0|269.05|20.88|16
united-states|alabama-alabaster|2022-09-01|0.0|0.0|0|238.84|20.98|16
united-states|alabama-alabaster|2022-08-01|0.0|0.0|0|242.86|20.58|16
united-states|alabama-alabaster|2022-07-01|0.0|0.0|0|215.61|20.5|16
united-states|alabama-albertville|2023-07-01|0.0|0.0|0|255.81|21.15|22
united-states|alabama-albertville|2023-06-01|0.0|0.0|0|245.8|21.17|23
united-states|alabama-albertville|2023-05-01|0.0|0.0|0|272.33|21.66|22
united-states|alabama-albertville|2023-04-01|0.0|0.0|0|241.66|21.47|23
united-states|alabama-albertville|2023-03-01|0.0|0.0|0|196.19|21.8|22
united-states|alabama-albertville|2023-02-01|0.0|0.0|0|178.82|20.43|24
united-states|alabama-albertville|2023-01-01|0.0|0.0|0|179.49|20.36|23
united-states|alabama-albertville|2022-12-01|0.0|0.0|0|205.44|12.42|23
united-states|alabama-albertville|2022-11-01|0.0|0.0|0|216.17|11.56|23
united-states|alabama-albertville|2022-10-01|0.0|0.0|0|207.45|14.32|23
united-states|alabama-albertville|2022-09-01|0.0|0.0|0|192.09|17.8|23
united-states|alabama-albertville|2022-08-01|0.0|0.0|0|196.68|11.46|23
united-states|alabama-albertville|2022-07-01|0.0|0.0|0|176.0|18.07|23
united-states|alabama-andalusia|2023-07-01|0.0|0.0|0|196.99|47.29|28
united-states|alabama-andalusia|2023-06-01|0.0|0.0|0|200.28|50.27|27
united-states|alabama-andalusia|2023-05-01|0.0|0.0|0|157.26|38.21|27
united-states|alabama-andalusia|2023-04-01|0.0|0.0|0|188.14|36.32|27
united-states|alabama-andalusia|2023-03-01|0.0|0.0|0|156.48|29.92|28
united-states|alabama-andalusia|2023-02-01|0.0|0.0|0|158.41|36.28|27
united-states|alabama-andalusia|2023-01-01|0.0|0.0|0|210.2|39.89|27
united-states|alabama-andalusia|2022-12-01|0.0|0.0|0|186.13|38.55|27
united-states|alabama-andalusia|2022-11-01|0.0|0.0|0|151.24|35.58|28
united-states|alabama-andalusia|2022-10-01|0.0|0.0|0|141.54|30.9|29
united-states|alabama-andalusia|2022-09-01|0.0|0.0|0|129.63|27.78|28
united-states|alabama-andalusia|2022-08-01|0.0|0.0|0|93.75|28.66|28
united-states|alabama-andalusia|2022-07-01|0.0|0.0|0|104.38|24.34|29
united-states|alabama-anniston|2023-07-01|0.0|0.0|0|169.99|29.85|10
united-states|alabama-anniston|2023-06-01|0.0|0.0|0|189.74|30.81|10
united-states|alabama-anniston|2023-05-01|0.0|0.0|0|178.99|30.73|10
united-states|alabama-anniston|2023-04-01|0.0|0.0|0|172.55|31.53|10
united-states|alabama-anniston|2023-03-01|0.0|0.0|0|162.66|30.97|10
united-states|alabama-anniston|2023-02-01|0.0|0.0|0|172.38|28.06|10
united-states|alabama-anniston|2023-01-01|0.0|0.0|0|169.86|29.24|10
united-states|alabama-anniston|2022-12-01|0.0|0.0|0|182.76|26.2|10
united-states|alabama-anniston|2022-11-01|0.0|0.0|0|180.09|28.12|10
united-states|alabama-anniston|2022-10-01|0.0|0.0|0|173.85|21.05|10
united-states|alabama-anniston|2022-09-01|0.0|0.0|0|143.8|21.08|11
united-states|alabama-anniston|2022-08-01|0.0|0.0|0|142.63|21.06|10
united-states|alabama-anniston|2022-07-01|0.0|0.0|0|163.98|20.83|10
united-states|alabama-athens|2023-07-01|0.0|0.0|0|251.27|21.41|22
united-states|alabama-athens|2023-06-01|0.0|0.0|0|251.09|22.08|22
united-states|alabama-athens|2023-05-01|0.0|0.0|0|231.94|21.71|22
united-states|alabama-athens|2023-04-01|0.0|0.0|0|237.97|22.23|22
united-states|alabama-athens|2023-03-01|0.0|0.0|0|196.78|22.03|22
united-states|alabama-athens|2023-02-01|0.0|0.0|0|202.23|21.08|23
united-states|alabama-athens|2023-01-01|0.0|0.0|0|205.56|21.45|22
united-states|alabama-athens|2022-12-01|0.0|0.0|0|228.36|21.91|22
united-states|alabama-athens|2022-11-01|0.0|0.0|0|219.18|20.92|22
united-states|alabama-athens|2022-10-01|0.0|0.0|0|202.44|21.39|22
united-states|alabama-athens|2022-09-01|0.0|0.0|0|200.81|21.06|22
united-states|alabama-athens|2022-08-01|0.0|0.0|0|211.81|20.46|22
united-states|alabama-athens|2022-07-01|0.0|0.0|0|204.31|20.57|22
united-states|alabama-auburn|2023-07-01|0.0|0.0|0|219.66|22.04|16
united-states|alabama-auburn|2023-06-01|0.0|0.0|0|206.32|22.48|16
united-states|alabama-auburn|2023-05-01|0.0|0.0|0|207.24|21.22|16
united-states|alabama-auburn|2023-04-01|0.0|0.0|0|204.61|21.71|16
united-states|alabama-auburn|2023-03-01|0.0|0.0|0|192.82|22.16|16
united-states|alabama-auburn|2023-02-01|0.0|0.0|0|201.02|21.82|16
united-states|alabama-auburn|2023-01-01|0.0|0.0|0|218.97|21.23|16
united-states|alabama-auburn|2022-12-01|0.0|0.0|0|215.77|21.18|17
united-states|alabama-auburn|2022-11-01|0.0|0.0|0|198.42|20.51|17
united-states|alabama-auburn|2022-10-01|0.0|0.0|0|197.03|20.78|16
united-states|alabama-auburn|2022-09-01|0.0|0.0|0|199.25|20.84|16
united-states|alabama-auburn|2022-08-01|0.0|0.0|0|189.78|22.39|17
united-states|alabama-auburn|2022-07-01|0.0|0.0|0|206.92|21.05|16
united-states|alabama-bessemer|2023-07-01|0.0|0.0|0|200.84|20.47|16
united-states|alabama-bessemer|2023-06-01|0.0|0.0|0|226.1|18.86|16
united-states|alabama-bessemer|2023-05-01|0.0|0.0|0|146.15|20.17|15
united-states|alabama-bessemer|2023-04-01|0.0|0.0|0|224.51|18.52|15
united-states|alabama-bessemer|2023-03-01|0.0|0.0|0|177.78|11.82|16
united-states|alabama-bessemer|2023-02-01|0.0|0.0|0|175.58|16.47|16
united-states|alabama-bessemer|2023-01-01|0.0|0.0|0|248.64|22.07|16
united-states|alabama-bessemer|2022-12-01|0.0|0.0|0|172.4|12.97|17
united-states|alabama-bessemer|2022-11-01|0.0|0.0|0|209.02|17.83|18
united-states|alabama-bessemer|2022-10-01|0.0|0.0|0|169.53|17.61|17
united-states|alabama-bessemer|2022-09-01|0.0|0.0|0|207.86|16.35|17
united-states|alabama-bessemer|2022-08-01|0.0|0.0|0|200.38|12.18|17
united-states|alabama-bessemer|2022-07-01|0.0|0.0|0|182.22|11.85|18
united-states|alabama-birmingham|2023-07-01|112.6|9.84|28|184.52|19.04|16
united-states|alabama-birmingham|2023-06-01|84.52|8.42|29|194.75|17.22|16
united-states|alabama-birmingham|2023-05-01|97.57|9.11|29|191.78|17.71|16
united-states|alabama-birmingham|2023-04-01|105.36|10.78|25|181.79|17.52|16
united-states|alabama-birmingham|2023-03-01|102.4|12.62|26|140.61|16.87|16
united-states|alabama-birmingham|2023-02-01|97.48|11.72|26|160.62|18.56|16
united-states|alabama-birmingham|2023-01-01|111.09|13.42|24|189.63|20.21|16
united-states|alabama-birmingham|2022-12-01|110.51|12.54|24|180.81|18.35|16
united-states|alabama-birmingham|2022-11-01|88.88|12.09|25|179.21|18.16|17
united-states|alabama-birmingham|2022-10-01|125.75|13.87|23|188.72|17.57|17
united-states|alabama-birmingham|2022-09-01|124.84|13.75|23|167.16|16.12|17
united-states|alabama-birmingham|2022-08-01|121.46|13.42|23|164.88|16.1|17
united-states|alabama-birmingham|2022-07-01|99.37|14.6|25|161.52|17.55|17
united-states|alabama-center-point|2023-07-01|0.0|0.0|0|247.56|18.89|23
united-states|alabama-center-point|2023-06-01|0.0|0.0|0|218.4|21.19|23
united-states|alabama-center-point|2023-05-01|0.0|0.0|0|287.23|22.07|22
united-states|alabama-center-point|2023-04-01|0.0|0.0|0|263.43|21.8|23
united-states|alabama-center-point|2023-03-01|0.0|0.0|0|233.4|21.12|23
united-states|alabama-center-point|2023-02-01|0.0|0.0|0|235.55|21.15|23
united-states|alabama-center-point|2023-01-01|0.0|0.0|0|251.38|20.9|22
united-states|alabama-center-point|2022-12-01|0.0|0.0|0|192.74|20.42|22
united-states|alabama-center-point|2022-11-01|0.0|0.0|0|185.67|17.14|24
united-states|alabama-center-point|2022-10-01|0.0|0.0|0|160.72|11.69|25
united-states|alabama-center-point|2022-09-01|0.0|0.0|0|186.64|18.58|25
united-states|alabama-center-point|2022-08-01|0.0|0.0|0|178.79|12.88|24
united-states|alabama-center-point|2022-07-01|0.0|0.0|0|209.78|19.26|25
united-states|alabama-chelsea|2023-07-01|0.0|0.0|0|253.95|26.35|17
united-states|alabama-chelsea|2023-06-01|0.0|0.0|0|296.47|103.88|15
united-states|alabama-chelsea|2023-05-01|0.0|0.0|0|304.47|34.99|15
united-states|alabama-chelsea|2023-04-01|0.0|0.0|0|280.65|63.28|14
united-states|alabama-chelsea|2023-03-01|0.0|0.0|0|257.21|35.48|16
united-states|alabama-chelsea|2023-02-01|0.0|0.0|0|228.85|35.42|18
united-states|alabama-chelsea|2023-01-01|0.0|0.0|0|241.01|37.52|19
united-states|alabama-chelsea|2022-12-01|0.0|0.0|0|203.82|22.03|19
united-states|alabama-chelsea|2022-11-01|0.0|0.0|0|230.0|22.27|20
united-states|alabama-chelsea|2022-10-01|0.0|0.0|0|252.76|55.29|16
united-states|alabama-chelsea|2022-09-01|0.0|0.0|0|229.65|35.08|17
united-states|alabama-chelsea|2022-08-01|0.0|0.0|0|233.51|51.09|16
united-states|alabama-chelsea|2022-07-01|0.0|0.0|0|258.52|23.64|17
united-states|alabama-cullman|2023-07-01|0.0|0.0|0|237.02|19.85|12
united-states|alabama-cullman|2023-06-01|0.0|0.0|0|247.47|19.01|11
united-states|alabama-cullman|2023-05-01|0.0|0.0|0|214.45|20.78|11
united-states|alabama-cullman|2023-04-01|0.0|0.0|0|196.04|18.79|12
united-states|alabama-cullman|2023-03-01|0.0|0.0|0|190.62|21.08|12
united-states|alabama-cullman|2023-02-01|0.0|0.0|0|187.21|19.74|12
united-states|alabama-cullman|2023-01-01|0.0|0.0|0|226.07|20.1|13
united-states|alabama-cullman|2022-12-01|0.0|0.0|0|189.67|17.58|13
united-states|alabama-cullman|2022-11-01|0.0|0.0|0|235.04|18.91|18
united-states|alabama-cullman|2022-10-01|0.0|0.0|0|208.07|17.25|24
united-states|alabama-cullman|2022-09-01|0.0|0.0|0|191.21|16.26|23
united-states|alabama-cullman|2022-08-01|0.0|0.0|0|208.83|12.5|23
united-states|alabama-cullman|2022-07-01|0.0|0.0|0|194.36|19.32|22
united-states|alabama-daphne|2023-07-01|0.0|0.0|0|257.38|60.63|21
united-states|alabama-daphne|2023-06-01|0.0|0.0|0|266.62|60.95|23
united-states|alabama-daphne|2023-05-01|0.0|0.0|0|241.25|51.68|24
united-states|alabama-daphne|2023-04-01|0.0|0.0|0|222.63|39.09|26
united-states|alabama-daphne|2023-03-01|0.0|0.0|0|194.48|39.39|23
united-states|alabama-daphne|2023-02-01|0.0|0.0|0|183.79|38.43|24
united-states|alabama-daphne|2023-01-01|0.0|0.0|0|193.15|39.05|24
united-states|alabama-daphne|2022-12-01|0.0|0.0|0|194.63|33.21|24
united-states|alabama-daphne|2022-11-01|0.0|0.0|0|214.39|39.26|24
united-states|alabama-daphne|2022-10-01|0.0|0.0|0|188.75|36.38|23
united-states|alabama-daphne|2022-09-01|0.0|0.0|0|168.93|36.9|24
united-states|alabama-daphne|2022-08-01|0.0|0.0|0|199.37|37.9|25
united-states|alabama-daphne|2022-07-01|0.0|0.0|0|158.26|37.9|24
united-states|alabama-decatur|2023-07-01|0.0|0.0|0|246.92|20.34|21
united-states|alabama-decatur|2023-06-01|0.0|0.0|0|251.12|20.67|21
united-states|alabama-decatur|2023-05-01|0.0|0.0|0|231.08|20.68|21
united-states|alabama-decatur|2023-04-01|0.0|0.0|0|204.66|18.34|22
united-states|alabama-decatur|2023-03-01|0.0|0.0|0|224.9|20.29|22
united-states|alabama-decatur|2023-02-01|0.0|0.0|0|212.02|20.47|22
united-states|alabama-decatur|2023-01-01|0.0|0.0|0|204.47|19.8|22
united-states|alabama-decatur|2022-12-01|0.0|0.0|0|211.98|18.14|22
united-states|alabama-decatur|2022-11-01|0.0|0.0|0|191.76|18.77|22
united-states|alabama-decatur|2022-10-01|0.0|0.0|0|179.47|18.89|22
united-states|alabama-decatur|2022-09-01|0.0|0.0|0|177.17|17.62|22
united-states|alabama-decatur|2022-08-01|0.0|0.0|0|172.36|14.53|22
united-states|alabama-decatur|2022-07-01|0.0|0.0|0|188.56|19.21|22
united-states|alabama-dothan|2023-07-01|0.0|0.0|0|213.6|21.02|23
united-states|alabama-dothan|2023-06-01|0.0|0.0|0|162.66|21.75|25
united-states|alabama-dothan|2023-05-01|0.0|0.0|0|201.29|20.53|23
united-states|alabama-dothan|2023-04-01|0.0|0.0|0|194.89|20.94|23
united-states|alabama-dothan|2023-03-01|0.0|0.0|0|188.6|18.42|23
united-states|alabama-dothan|2023-02-01|0.0|0.0|0|203.22|20.06|23
united-states|alabama-dothan|2023-01-01|0.0|0.0|0|198.31|18.44|23
united-states|alabama-dothan|2022-12-01|0.0|0.0|0|201.08|12.66|24
united-states|alabama-dothan|2022-11-01|0.0|0.0|0|185.85|13.32|25
united-states|alabama-dothan|2022-10-01|0.0|0.0|0|166.1|13.91|25
united-states|alabama-dothan|2022-09-01|0.0|0.0|0|161.56|12.01|25
united-states|alabama-dothan|2022-08-01|0.0|0.0|0|156.09|13.73|25
united-states|alabama-dothan|2022-07-01|0.0|0.0|0|150.7|12.05|25
united-states|alabama-enterprise|2023-07-01|0.0|0.0|0|273.24|20.67|19
united-states|alabama-enterprise|2023-06-01|0.0|0.0|0|253.44|19.58|19
united-states|alabama-enterprise|2023-05-01|0.0|0.0|0|253.82|16.1|19
united-states|alabama-enterprise|2023-04-01|0.0|0.0|0|257.22|21.12|20
united-states|alabama-enterprise|2023-03-01|0.0|0.0|0|233.2|17.5|19
united-states|alabama-enterprise|2023-02-01|0.0|0.0|0|251.33|21.32|19
united-states|alabama-enterprise|2023-01-01|0.0|0.0|0|227.28|18.07|20
united-states|alabama-enterprise|2022-12-01|0.0|0.0|0|223.21|16.6|21
united-states|alabama-enterprise|2022-11-01|0.0|0.0|0|225.01|11.76|24
united-states|alabama-enterprise|2022-10-01|0.0|0.0|0|188.43|11.67|25
united-states|alabama-enterprise|2022-09-01|0.0|0.0|0|211.58|11.68|24
united-states|alabama-enterprise|2022-08-01|0.0|0.0|0|188.81|11.72|24
united-states|alabama-enterprise|2022-07-01|0.0|0.0|0|194.91|11.7|24
united-states|alabama-fairhope|2023-07-01|0.0|0.0|0|228.99|61.84|22
united-states|alabama-fairhope|2023-06-01|0.0|0.0|0|237.92|61.27|23
united-states|alabama-fairhope|2023-05-01|0.0|0.0|0|206.12|60.82|24
united-states|alabama-fairhope|2023-04-01|0.0|0.0|0|188.37|54.98|23
united-states|alabama-fairhope|2023-03-01|0.0|0.0|0|127.76|47.0|24
united-states|alabama-fairhope|2023-02-01|0.0|0.0|0|238.46|56.6|24
united-states|alabama-fairhope|2023-01-01|0.0|0.0|0|249.58|63.52|22
united-states|alabama-fairhope|2022-12-01|0.0|0.0|0|223.71|52.95|23
united-states|alabama-fairhope|2022-11-01|0.0|0.0|0|239.18|61.26|22
united-states|alabama-fairhope|2022-10-01|0.0|0.0|0|203.41|38.62|23
united-states|alabama-fairhope|2022-09-01|0.0|0.0|0|158.96|33.28|24
united-states|alabama-fairhope|2022-08-01|0.0|0.0|0|174.6|40.94|25
united-states|alabama-fairhope|2022-07-01|0.0|0.0|0|155.6|39.03|23
united-states|alabama-florence|2023-07-01|0.0|0.0|0|206.85|23.36|26
united-states|alabama-florence|2023-06-01|0.0|0.0|0|215.8|22.63|27
united-states|alabama-florence|2023-05-01|0.0|0.0|0|239.48|23.1|27
united-states|alabama-florence|2023-04-01|0.0|0.0|0|210.22|22.18|27
united-states|alabama-florence|2023-03-01|0.0|0.0|0|171.23|15.56|27
united-states|alabama-florence|2023-02-01|0.0|0.0|0|192.33|18.4|28
united-states|alabama-florence|2023-01-01|0.0|0.0|0|189.42|21.69|29
united-states|alabama-florence|2022-12-01|0.0|0.0|0|184.52|17.2|31
united-states|alabama-florence|2022-11-01|0.0|0.0|0|190.22|19.32|28
united-states|alabama-florence|2022-10-01|0.0|0.0|0|194.26|19.9|28
united-states|alabama-florence|2022-09-01|0.0|0.0|0|157.27|19.77|28
united-states|alabama-florence|2022-08-01|0.0|0.0|0|131.42|18.37|27
united-states|alabama-florence|2022-07-01|0.0|0.0|0|152.76|17.12|28
united-states|alabama-foley|2023-07-01|0.0|0.0|0|111.59|26.04|14
united-states|alabama-foley|2023-06-01|0.0|0.0|0|131.62|26.2|13
united-states|alabama-foley|2023-05-01|0.0|0.0|0|110.91|26.16|12
united-states|alabama-foley|2023-04-01|0.0|0.0|0|92.32|25.56|12
united-states|alabama-foley|2023-03-01|0.0|0.0|0|90.48|24.97|15
united-states|alabama-foley|2023-02-01|0.0|0.0|0|85.38|24.87|12
united-states|alabama-foley|2023-01-01|0.0|0.0|0|98.2|25.82|12
united-states|alabama-foley|2022-12-01|0.0|0.0|0|94.58|25.3|13
united-states|alabama-foley|2022-11-01|0.0|0.0|0|64.3|9.71|15
united-states|alabama-foley|2022-10-01|0.0|0.0|0|69.34|9.72|16
united-states|alabama-foley|2022-09-01|0.0|0.0|0|62.54|9.62|15
united-states|alabama-foley|2022-08-01|0.0|0.0|0|48.29|9.4|21
united-states|alabama-foley|2022-07-01|0.0|0.0|0|50.52|9.41|24
united-states|alabama-fort-payne|2023-07-01|0.0|0.0|0|171.52|19.12|30
united-states|alabama-fort-payne|2023-06-01|0.0|0.0|0|228.01|22.49|28
united-states|alabama-fort-payne|2023-05-01|0.0|0.0|0|160.04|21.74|28
united-states|alabama-fort-payne|2023-04-01|0.0|0.0|0|244.96|20.44|28
united-states|alabama-fort-payne|2023-03-01|0.0|0.0|0|150.74|22.65|26
united-states|alabama-fort-payne|2023-02-01|0.0|0.0|0|230.45|22.91|25
united-states|alabama-fort-payne|2023-01-01|0.0|0.0|0|130.1|21.89|28
united-states|alabama-fort-payne|2022-12-01|0.0|0.0|0|180.87|20.34|28
united-states|alabama-fort-payne|2022-11-01|0.0|0.0|0|186.85|19.32|28
united-states|alabama-fort-payne|2022-10-01|0.0|0.0|0|156.56|18.87|28
united-states|alabama-fort-payne|2022-09-01|0.0|0.0|0|150.14|21.98|28
united-states|alabama-fort-payne|2022-08-01|0.0|0.0|0|136.99|21.9|27
united-states|alabama-fort-payne|2022-07-01|0.0|0.0|0|123.09|18.26|28
united-states|alabama-gadsden|2023-07-01|0.0|0.0|0|238.77|23.8|25
united-states|alabama-gadsden|2023-06-01|0.0|0.0|0|229.01|23.85|25
united-states|alabama-gadsden|2023-05-01|0.0|0.0|0|220.7|23.87|26
united-states|alabama-gadsden|2023-04-01|0.0|0.0|0|214.83|24.04|26
united-states|alabama-gadsden|2023-03-01|0.0|0.0|0|236.5|23.51|26
united-states|alabama-gadsden|2023-02-01|0.0|0.0|0|212.17|23.7|26
united-states|alabama-gadsden|2023-01-01|0.0|0.0|0|261.64|23.83|26
united-states|alabama-gadsden|2022-12-01|0.0|0.0|0|213.17|23.43|26
united-states|alabama-gadsden|2022-11-01|0.0|0.0|0|236.23|23.52|27
united-states|alabama-gadsden|2022-10-01|0.0|0.0|0|231.17|23.3|27
united-states|alabama-gadsden|2022-09-01|0.0|0.0|0|196.75|23.68|27
united-states|alabama-gadsden|2022-08-01|0.0|0.0|0|248.92|23.77|28
united-states|alabama-gadsden|2022-07-01|0.0|0.0|0|187.02|23.02|28
united-states|alabama-gardendale|2023-07-01|0.0|0.0|0|219.4|20.19|24
united-states|alabama-gardendale|2023-06-01|0.0|0.0|0|249.5|20.64|23
united-states|alabama-gardendale|2023-05-01|0.0|0.0|0|195.14|18.18|24
united-states|alabama-gardendale|2023-04-01|0.0|0.0|0|239.76|20.32|24
united-states|alabama-gardendale|2023-03-01|0.0|0.0|0|271.57|20.28|24
united-states|alabama-gardendale|2023-02-01|0.0|0.0|0|252.33|19.9|24
united-states|alabama-gardendale|2023-01-01|0.0|0.0|0|250.78|19.99|24
united-states|alabama-gardendale|2022-12-01|0.0|0.0|0|239.57|15.14|24
united-states|alabama-gardendale|2022-11-01|0.0|0.0|0|240.18|18.91|24
united-states|alabama-gardendale|2022-10-01|0.0|0.0|0|244.69|19.43|26
united-states|alabama-gardendale|2022-09-01|0.0|0.0|0|224.7|17.0|26
united-states|alabama-gardendale|2022-08-01|0.0|0.0|0|205.37|12.2|26
united-states|alabama-gardendale|2022-07-01|0.0|0.0|0|242.93|17.42|26
united-states|alabama-gulf-shores|2023-07-01|0.0|0.0|0|147.56|39.34|20
united-states|alabama-gulf-shores|2023-06-01|0.0|0.0|0|148.14|42.35|21
united-states|alabama-gulf-shores|2023-05-01|0.0|0.0|0|129.64|36.27|21
united-states|alabama-gulf-shores|2023-04-01|0.0|0.0|0|137.71|29.86|22
united-states|alabama-gulf-shores|2023-03-01|0.0|0.0|0|113.61|34.11|20
united-states|alabama-gulf-shores|2023-02-01|0.0|0.0|0|158.49|34.76|21
united-states|alabama-gulf-shores|2023-01-01|0.0|0.0|0|128.07|29.29|20
united-states|alabama-gulf-shores|2022-12-01|0.0|0.0|0|124.92|30.16|21
united-states|alabama-gulf-shores|2022-11-01|0.0|0.0|0|126.14|28.18|21
united-states|alabama-gulf-shores|2022-10-01|0.0|0.0|0|101.27|24.54|21
united-states|alabama-gulf-shores|2022-09-01|0.0|0.0|0|113.58|23.45|21
united-states|alabama-gulf-shores|2022-08-01|0.0|0.0|0|149.4|31.16|21
united-states|alabama-gulf-shores|2022-07-01|0.0|0.0|0|130.1|18.37|22
united-states|alabama-guntersville|2023-07-01|0.0|0.0|0|186.8|11.47|23
united-states|alabama-guntersville|2023-06-01|0.0|0.0|0|190.21|11.42|23
united-states|alabama-guntersville|2023-05-01|0.0|0.0|0|162.35|11.43|24
united-states|alabama-guntersville|2023-04-01|0.0|0.0|0|196.74|11.57|23
united-states|alabama-guntersville|2023-03-01|0.0|0.0|0|188.26|11.62|24
united-states|alabama-guntersville|2023-02-01|0.0|0.0|0|140.16|11.42|23
united-states|alabama-guntersville|2023-01-01|0.0|0.0|0|175.4|11.32|24
united-states|alabama-guntersville|2022-12-01|0.0|0.0|0|171.47|11.35|24
united-states|alabama-guntersville|2022-11-01|0.0|0.0|0|180.11|11.52|23
united-states|alabama-guntersville|2022-10-01|0.0|0.0|0|202.16|11.33|23
united-states|alabama-guntersville|2022-09-01|0.0|0.0|0|170.6|11.35|23
united-states|alabama-guntersville|2022-08-01|0.0|0.0|0|158.79|11.37|23
united-states|alabama-guntersville|2022-07-01|0.0|0.0|0|133.13|11.38|23
united-states|alabama-helena|2023-07-01|0.0|0.0|0|272.57|22.51|15
united-states|alabama-helena|2023-06-01|0.0|0.0|0|296.14|25.9|14
united-states|alabama-helena|2023-05-01|0.0|0.0|0|262.35|22.91|15
united-states|alabama-helena|2023-04-01|0.0|0.0|0|256.11|25.88|15
united-states|alabama-helena|2023-03-01|0.0|0.0|0|231.51|22.94|15
united-states|alabama-helena|2023-02-01|0.0|0.0|0|228.72|22.93|16
united-states|alabama-helena|2023-01-01|0.0|0.0|0|260.82|22.92|16
united-states|alabama-helena|2022-12-01|0.0|0.0|0|247.21|23.67|16
united-states|alabama-helena|2022-11-01|0.0|0.0|0|274.15|22.1|16
united-states|alabama-helena|2022-10-01|0.0|0.0|0|260.25|22.42|15
united-states|alabama-helena|2022-09-01|0.0|0.0|0|240.67|22.1|15
united-states|alabama-helena|2022-08-01|0.0|0.0|0|264.33|22.05|16
united-states|alabama-helena|2022-07-01|0.0|0.0|0|250.12|22.04|15
united-states|alabama-homewood|2023-07-01|0.0|0.0|0|215.99|21.46|16
united-states|alabama-homewood|2023-06-01|0.0|0.0|0|214.83|21.98|16
united-states|alabama-homewood|2023-05-01|0.0|0.0|0|208.98|22.54|16
united-states|alabama-homewood|2023-04-01|0.0|0.0|0|171.62|21.44|17
united-states|alabama-homewood|2023-03-01|0.0|0.0|0|144.47|22.19|17
united-states|alabama-homewood|2023-02-01|0.0|0.0|0|157.18|22.21|16
united-states|alabama-homewood|2023-01-01|0.0|0.0|0|184.96|31.67|17
united-states|alabama-homewood|2022-12-01|0.0|0.0|0|228.47|22.71|17
united-states|alabama-homewood|2022-11-01|0.0|0.0|0|205.77|23.56|16
united-states|alabama-homewood|2022-10-01|0.0|0.0|0|188.89|23.09|16
united-states|alabama-homewood|2022-09-01|0.0|0.0|0|189.97|32.74|16
united-states|alabama-homewood|2022-08-01|0.0|0.0|0|167.78|30.58|17
united-states|alabama-homewood|2022-07-01|0.0|0.0|0|190.19|23.11|16
united-states|alabama-hoover|2023-07-01|171.53|11.71|23|238.33|21.99|16
united-states|alabama-hoover|2023-06-01|137.13|13.5|24|216.7|21.39|16
united-states|alabama-hoover|2023-05-01|154.95|14.98|24|215.32|21.07|17
united-states|alabama-hoover|2023-04-01|171.48|14.78|21|230.3|21.52|17
united-states|alabama-hoover|2023-03-01|157.08|15.81|21|224.34|21.45|17
united-states|alabama-hoover|2023-02-01|168.6|15.53|20|222.02|21.8|17
united-states|alabama-hoover|2023-01-01|143.2|13.01|23|220.35|21.92|17
united-states|alabama-hoover|2022-12-01|133.8|14.44|23|214.06|21.26|17
united-states|alabama-hoover|2022-11-01|151.7|15.83|21|218.91|21.17|17
united-states|alabama-hoover|2022-10-01|138.16|15.24|24|208.96|21.42|16
united-states|alabama-hoover|2022-09-01|127.14|14.61|23|202.07|21.51|16
united-states|alabama-hoover|2022-08-01|132.5|13.2|24|206.82|21.03|16
united-states|alabama-hoover|2022-07-01|134.6|14.65|24|199.48|20.84|17
united-states|alabama-huntsville|2023-07-01|111.68|9.82|33|258.63|138.22|9
united-states|alabama-huntsville|2023-06-01|108.6|10.91|33|253.37|149.08|9
united-states|alabama-huntsville|2023-05-01|111.96|11.64|32|238.74|118.9|10
united-states|alabama-huntsville|2023-04-01|117.57|13.01|31|236.31|105.86|10
united-states|alabama-huntsville|2023-03-01|85.96|11.83|34|238.98|105.61|11
united-states|alabama-huntsville|2023-02-01|57.53|11.48|37|239.34|91.49|13
united-states|alabama-huntsville|2023-01-01|64.74|11.42|37|246.97|108.44|12
united-states|alabama-huntsville|2022-12-01|52.87|9.15|38|229.93|92.86|13
united-states|alabama-huntsville|2022-11-01|50.98|10.44|37|226.1|99.4|13
united-states|alabama-huntsville|2022-10-01|58.34|9.53|39|222.48|86.3|12
united-states|alabama-huntsville|2022-09-01|60.3|10.23|39|209.92|82.62|12
united-states|alabama-huntsville|2022-08-01|61.17|9.35|38|212.16|84.74|12
united-states|alabama-huntsville|2022-07-01|50.9|8.18|39|218.35|90.87|11
united-states|alabama-irondale|2023-07-01|0.0|0.0|0|303.84|45.62|11
united-states|alabama-irondale|2023-06-01|0.0|0.0|0|299.74|91.2|10
united-states|alabama-irondale|2023-05-01|0.0|0.0|0|207.87|38.34|12
united-states|alabama-irondale|2023-04-01|0.0|0.0|0|253.96|89.66|11
united-states|alabama-irondale|2023-03-01|0.0|0.0|0|220.09|29.94|13
united-states|alabama-irondale|2023-02-01|0.0|0.0|0|282.63|93.68|12
united-states|alabama-irondale|2023-01-01|0.0|0.0|0|222.37|30.73|15
united-states|alabama-irondale|2022-12-01|0.0|0.0|0|201.01|57.64|16
united-states|alabama-irondale|2022-11-01|0.0|0.0|0|220.2|39.94|15
united-states|alabama-irondale|2022-10-01|0.0|0.0|0|196.88|39.28|14
united-states|alabama-irondale|2022-09-01|0.0|0.0|0|194.06|35.91|13
united-states|alabama-irondale|2022-08-01|0.0|0.0|0|204.52|52.64|14
united-states|alabama-irondale|2022-07-01|0.0|0.0|0|169.2|23.46|15
united-states|alabama-jasper|2023-07-01|0.0|0.0|0|265.52|20.99|19
united-states|alabama-jasper|2023-06-01|0.0|0.0|0|235.26|19.88|20
united-states|alabama-jasper|2023-05-01|0.0|0.0|0|216.74|17.63|20
united-states|alabama-jasper|2023-04-01|0.0|0.0|0|204.16|19.33|20
united-states|alabama-jasper|2023-03-01|0.0|0.0|0|189.42|19.51|20
united-states|alabama-jasper|2023-02-01|0.0|0.0|0|203.31|18.74|20
united-states|alabama-jasper|2023-01-01|0.0|0.0|0|194.05|17.78|21
united-states|alabama-jasper|2022-12-01|0.0|0.0|0|229.61|19.63|21
united-states|alabama-jasper|2022-11-01|0.0|0.0|0|187.88|11.54|21
united-states|alabama-jasper|2022-10-01|0.0|0.0|0|187.63|18.54|19
united-states|alabama-jasper|2022-09-01|0.0|0.0|0|174.7|11.68|20
united-states|alabama-jasper|2022-08-01|0.0|0.0|0|200.56|12.56|20
united-states|alabama-jasper|2022-07-01|0.0|0.0|0|135.14|11.56|20
united-states|alabama-leeds|2023-07-01|0.0|0.0|0|262.55|14.29|18
united-states|alabama-leeds|2023-06-01|0.0|0.0|0|221.08|14.91|19
united-states|alabama-leeds|2023-05-01|0.0|0.0|0|189.58|13.79|19
united-states|alabama-leeds|2023-04-01|0.0|0.0|0|203.05|19.99|18
united-states|alabama-leeds|2023-03-01|0.0|0.0|0|253.62|11.55|19
united-states|alabama-leeds|2023-02-01|0.0|0.0|0|201.78|11.46|19
united-states|alabama-leeds|2023-01-01|0.0|0.0|0|146.52|11.48|19
united-states|alabama-leeds|2022-12-01|0.0|0.0|0|228.78|11.59|19
united-states|alabama-leeds|2022-11-01|0.0|0.0|0|163.2|11.41|24
united-states|alabama-leeds|2022-10-01|0.0|0.0|0|219.61|11.38|27
united-states|alabama-leeds|2022-09-01|0.0|0.0|0|183.51|11.43|27
united-states|alabama-leeds|2022-08-01|0.0|0.0|0|173.89|11.33|26
united-states|alabama-leeds|2022-07-01|0.0|0.0|0|193.99|11.44|27
united-states|alabama-madison|2023-07-01|0.0|0.0|0|204.32|45.43|22
united-states|alabama-madison|2023-06-01|0.0|0.0|0|198.04|42.93|22
united-states|alabama-madison|2023-05-01|0.0|0.0|0|208.43|45.13|22
united-states|alabama-madison|2023-04-01|0.0|0.0|0|197.23|40.72|22
united-states|alabama-madison|2023-03-01|0.0|0.0|0|196.48|37.76|22
united-states|alabama-madison|2023-02-01|0.0|0.0|0|197.37|17.06|27
united-states|alabama-madison|2023-01-01|0.0|0.0|0|198.45|42.91|25
united-states|alabama-madison|2022-12-01|0.0|0.0|0|196.12|42.67|25
united-states|alabama-madison|2022-11-01|0.0|0.0|0|195.37|39.17|23
united-states|alabama-madison|2022-10-01|0.0|0.0|0|196.22|39.86|23
united-states|alabama-madison|2022-09-01|0.0|0.0|0|196.4|40.52|23
united-states|alabama-madison|2022-08-01|0.0|0.0|0|188.51|40.22|22
united-states|alabama-madison|2022-07-01|0.0|0.0|0|181.63|35.63|23
united-states|alabama-meadowbrook|2023-07-01|0.0|0.0|0|266.68|20.25|17
united-states|alabama-meadowbrook|2023-06-01|0.0|0.0|0|140.56|22.51|16
united-states|alabama-meadowbrook|2023-05-01|0.0|0.0|0|227.95|20.41|17
united-states|alabama-meadowbrook|2023-04-01|0.0|0.0|0|185.02|19.36|18
united-states|alabama-meadowbrook|2023-03-01|0.0|0.0|0|198.77|16.13|19
united-states|alabama-meadowbrook|2023-02-01|0.0|0.0|0|145.96|18.89|18
united-states|alabama-meadowbrook|2023-01-01|0.0|0.0|0|147.98|17.49|19
united-states|alabama-meadowbrook|2022-12-01|0.0|0.0|0|175.72|18.48|18
united-states|alabama-meadowbrook|2022-11-01|0.0|0.0|0|212.22|19.35|19
united-states|alabama-meadowbrook|2022-10-01|0.0|0.0|0|188.65|17.32|18
united-states|alabama-meadowbrook|2022-09-01|0.0|0.0|0|197.9|16.38|17
united-states|alabama-meadowbrook|2022-08-01|0.0|0.0|0|141.92|14.73|18
united-states|alabama-meadowbrook|2022-07-01|0.0|0.0|0|131.27|11.43|18
united-states|alabama-meridianville|2023-07-01|0.0|0.0|0|303.86|180.49|17
united-states|alabama-meridianville|2023-06-01|0.0|0.0|0|230.53|153.56|18
united-states|alabama-meridianville|2023-05-01|0.0|0.0|0|248.74|115.93|17
united-states|alabama-meridianville|2023-04-01|0.0|0.0|0|283.03|158.65|17
united-states|alabama-meridianville|2023-03-01|0.0|0.0|0|256.48|179.48|19
united-states|alabama-meridianville|2023-02-01|0.0|0.0|0|262.88|159.68|18
united-states|alabama-meridianville|2023-01-01|0.0|0.0|0|313.25|190.06|19
united-states|alabama-meridianville|2022-12-01|0.0|0.0|0|363.03|259.3|19
united-states|alabama-meridianville|2022-11-01|0.0|0.0|0|332.79|171.82|14
united-states|alabama-meridianville|2022-10-01|0.0|0.0|0|315.53|173.4|13
united-states|alabama-meridianville|2022-09-01|0.0|0.0|0|313.34|209.78|12
united-states|alabama-meridianville|2022-08-01|0.0|0.0|0|301.34|213.29|13
united-states|alabama-meridianville|2022-07-01|0.0|0.0|0|295.03|183.58|12
united-states|alabama-millbrook|2023-07-01|0.0|0.0|0|317.51|21.61|11
united-states|alabama-millbrook|2023-06-01|0.0|0.0|0|252.71|16.32|10
united-states|alabama-millbrook|2023-05-01|0.0|0.0|0|271.65|16.99|10
united-states|alabama-millbrook|2023-04-01|0.0|0.0|0|271.82|20.42|11
united-states|alabama-millbrook|2023-03-01|0.0|0.0|0|246.91|19.83|10
united-states|alabama-millbrook|2023-02-01|0.0|0.0|0|237.13|18.23|16
united-states|alabama-millbrook|2023-01-01|0.0|0.0|0|231.64|18.88|21
united-states|alabama-millbrook|2022-12-01|0.0|0.0|0|292.98|19.35|21
united-states|alabama-millbrook|2022-11-01|0.0|0.0|0|273.57|22.12|23
united-states|alabama-millbrook|2022-10-01|0.0|0.0|0|263.85|20.76|23
united-states|alabama-millbrook|2022-09-01|0.0|0.0|0|251.9|14.53|24
united-states|alabama-millbrook|2022-08-01|0.0|0.0|0|204.5|11.76|24
united-states|alabama-millbrook|2022-07-01|0.0|0.0|0|165.81|11.82|25
united-states|alabama-mobile|2023-07-01|57.65|9.3|39|230.11|23.92|15
united-states|alabama-mobile|2023-06-01|66.78|10.88|33|199.5|23.92|16
united-states|alabama-mobile|2023-05-01|75.88|10.54|33|196.81|24.9|16
united-states|alabama-mobile|2023-04-01|67.07|11.05|39|204.08|25.08|17
united-states|alabama-mobile|2023-03-01|81.3|11.5|41|201.17|23.83|17
united-states|alabama-mobile|2023-02-01|80.98|12.11|40|218.14|23.75|17
united-states|alabama-mobile|2023-01-01|80.82|12.76|40|222.84|23.74|16
united-states|alabama-mobile|2022-12-01|79.86|12.68|41|219.61|23.58|16
united-states|alabama-mobile|2022-11-01|59.28|9.78|41|201.09|23.54|16
united-states|alabama-mobile|2022-10-01|65.72|9.73|40|182.76|23.4|16
united-states|alabama-mobile|2022-09-01|54.15|8.93|41|171.76|23.66|16
united-states|alabama-mobile|2022-08-01|54.5|8.22|42|171.28|23.71|17
united-states|alabama-mobile|2022-07-01|49.54|8.96|39|156.6|23.54|16
united-states|alabama-montgomery|2023-07-01|69.07|9.64|28|198.73|21.39|23
united-states|alabama-montgomery|2023-06-01|68.28|11.0|28|188.11|21.29|23
united-states|alabama-montgomery|2023-05-01|48.56|10.65|29|180.64|20.85|23
united-states|alabama-montgomery|2023-04-01|56.29|14.15|27|178.59|21.24|23
united-states|alabama-montgomery|2023-03-01|65.58|11.85|28|183.62|21.79|22
united-states|alabama-montgomery|2023-02-01|67.64|11.75|27|183.8|22.05|22
united-states|alabama-montgomery|2023-01-01|62.4|11.25|29|184.4|20.83|23
united-states|alabama-montgomery|2022-12-01|61.62|12.19|29|164.64|19.52|23
united-states|alabama-montgomery|2022-11-01|63.76|13.24|29|165.28|19.93|23
united-states|alabama-montgomery|2022-10-01|47.39|9.95|32|176.42|19.87|22
united-states|alabama-montgomery|2022-09-01|41.9|8.09|33|170.03|20.39|23
united-states|alabama-montgomery|2022-08-01|41.86|9.81|33|155.92|19.14|22
united-states|alabama-montgomery|2022-07-01|36.78|7.52|31|161.02|19.71|22
united-states|alabama-moody|2023-07-01|0.0|0.0|0|235.98|21.06|18
united-states|alabama-moody|2023-06-01|0.0|0.0|0|231.98|20.28|18
united-states|alabama-moody|2023-05-01|0.0|0.0|0|187.99|18.78|19
united-states|alabama-moody|2023-04-01|0.0|0.0|0|193.66|18.98|20
united-states|alabama-moody|2023-03-01|0.0|0.0|0|188.72|20.58|23
united-states|alabama-moody|2023-02-01|0.0|0.0|0|168.86|20.24|23
united-states|alabama-moody|2023-01-01|0.0|0.0|0|142.67|17.74|23
united-states|alabama-moody|2022-12-01|0.0|0.0|0|146.94|20.01|21
united-states|alabama-moody|2022-11-01|0.0|0.0|0|165.18|20.53|25
united-states|alabama-moody|2022-10-01|0.0|0.0|0|145.98|17.18|26
united-states|alabama-moody|2022-09-01|0.0|0.0|0|155.42|19.0|26
united-states|alabama-moody|2022-08-01|0.0|0.0|0|195.6|19.84|26
united-states|alabama-moody|2022-07-01|0.0|0.0|0|167.3|18.97|26
united-states|alabama-mountain-brook|2023-07-01|0.0|0.0|0|230.82|22.17|16
united-states|alabama-mountain-brook|2023-06-01|0.0|0.0|0|235.73|22.72|15
united-states|alabama-mountain-brook|2023-05-01|0.0|0.0|0|199.02|22.23|15
united-states|alabama-mountain-brook|2023-04-01|0.0|0.0|0|196.61|22.26|16
united-states|alabama-mountain-brook|2023-03-01|0.0|0.0|0|180.13|22.19|16
united-states|alabama-mountain-brook|2023-02-01|0.0|0.0|0|206.75|21.44|16
united-states|alabama-mountain-brook|2023-01-01|0.0|0.0|0|216.82|23.02|17
united-states|alabama-mountain-brook|2022-12-01|0.0|0.0|0|186.6|21.37|17
united-states|alabama-mountain-brook|2022-11-01|0.0|0.0|0|198.38|20.97|17
united-states|alabama-mountain-brook|2022-10-01|0.0|0.0|0|178.74|20.54|16
united-states|alabama-mountain-brook|2022-09-01|0.0|0.0|0|187.86|21.14|16
united-states|alabama-mountain-brook|2022-08-01|0.0|0.0|0|193.51|20.8|16
united-states|alabama-mountain-brook|2022-07-01|0.0|0.0|0|185.57|20.73|16
united-states|alabama-muscle-shoals|2023-07-01|0.0|0.0|0|175.83|21.08|28
united-states|alabama-muscle-shoals|2023-06-01|0.0|0.0|0|196.49|22.24|26
united-states|alabama-muscle-shoals|2023-05-01|0.0|0.0|0|226.29|23.55|26
united-states|alabama-muscle-shoals|2023-04-01|0.0|0.0|0|159.23|16.29|28
united-states|alabama-muscle-shoals|2023-03-01|0.0|0.0|0|198.23|23.4|27
united-states|alabama-muscle-shoals|2023-02-01|0.0|0.0|0|207.86|19.98|29
united-states|alabama-muscle-shoals|2023-01-01|0.0|0.0|0|152.54|21.9|29
united-states|alabama-muscle-shoals|2022-12-01|0.0|0.0|0|140.9|19.9|31
united-states|alabama-muscle-shoals|2022-11-01|0.0|0.0|0|153.32|19.93|28
united-states|alabama-muscle-shoals|2022-10-01|0.0|0.0|0|187.76|17.05|27
united-states|alabama-muscle-shoals|2022-09-01|0.0|0.0|0|157.54|17.17|27
united-states|alabama-muscle-shoals|2022-08-01|0.0|0.0|0|136.58|14.81|27
united-states|alabama-muscle-shoals|2022-07-01|0.0|0.0|0|177.62|15.24|27
united-states|alabama-northport|2023-07-01|0.0|0.0|0|291.0|22.84|19
united-states|alabama-northport|2023-06-01|0.0|0.0|0|258.53|23.53|19
united-states|alabama-northport|2023-05-01|0.0|0.0|0|254.33|23.12|19
united-states|alabama-northport|2023-04-01|0.0|0.0|0|253.28|23.28|22
united-states|alabama-northport|2023-03-01|0.0|0.0|0|236.24|22.92|23
united-states|alabama-northport|2023-02-01|0.0|0.0|0|234.95|22.2|23
united-states|alabama-northport|2023-01-01|0.0|0.0|0|237.61|22.85|24
united-states|alabama-northport|2022-12-01|0.0|0.0|0|254.86|23.42|24
united-states|alabama-northport|2022-11-01|0.0|0.0|0|246.15|23.25|23
united-states|alabama-northport|2022-10-01|0.0|0.0|0|253.48|23.56|23
united-states|alabama-northport|2022-09-01|0.0|0.0|0|233.47|23.37|23
united-states|alabama-northport|2022-08-01|0.0|0.0|0|165.93|21.98|24
united-states|alabama-northport|2022-07-01|0.0|0.0|0|200.69|23.28|23
united-states|alabama-odenville|2023-07-01|0.0|0.0|0|38.11|10.52|22
united-states|alabama-odenville|2023-06-01|0.0|0.0|0|42.56|8.43|22
united-states|alabama-odenville|2023-05-01|0.0|0.0|0|51.28|14.43|22
united-states|alabama-odenville|2023-04-01|0.0|0.0|0|55.72|11.52|20
united-states|alabama-odenville|2023-03-01|0.0|0.0|0|53.7|12.78|24
united-states|alabama-odenville|2023-02-01|0.0|0.0|0|42.09|9.1|25
united-states|alabama-odenville|2023-01-01|0.0|0.0|0|41.32|9.12|25
united-states|alabama-odenville|2022-12-01|0.0|0.0|0|40.44|8.85|25
united-states|alabama-odenville|2022-11-01|0.0|0.0|0|50.02|10.81|25
united-states|alabama-odenville|2022-10-01|0.0|0.0|0|46.22|8.44|25
united-states|alabama-odenville|2022-09-01|0.0|0.0|0|38.88|8.39|26
united-states|alabama-odenville|2022-08-01|0.0|0.0|0|39.99|8.35|26
united-states|alabama-odenville|2022-07-01|0.0|0.0|0|30.22|5.82|25
united-states|alabama-oneonta|2023-07-01|0.0|0.0|0|120.95|20.14|11
united-states|alabama-oneonta|2023-06-01|0.0|0.0|0|110.79|17.61|10
united-states|alabama-oneonta|2023-05-01|0.0|0.0|0|127.0|19.88|10
united-states|alabama-oneonta|2023-04-01|0.0|0.0|0|115.42|19.37|10
united-states|alabama-oneonta|2023-03-01|0.0|0.0|0|101.57|16.73|11
united-states|alabama-oneonta|2023-02-01|0.0|0.0|0|118.48|16.4|10
united-states|alabama-oneonta|2023-01-01|0.0|0.0|0|129.84|17.02|10
united-states|alabama-oneonta|2022-12-01|0.0|0.0|0|123.06|17.59|10
united-states|alabama-oneonta|2022-11-01|0.0|0.0|0|117.67|17.56|10
united-states|alabama-oneonta|2022-10-01|0.0|0.0|0|119.19|13.56|10
united-states|alabama-oneonta|2022-09-01|0.0|0.0|0|118.46|19.25|10
united-states|alabama-oneonta|2022-08-01|0.0|0.0|0|119.43|19.74|10
united-states|alabama-oneonta|2022-07-01|0.0|0.0|0|90.95|18.96|10
united-states|alabama-opelika|2023-07-01|0.0|0.0|0|207.06|39.85|10
united-states|alabama-opelika|2023-06-01|0.0|0.0|0|215.03|93.8|8
united-states|alabama-opelika|2023-05-01|0.0|0.0|0|190.31|62.7|10
united-states|alabama-opelika|2023-04-01|0.0|0.0|0|236.92|65.71|10
united-states|alabama-opelika|2023-03-01|0.0|0.0|0|197.11|58.68|10
united-states|alabama-opelika|2023-02-01|0.0|0.0|0|196.64|85.25|9
united-states|alabama-opelika|2023-01-01|0.0|0.0|0|187.36|61.7|11
united-states|alabama-opelika|2022-12-01|0.0|0.0|0|168.78|71.73|11
united-states|alabama-opelika|2022-11-01|0.0|0.0|0|182.1|59.4|16
united-states|alabama-opelika|2022-10-01|0.0|0.0|0|161.25|57.23|20
united-states|alabama-opelika|2022-09-01|0.0|0.0|0|192.76|48.43|19
united-states|alabama-opelika|2022-08-01|0.0|0.0|0|158.3|43.1|22
united-states|alabama-opelika|2022-07-01|0.0|0.0|0|155.18|39.81|27
united-states|alabama-orange-beach|2023-07-01|0.0|0.0|0|112.23|64.64|14
united-states|alabama-orange-beach|2023-06-01|0.0|0.0|0|118.46|64.2|15
united-states|alabama-orange-beach|2023-05-01|0.0|0.0|0|127.17|63.34|15
united-states|alabama-orange-beach|2023-04-01|0.0|0.0|0|121.16|72.02|14
united-states|alabama-orange-beach|2023-03-01|0.0|0.0|0|121.72|83.83|13
united-states|alabama-orange-beach|2023-02-01|0.0|0.0|0|132.39|86.76|10
united-states|alabama-orange-beach|2023-01-01|0.0|0.0|0|134.47|73.76|13
united-states|alabama-orange-beach|2022-12-01|0.0|0.0|0|180.37|60.69|14
united-states|alabama-orange-beach|2022-11-01|0.0|0.0|0|135.02|57.24|14
united-states|alabama-orange-beach|2022-10-01|0.0|0.0|0|128.44|62.28|14
united-states|alabama-orange-beach|2022-09-01|0.0|0.0|0|122.66|80.65|13
united-states|alabama-orange-beach|2022-08-01|0.0|0.0|0|145.98|71.9|13
united-states|alabama-orange-beach|2022-07-01|0.0|0.0|0|95.72|46.21|16
united-states|alabama-pelham|2023-07-01|0.0|0.0|0|234.23|20.8|16
united-states|alabama-pelham|2023-06-01|0.0|0.0|0|245.38|19.88|17
united-states|alabama-pelham|2023-05-01|0.0|0.0|0|236.47|20.42|16
united-states|alabama-pelham|2023-04-01|0.0|0.0|0|243.12|21.08|16
united-states|alabama-pelham|2023-03-01|0.0|0.0|0|224.09|21.03|17
united-states|alabama-pelham|2023-02-01|0.0|0.0|0|233.84|21.12|17
united-states|alabama-pelham|2023-01-01|0.0|0.0|0|217.53|20.07|18
united-states|alabama-pelham|2022-12-01|0.0|0.0|0|193.01|18.11|18
united-states|alabama-pelham|2022-11-01|0.0|0.0|0|231.73|20.5|18
united-states|alabama-pelham|2022-10-01|0.0|0.0|0|185.64|19.69|17
united-states|alabama-pelham|2022-09-01|0.0|0.0|0|184.97|20.22|16
united-states|alabama-pelham|2022-08-01|0.0|0.0|0|200.2|19.64|17
united-states|alabama-pelham|2022-07-01|0.0|0.0|0|175.18|17.71|17
united-states|alabama-pell-city|2023-07-01|0.0|0.0|0|99.29|13.78|22
united-states|alabama-pell-city|2023-06-01|0.0|0.0|0|94.37|10.8|23
united-states|alabama-pell-city|2023-05-01|0.0|0.0|0|101.81|10.35|25
united-states|alabama-pell-city|2023-04-01|0.0|0.0|0|102.98|14.71|25
united-states|alabama-pell-city|2023-03-01|0.0|0.0|0|104.8|13.01|24
united-states|alabama-pell-city|2023-02-01|0.0|0.0|0|102.44|13.52|24
united-states|alabama-pell-city|2023-01-01|0.0|0.0|0|94.06|12.7|30
united-states|alabama-pell-city|2022-12-01|0.0|0.0|0|90.47|10.29|26
united-states|alabama-pell-city|2022-11-01|0.0|0.0|0|103.17|13.23|26
united-states|alabama-pell-city|2022-10-01|0.0|0.0|0|84.95|10.16|25
united-states|alabama-pell-city|2022-09-01|0.0|0.0|0|87.89|10.46|24
united-states|alabama-pell-city|2022-08-01|0.0|0.0|0|76.07|10.26|27
united-states|alabama-pell-city|2022-07-01|0.0|0.0|0|89.26|10.37|26
united-states|alabama-phenix-city|2023-07-01|0.0|0.0|0|146.45|28.25|15
united-states|alabama-phenix-city|2023-06-01|0.0|0.0|0|167.15|28.52|14
united-states|alabama-phenix-city|2023-05-01|0.0|0.0|0|179.95|36.41|14
united-states|alabama-phenix-city|2023-04-01|0.0|0.0|0|184.23|38.21|14
united-states|alabama-phenix-city|2023-03-01|0.0|0.0|0|138.09|27.11|16
united-states|alabama-phenix-city|2023-02-01|0.0|0.0|0|186.29|30.22|17
united-states|alabama-phenix-city|2023-01-01|0.0|0.0|0|150.93|31.71|18
united-states|alabama-phenix-city|2022-12-01|0.0|0.0|0|149.01|26.75|18
united-states|alabama-phenix-city|2022-11-01|0.0|0.0|0|164.65|36.48|17
united-states|alabama-phenix-city|2022-10-01|0.0|0.0|0|171.04|26.26|16
united-states|alabama-phenix-city|2022-09-01|0.0|0.0|0|97.74|22.44|16
united-states|alabama-phenix-city|2022-08-01|0.0|0.0|0|93.77|29.31|19
united-states|alabama-phenix-city|2022-07-01|0.0|0.0|0|104.35|22.58|16
united-states|alabama-prattville|2023-07-01|0.0|0.0|0|294.06|35.45|22
united-states|alabama-prattville|2023-06-01|0.0|0.0|0|221.18|24.86|23
united-states|alabama-prattville|2023-05-01|0.0|0.0|0|220.19|23.43|22
united-states|alabama-prattville|2023-04-01|0.0|0.0|0|240.14|27.72|21
united-states|alabama-prattville|2023-03-01|0.0|0.0|0|200.46|23.25|22
united-states|alabama-prattville|2023-02-01|0.0|0.0|0|216.58|31.28|21
united-states|alabama-prattville|2023-01-01|0.0|0.0|0|208.76|22.59|22
united-states|alabama-prattville|2022-12-01|0.0|0.0|0|225.77|22.42|22
united-states|alabama-prattville|2022-11-01|0.0|0.0|0|233.92|22.52|22
united-states|alabama-prattville|2022-10-01|0.0|0.0|0|201.85|22.47|21
united-states|alabama-prattville|2022-09-01|0.0|0.0|0|214.28|22.78|21
united-states|alabama-prattville|2022-08-01|0.0|0.0|0|193.13|22.28|22
united-states|alabama-prattville|2022-07-01|0.0|0.0|0|199.87|22.32|22
united-states|alabama-saraland|2023-07-01|0.0|0.0|0|198.52|23.38|15
united-states|alabama-saraland|2023-06-01|0.0|0.0|0|249.07|23.5|16
united-states|alabama-saraland|2023-05-01|0.0|0.0|0|229.89|23.65|16
united-states|alabama-saraland|2023-04-01|0.0|0.0|0|230.72|23.4|17
united-states|alabama-saraland|2023-03-01|0.0|0.0|0|178.48|22.71|17
united-states|alabama-saraland|2023-02-01|0.0|0.0|0|173.7|23.06|17
united-states|alabama-saraland|2023-01-01|0.0|0.0|0|165.75|23.44|17
united-states|alabama-saraland|2022-12-01|0.0|0.0|0|216.4|23.7|17
united-states|alabama-saraland|2022-11-01|0.0|0.0|0|234.03|23.44|17
united-states|alabama-saraland|2022-10-01|0.0|0.0|0|214.54|22.63|16
united-states|alabama-saraland|2022-09-01|0.0|0.0|0|199.42|23.1|16
united-states|alabama-saraland|2022-08-01|0.0|0.0|0|166.03|20.63|18
united-states|alabama-saraland|2022-07-01|0.0|0.0|0|122.73|22.68|17
united-states|alabama-scottsboro|2023-07-01|0.0|0.0|0|95.34|53.59|4
united-states|alabama-scottsboro|2023-06-01|0.0|0.0|0|94.52|71.86|4
united-states|alabama-scottsboro|2023-05-01|0.0|0.0|0|92.45|41.91|6
united-states|alabama-scottsboro|2023-04-01|0.0|0.0|0|91.76|48.68|5
united-states|alabama-scottsboro|2023-03-01|0.0|0.0|0|95.42|67.54|4
united-states|alabama-scottsboro|2023-02-01|0.0|0.0|0|94.65|55.64|5
united-states|alabama-scottsboro|2023-01-01|0.0|0.0|0|95.75|44.0|5
united-states|alabama-scottsboro|2022-12-01|0.0|0.0|0|95.92|42.32|5
united-states|alabama-scottsboro|2022-11-01|0.0|0.0|0|95.29|58.37|5
united-states|alabama-scottsboro|2022-10-01|0.0|0.0|0|94.93|37.78|7
united-states|alabama-scottsboro|2022-09-01|0.0|0.0|0|90.04|22.45|8
united-states|alabama-scottsboro|2022-08-01|0.0|0.0|0|93.85|24.38|7
united-states|alabama-scottsboro|2022-07-01|0.0|0.0|0|88.93|22.38|9
united-states|alabama-tillmans-corner|2023-07-01|0.0|0.0|0|313.25|61.0|19
united-states|alabama-tillmans-corner|2023-06-01|0.0|0.0|0|260.57|55.56|21
united-states|alabama-tillmans-corner|2023-05-01|0.0|0.0|0|224.52|38.66|20
united-states|alabama-tillmans-corner|2023-04-01|0.0|0.0|0|204.94|38.61|21
united-states|alabama-tillmans-corner|2023-03-01|0.0|0.0|0|226.21|40.9|19
united-states|alabama-tillmans-corner|2023-02-01|0.0|0.0|0|221.99|38.58|20
united-states|alabama-tillmans-corner|2023-01-01|0.0|0.0|0|268.42|42.23|19
united-states|alabama-tillmans-corner|2022-12-01|0.0|0.0|0|204.92|33.64|20
united-states|alabama-tillmans-corner|2022-11-01|0.0|0.0|0|154.2|23.68|22
united-states|alabama-tillmans-corner|2022-10-01|0.0|0.0|0|201.4|38.43|21
united-states|alabama-tillmans-corner|2022-09-01|0.0|0.0|0|191.85|38.07|21
united-states|alabama-tillmans-corner|2022-08-01|0.0|0.0|0|240.62|39.2|21
united-states|alabama-tillmans-corner|2022-07-01|0.0|0.0|0|233.39|39.11|21
united-states|alabama-troy|2023-07-01|0.0|0.0|0|129.34|92.23|5
united-states|alabama-troy|2023-06-01|0.0|0.0|0|109.55|88.09|5
united-states|alabama-troy|2023-05-01|0.0|0.0|0|91.34|64.55|4
united-states|alabama-troy|2023-04-01|0.0|0.0|0|109.14|91.9|4
united-states|alabama-troy|2023-03-01|0.0|0.0|0|109.46|85.82|4
united-states|alabama-troy|2023-02-01|0.0|0.0|0|92.61|75.74|4
united-states|alabama-troy|2023-01-01|0.0|0.0|0|88.46|69.6|4
united-states|alabama-troy|2022-12-01|0.0|0.0|0|97.09|89.84|4
united-states|alabama-troy|2022-11-01|0.0|0.0|0|94.32|78.14|4
united-states|alabama-troy|2022-10-01|0.0|0.0|0|81.23|67.97|4
united-states|alabama-troy|2022-09-01|0.0|0.0|0|87.8|75.66|5
united-states|alabama-troy|2022-08-01|0.0|0.0|0|89.22|79.59|4
united-states|alabama-troy|2022-07-01|0.0|0.0|0|73.68|70.28|4
united-states|alabama-trussville|2023-07-01|0.0|0.0|0|205.06|12.06|24
united-states|alabama-trussville|2023-06-01|0.0|0.0|0|223.56|17.17|25
united-states|alabama-trussville|2023-05-01|0.0|0.0|0|240.6|16.41|24
united-states|alabama-trussville|2023-04-01|0.0|0.0|0|197.87|17.68|24
united-states|alabama-trussville|2023-03-01|0.0|0.0|0|219.06|18.5|24
united-states|alabama-trussville|2023-02-01|0.0|0.0|0|203.14|19.31|24
united-states|alabama-trussville|2023-01-01|0.0|0.0|0|187.69|15.96|25
united-states|alabama-trussville|2022-12-01|0.0|0.0|0|179.07|11.48|24
united-states|alabama-trussville|2022-11-01|0.0|0.0|0|157.33|11.36|26
united-states|alabama-trussville|2022-10-01|0.0|0.0|0|185.22|11.33|26
united-states|alabama-trussville|2022-09-01|0.0|0.0|0|165.87|11.3|26
united-states|alabama-trussville|2022-08-01|0.0|0.0|0|186.91|11.58|26
united-states|alabama-trussville|2022-07-01|0.0|0.0|0|176.69|11.34|27
united-states|alabama-tuscaloosa|2023-07-01|119.5|14.63|25|200.19|23.16|23
united-states|alabama-tuscaloosa|2023-06-01|131.76|13.62|26|186.53|23.45|23
united-states|alabama-tuscaloosa|2023-05-01|110.12|13.48|24|195.17|23.67|24
united-states|alabama-tuscaloosa|2023-04-01|105.96|11.59|23|213.85|23.53|23
united-states|alabama-tuscaloosa|2023-03-01|112.44|14.64|23|177.51|23.48|23
united-states|alabama-tuscaloosa|2023-02-01|78.92|11.25|22|198.14|23.74|23
united-states|alabama-tuscaloosa|2023-01-01|86.65|15.24|22|203.13|23.99|23
united-states|alabama-tuscaloosa|2022-12-01|95.8|15.1|22|193.25|23.09|24
united-states|alabama-tuscaloosa|2022-11-01|62.91|11.39|24|199.21|23.23|24
united-states|alabama-tuscaloosa|2022-10-01|69.05|10.71|26|179.48|23.5|23
united-states|alabama-tuscaloosa|2022-09-01|64.9|9.37|27|193.05|23.84|23
united-states|alabama-tuscaloosa|2022-08-01|76.06|11.85|26|194.06|23.99|21
united-states|alabama-tuscaloosa|2022-07-01|81.09|13.7|27|182.88|23.41|24
united-states|alabama-vestavia-hills|2023-07-01|87.52|5.56|30|224.55|21.96|16
united-states|alabama-vestavia-hills|2023-06-01|92.12|5.85|28|201.58|22.42|16
united-states|alabama-vestavia-hills|2023-05-01|91.34|7.93|28|195.39|21.44|16
united-states|alabama-vestavia-hills|2023-04-01|89.78|8.36|24|206.18|21.97|16
united-states|alabama-vestavia-hills|2023-03-01|82.18|7.36|27|180.99|21.36|17
united-states|alabama-vestavia-hills|2023-02-01|98.82|11.05|25|194.02|21.8|17
united-states|alabama-vestavia-hills|2023-01-01|100.54|9.51|26|220.44|21.94|17
united-states|alabama-vestavia-hills|2022-12-01|102.24|7.55|27|203.68|21.93|17
united-states|alabama-vestavia-hills|2022-11-01|77.36|7.14|26|206.04|20.78|17
united-states|alabama-vestavia-hills|2022-10-01|82.39|7.67|26|193.85|21.09|16
united-states|alabama-vestavia-hills|2022-09-01|83.13|8.08|25|196.85|21.5|16
united-states|alabama-vestavia-hills|2022-08-01|80.59|8.2|28|211.44|22.16|16
united-states|alabama-vestavia-hills|2022-07-01|81.08|7.42|27|198.97|22.05|16
united-states|alaska-anchorage|2023-07-01|46.31|9.2|54|170.33|23.52|10
united-states|alaska-anchorage|2023-06-01|46.59|9.3|59|183.22|26.87|10
united-states|alaska-anchorage|2023-05-01|51.64|8.47|54|171.45|28.03|10
united-states|alaska-anchorage|2023-04-01|57.22|10.38|54|178.77|32.68|10
united-states|alaska-anchorage|2023-03-01|54.4|12.47|51|154.53|28.54|10
united-states|alaska-anchorage|2023-02-01|49.93|12.04|50|165.52|33.05|10
united-states|alaska-anchorage|2023-01-01|56.0|11.69|50|179.96|35.68|10
united-states|alaska-anchorage|2022-12-01|54.74|12.64|52|183.02|33.86|10
united-states|alaska-anchorage|2022-11-01|55.11|11.4|52|180.88|33.99|10
united-states|alaska-anchorage|2022-10-01|56.2|10.14|52|168.06|31.56|10
united-states|alaska-anchorage|2022-09-01|52.79|9.6|54|144.88|29.61|10
united-states|alaska-anchorage|2022-08-01|39.51|8.34|59|117.96|23.78|10
united-states|alaska-anchorage|2022-07-01|46.25|8.26|57|105.61|19.89|10
united-states|alaska-college|2023-07-01|0.0|0.0|0|47.84|16.68|11
united-states|alaska-college|2023-06-01|0.0|0.0|0|48.82|16.08|15
united-states|alaska-college|2023-05-01|0.0|0.0|0|68.06|18.7|18
united-states|alaska-college|2023-04-01|0.0|0.0|0|73.44|19.32|18
united-states|alaska-college|2023-03-01|0.0|0.0|0|41.06|19.45|19
united-states|alaska-college|2023-02-01|0.0|0.0|0|47.98|17.78|18
united-states|alaska-college|2023-01-01|0.0|0.0|0|70.98|20.64|18
united-states|alaska-college|2022-12-01|0.0|0.0|0|69.9|20.02|19
united-states|alaska-college|2022-11-01|0.0|0.0|0|94.42|25.66|17
united-states|alaska-college|2022-10-01|0.0|0.0|0|76.07|19.54|17
united-states|alaska-college|2022-09-01|0.0|0.0|0|65.7|18.86|16
united-states|alaska-college|2022-08-01|0.0|0.0|0|59.56|19.17|17
united-states|alaska-college|2022-07-01|0.0|0.0|0|48.69|18.68|17
united-states|alaska-fairbanks|2023-07-01|0.0|0.0|0|146.29|32.2|9
united-states|alaska-fairbanks|2023-06-01|0.0|0.0|0|179.41|34.64|11
united-states|alaska-fairbanks|2023-05-01|0.0|0.0|0|142.18|27.32|16
united-states|alaska-fairbanks|2023-04-01|0.0|0.0|0|203.1|35.88|15
united-states|alaska-fairbanks|2023-03-01|0.0|0.0|0|189.31|38.48|15
united-states|alaska-fairbanks|2023-02-01|0.0|0.0|0|199.86|39.06|15
united-states|alaska-fairbanks|2023-01-01|0.0|0.0|0|220.13|38.36|15
united-states|alaska-fairbanks|2022-12-01|0.0|0.0|0|203.09|40.35|16
united-states|alaska-fairbanks|2022-11-01|0.0|0.0|0|159.46|39.72|16
united-states|alaska-fairbanks|2022-10-01|0.0|0.0|0|171.5|37.89|16
united-states|alaska-fairbanks|2022-09-01|0.0|0.0|0|149.47|34.43|16
united-states|alaska-fairbanks|2022-08-01|0.0|0.0|0|125.05|32.98|16
united-states|alaska-fairbanks|2022-07-01|0.0|0.0|0|115.52|26.8|15
united-states|alaska-juneau|2023-07-01|0.0|0.0|0|80.84|19.39|12
united-states|alaska-juneau|2023-06-01|0.0|0.0|0|78.27|19.27|12
united-states|alaska-juneau|2023-05-01|0.0|0.0|0|91.26|19.94|12
united-states|alaska-juneau|2023-04-01|0.0|0.0|0|108.53|19.61|25
united-states|alaska-juneau|2023-03-01|0.0|0.0|0|142.03|28.16|26
united-states|alaska-juneau|2023-02-01|0.0|0.0|0|92.96|27.05|14
united-states|alaska-juneau|2023-01-01|0.0|0.0|0|107.6|31.36|14
united-states|alaska-juneau|2022-12-01|0.0|0.0|0|140.21|32.24|13
united-states|alaska-juneau|2022-11-01|0.0|0.0|0|125.1|36.24|14
united-states|alaska-juneau|2022-10-01|0.0|0.0|0|125.5|35.46|13
united-states|alaska-juneau|2022-09-01|0.0|0.0|0|65.79|19.19|13
united-states|alaska-juneau|2022-08-01|0.0|0.0|0|52.29|17.6|13
united-states|alaska-juneau|2022-07-01|0.0|0.0|0|49.02|13.73|13
united-states|alaska-knik-fairview|2023-07-01|0.0|0.0|0|60.53|15.07|9
united-states|alaska-knik-fairview|2023-06-01|0.0|0.0|0|49.23|12.05|9
united-states|alaska-knik-fairview|2023-05-01|0.0|0.0|0|49.11|12.82|9
united-states|alaska-knik-fairview|2023-04-01|0.0|0.0|0|46.78|12.27|9
united-states|alaska-knik-fairview|2023-03-01|0.0|0.0|0|45.18|10.1|9
united-states|alaska-knik-fairview|2023-02-01|0.0|0.0|0|45.74|10.35|10
united-states|alaska-knik-fairview|2023-01-01|0.0|0.0|0|63.56|14.26|10
united-states|alaska-knik-fairview|2022-12-01|0.0|0.0|0|64.71|15.02|11
united-states|alaska-knik-fairview|2022-11-01|0.0|0.0|0|58.35|17.18|10
united-states|alaska-knik-fairview|2022-10-01|0.0|0.0|0|58.89|16.78|10
united-states|alaska-knik-fairview|2022-09-01|0.0|0.0|0|57.56|15.22|10
united-states|alaska-knik-fairview|2022-08-01|0.0|0.0|0|49.46|14.72|10
united-states|alaska-knik-fairview|2022-07-01|0.0|0.0|0|37.2|12.3|10
united-states|alaska-meadow-lakes|2023-07-01|0.0|0.0|0|31.19|7.99|10
united-states|alaska-meadow-lakes|2023-06-01|0.0|0.0|0|30.51|7.71|9
united-states|alaska-meadow-lakes|2023-05-01|0.0|0.0|0|34.61|7.92|9
united-states|alaska-meadow-lakes|2023-04-01|0.0|0.0|0|26.71|7.9|10
united-states|alaska-meadow-lakes|2023-03-01|0.0|0.0|0|37.31|8.22|9
united-states|alaska-meadow-lakes|2023-02-01|0.0|0.0|0|31.14|9.83|9
united-states|alaska-meadow-lakes|2023-01-01|0.0|0.0|0|31.2|8.0|10
united-states|alaska-meadow-lakes|2022-12-01|0.0|0.0|0|28.94|8.03|10
united-states|alaska-meadow-lakes|2022-11-01|0.0|0.0|0|37.03|12.78|10
united-states|alaska-meadow-lakes|2022-10-01|0.0|0.0|0|21.96|6.9|10
united-states|alaska-meadow-lakes|2022-09-01|0.0|0.0|0|38.07|9.92|10
united-states|alaska-meadow-lakes|2022-08-01|0.0|0.0|0|20.65|6.75|10
united-states|alaska-meadow-lakes|2022-07-01|0.0|0.0|0|24.56|7.92|9
united-states|alaska-wasilla|2023-07-01|0.0|0.0|0|168.66|30.5|9
united-states|alaska-wasilla|2023-06-01|0.0|0.0|0|214.22|41.01|9
united-states|alaska-wasilla|2023-05-01|0.0|0.0|0|126.86|20.43|9
united-states|alaska-wasilla|2023-04-01|0.0|0.0|0|111.49|23.46|8
united-states|alaska-wasilla|2023-03-01|0.0|0.0|0|73.94|19.68|9
united-states|alaska-wasilla|2023-02-01|0.0|0.0|0|80.04|19.58|9
united-states|alaska-wasilla|2023-01-01|0.0|0.0|0|110.08|19.87|11
united-states|alaska-wasilla|2022-12-01|0.0|0.0|0|111.54|26.08|10
united-states|alaska-wasilla|2022-11-01|0.0|0.0|0|153.63|38.77|10
united-states|alaska-wasilla|2022-10-01|0.0|0.0|0|156.43|39.78|10
united-states|alaska-wasilla|2022-09-01|0.0|0.0|0|138.65|39.24|9
united-states|alaska-wasilla|2022-08-01|0.0|0.0|0|160.11|46.2|9
united-states|alaska-wasilla|2022-07-01|0.0|0.0|0|112.26|34.03|9
